date,line,passengers,ticket_income,operation_cost,maintenance_cost
2025-01-24,1号线,22926.0,93166.23,58806.42,9857.77
2025-01-24,2号线,56256.0,214569.56,131162.58,36948.85
2025-01-24,3号线,70572.0,274875.54,175008.01,35850.43
2025-01-24,4号线,29255.0,,73455.56,23793.77
2025-01-24,5号线,79284.0,313555.91,200655.33,47479.72
2025-01-24,6号线,46264.0,184086.81,135499.22,26701.78
2025-01-24,7号线,20823.0,86060.02,58269.8,8743.41
2025-01-24,8号线,33437.0,126674.66,76876.03,
2025-01-24,9号线,67364.0,284168.19,200058.27,43952.59
2025-01-24,14号线,39700.0,150511.46,118201.43,25997.42
2025-01-24,21号线,21284.0,83854.26,56831.01,10660.8
2025-01-25,1号线,20155.0,80966.36,58409.68,10331.3
2025-01-25,2号线,50840.0,212386.63,158398.25,37619.41
2025-01-25,3号线,49689.0,204689.31,160270.08,37868.31
2025-01-25,4号线,61149.0,239577.09,,
2025-01-25,5号线,76692.0,280933.73,190075.65,55392.04
2025-01-25,6号线,38612.0,166325.33,125441.47,24845.61
2025-01-25,7号线,9799.0,39076.72,,4030.49
2025-01-25,8号线,70074.0,280562.29,182325.77,39570.03
2025-01-25,9号线,44421.0,183086.39,135292.97,34428.81
2025-01-25,14号线,69524.0,273699.78,189210.55,33348.69
2025-01-25,21号线,36287.0,152177.84,115881.61,28854.31
2025-01-26,1号线,,216317.31,157811.71,21642.99
2025-01-26,2号线,59357.0,231413.44,163567.15,34360.96
2025-01-26,3号线,24611.0,97626.61,64886.61,14827.44
2025-01-26,4号线,73614.0,292299.51,190223.58,36446.13
2025-01-26,5号线,60866.0,243141.24,159736.04,25211.0
2025-01-26,6号线,36499.0,148513.72,90089.93,19976.15
2025-01-26,7号线,61905.0,242401.43,169169.67,48132.45
2025-01-26,8号线,82160.0,340995.76,220804.14,58931.45
2025-01-26,9号线,80636.0,322191.12,219014.21,58523.82
2025-01-26,14号线,31058.0,129966.32,82828.01,
2025-01-26,21号线,53251.0,205737.35,152704.42,37228.2
2025-01-27,1号线,19136.0,78356.53,57841.82,10865.98
2025-01-27,2号线,20291.0,77570.41,48302.69,14929.93
2025-01-27,3号线,76465.0,287036.39,219136.34,44639.92
2025-01-27,4号线,13254.0,53420.04,34068.17,6831.74
2025-01-27,5号线,55389.0,224845.94,174799.12,40019.78
2025-01-27,6号线,23631.0,99735.52,71424.33,13686.53
2025-01-27,7号线,49205.0,184844.93,136485.62,30535.67
2025-01-27,8号线,44826.0,169169.49,126758.41,27906.76
2025-01-27,9号线,50818.0,214502.05,151976.43,32364.37
2025-01-27,14号线,50585.0,194086.45,154221.5,27038.14
2025-01-27,21号线,17817.0,73184.97,51268.08,
2025-01-28,1号线,16576.0,63462.35,41641.11,6500.55
2025-01-28,2号线,65005.0,269302.72,162414.13,51930.14
2025-01-28,3号线,9834.0,40864.3,27665.93,7564.54
2025-01-28,4号线,39242.0,157693.81,116568.2,
2025-01-28,5号线,49592.0,187654.14,126052.79,23534.9
2025-01-28,6号线,21470.0,88288.01,65280.43,15030.89
2025-01-28,7号线,60429.0,221269.02,144099.55,35657.81
2025-01-28,8号线,12163.0,46980.38,28665.25,8863.4
2025-01-28,9号线,19750.0,86901.37,63820.82,11541.83
2025-01-28,14号线,51667.0,210360.17,151073.66,21677.62
2025-01-28,21号线,57378.0,225669.77,158972.77,
2025-01-29,1号线,12988.0,53299.36,40955.47,6365.97
2025-01-29,2号线,51117.0,210948.81,157202.9,41680.36
2025-01-29,3号线,23485.0,84590.15,63341.83,10581.05
2025-01-29,4号线,38958.0,-168776.2,107115.31,19517.9
2025-01-29,5号线,66092.0,269721.21,197446.57,34522.53
2025-01-29,6号线,16191.0,65498.58,45006.34,11331.51
2025-01-29,7号线,71964.0,284064.85,,37252.64
2025-01-29,8号线,75324.0,310333.32,207693.95,45453.71
2025-01-29,9号线,35457.0,145548.21,87774.44,28140.82
2025-01-29,14号线,20625.0,86252.67,54562.31,9233.94
2025-01-29,21号线,41263.0,161872.16,127562.72,25502.54
2025-01-30,1号线,,91045.56,64562.53,17676.18
2025-01-30,2号线,42773.0,176150.47,115341.96,
2025-01-30,3号线,12722.0,-51416.21,34129.83,9485.65
2025-01-30,4号线,75737.0,276948.63,204548.19,37342.0
2025-01-30,5号线,22110.0,91010.57,69231.39,11667.87
2025-01-30,6号线,63559.0,230408.13,164784.42,39898.57
2025-01-30,7号线,31526.0,122374.02,,23627.45
2025-01-30,8号线,76940.0,290661.41,217409.43,
2025-01-30,9号线,65148.0,272721.7,208711.6,36000.62
2025-01-30,14号线,79222.0,,,46686.8
2025-01-30,21号线,65118.0,287722.41,189506.11,38228.66
2025-01-31,1号线,20406.0,82641.5,64971.58,16315.48
2025-01-31,2号线,19975.0,,64179.66,17047.11
2025-01-31,3号线,,263573.34,163474.65,28574.16
2025-01-31,4号线,53864.0,200839.62,156329.42,23028.37
2025-01-31,5号线,72160.0,281750.43,222427.79,55955.66
2025-01-31,6号线,45156.0,197429.06,133382.58,33663.32
2025-01-31,7号线,34222.0,136856.77,94941.94,14456.23
2025-01-31,8号线,70030.0,287627.59,215387.71,48351.33
2025-01-31,9号线,67694.0,237481.47,146425.91,36295.96
2025-01-31,14号线,79380.0,317719.92,195321.28,49369.05
2025-01-31,21号线,22169.0,84388.02,67440.06,14320.02
2025-02-01,1号线,77991.0,327192.67,236896.17,
2025-02-01,2号线,49604.0,214181.58,138335.37,27114.06
2025-02-01,3号线,11997.0,48857.73,37266.67,8231.21
2025-02-01,4号线,32576.0,142236.32,111875.37,26542.21
2025-02-01,5号线,47539.0,187472.7,142874.94,37256.0
2025-02-01,6号线,67840.0,290846.14,222739.52,45636.13
2025-02-01,7号线,,87598.13,,9253.65
2025-02-01,8号线,,177619.24,133211.26,33981.5
2025-02-01,9号线,32062.0,132241.96,91261.35,14932.23
2025-02-01,14号线,50300.0,194449.5,150823.61,34164.76
2025-02-01,21号线,30122.0,118871.88,91088.46,15545.79
2025-02-02,1号线,63854.0,277833.11,215412.54,38993.4
2025-02-02,2号线,47208.0,182646.95,138251.62,29942.43
2025-02-02,3号线,65168.0,271133.45,215847.32,43600.64
2025-02-02,4号线,15469.0,62236.15,46383.32,9630.71
2025-02-02,5号线,63548.0,271152.27,196427.41,50498.41
2025-02-02,6号线,55848.0,221783.03,,23647.3
2025-02-02,7号线,21588.0,83751.7,59960.35,11235.82
2025-02-02,8号线,14464.0,59266.74,39657.36,11241.65
2025-02-02,9号线,39152.0,160554.89,102507.52,16711.65
2025-02-02,14号线,46905.0,183036.07,129385.4,
2025-02-02,21号线,59431.0,227993.04,151459.55,24903.47
2025-02-03,1号线,30294.0,122472.46,94881.34,23525.4
2025-02-03,2号线,63935.0,245827.11,195986.01,37773.56
2025-02-03,3号线,12442.0,48994.79,33011.85,7165.66
2025-02-03,4号线,27818.0,106907.29,82199.75,18704.67
2025-02-03,5号线,76081.0,289784.31,204739.41,36004.85
2025-02-03,6号线,47611.0,189988.93,126231.65,23016.17
2025-02-03,7号线,169107.0,227806.18,152307.88,33577.95
2025-02-03,8号线,17546.0,75377.42,46536.82,11586.31
2025-02-03,9号线,21900.0,,59129.61,12135.45
2025-02-03,14号线,74630.0,311054.07,201833.85,46603.6
2025-02-03,21号线,12959.0,48573.33,33882.91,8990.04
2025-02-04,1号线,24334.0,101754.43,79722.47,10229.37
2025-02-04,2号线,9384.0,36536.45,26807.84,7049.26
2025-02-04,3号线,8952.0,40492.94,31087.1,4879.71
2025-02-04,4号线,37043.0,134800.35,94565.42,16747.73
2025-02-04,5号线,65757.0,273519.35,195907.59,
2025-02-04,6号线,56509.0,221430.97,138811.29,23546.41
2025-02-04,7号线,12984.0,49306.43,30450.35,5615.14
2025-02-04,8号线,29006.0,110084.62,79395.27,19752.37
2025-02-04,9号线,52961.0,212790.88,135387.48,22694.07
2025-02-04,14号线,16307.0,66849.87,50144.11,
2025-02-04,21号线,26911.0,113214.15,79772.17,15383.88
2025-02-05,1号线,28172.0,117335.82,81007.44,20108.81
2025-02-05,2号线,40411.0,158803.0,119026.32,23863.65
2025-02-05,3号线,25573.0,94040.05,66427.21,10030.49
2025-02-05,4号线,10809.0,46332.74,30883.7,8018.11
2025-02-05,5号线,70222.0,,210881.17,56514.88
2025-02-05,6号线,58537.0,,145661.3,39099.02
2025-02-05,7号线,89521.0,365282.11,283222.62,49023.84
2025-02-05,8号线,63420.0,241265.36,183231.17,27743.52
2025-02-05,9号线,27830.0,108684.0,65475.66,17372.52
2025-02-05,14号线,21308.0,82333.0,56375.0,10603.91
2025-02-05,21号线,,47366.82,,7545.36
2025-02-06,1号线,,242182.81,189992.38,41346.38
2025-02-06,2号线,58572.0,249538.38,153162.74,26883.3
2025-02-06,3号线,52538.0,205210.47,129919.59,24344.55
2025-02-06,4号线,25643.0,96933.84,62568.77,15585.94
2025-02-06,5号线,21351.0,83581.13,63569.36,8396.83
2025-02-06,6号线,22736.0,86635.35,66943.45,16659.63
2025-02-06,7号线,20365.0,78126.35,53941.84,
2025-02-06,8号线,85579.0,330365.47,216560.33,40307.8
2025-02-06,9号线,23571.0,96719.68,76622.69,11109.83
2025-02-06,14号线,63543.0,268528.26,171023.66,34897.82
2025-02-06,21号线,11775.0,,30200.84,8929.05
2025-02-07,1号线,14804.0,57517.73,38855.83,10563.5
2025-02-07,2号线,31407.0,119342.7,84199.8,18312.61
2025-02-07,3号线,53981.0,193539.26,122132.58,22874.95
2025-02-07,4号线,22007.0,90350.9,59102.95,
2025-02-07,5号线,70254.0,250465.01,162997.05,29958.45
2025-02-07,6号线,69388.0,284343.34,207726.81,35206.9
2025-02-07,7号线,84293.0,344258.08,272834.81,66937.88
2025-02-07,8号线,63607.0,276877.29,215558.48,50320.88
2025-02-07,9号线,28694.0,104715.27,68443.23,17007.32
2025-02-07,14号线,8930.0,,25532.02,7550.23
2025-02-07,21号线,30469.0,121687.35,92478.86,17343.04
2025-02-08,1号线,53772.0,,159813.19,30299.45
2025-02-08,2号线,34328.0,136048.84,108414.66,20756.84
2025-02-08,3号线,55356.0,227533.79,161739.12,37575.39
2025-02-08,4号线,10577.0,40383.76,30143.93,5050.92
2025-02-08,5号线,51123.0,209709.58,164177.93,29752.98
2025-02-08,6号线,36912.0,147840.61,,25695.2
2025-02-08,7号线,29680.0,117398.99,72041.89,21567.12
2025-02-08,8号线,36757.0,134136.78,93253.24,22315.95
2025-02-08,9号线,14779.0,55808.12,36497.52,8593.57
2025-02-08,14号线,79122.0,320169.96,253269.57,36969.13
2025-02-08,21号线,55285.0,,137656.42,38680.59
2025-02-09,1号线,47387.0,204723.58,141655.67,22026.89
2025-02-09,2号线,,,111329.36,27052.49
2025-02-09,3号线,67533.0,262102.81,207695.44,46916.76
2025-02-09,4号线,40285.0,159317.14,112857.11,29839.24
2025-02-09,5号线,23499.0,,73162.79,18320.99
2025-02-09,6号线,26587.0,110253.38,81437.01,11594.2
2025-02-09,7号线,39564.0,159899.39,101714.41,25071.35
2025-02-09,8号线,56772.0,220419.91,140742.48,24583.04
2025-02-09,9号线,51581.0,213354.5,164796.83,39354.29
2025-02-09,14号线,,234403.01,171122.04,31988.91
2025-02-09,21号线,40698.0,173193.81,129021.31,18451.31
2025-02-10,1号线,,290961.84,213080.38,50564.97
2025-02-10,2号线,59662.0,224492.18,176567.13,24021.33
2025-02-10,3号线,26306.0,102302.86,73264.34,13009.72
2025-02-10,4号线,19697.0,84513.46,57830.15,14684.91
2025-02-10,5号线,42695.0,169630.03,111854.14,31429.42
2025-02-10,6号线,34615.0,130101.2,95745.3,15849.63
2025-02-10,7号线,49563.0,206200.49,147992.33,40875.75
2025-02-10,8号线,66308.0,274181.19,198145.88,31997.88
2025-02-10,9号线,80638.0,348696.59,244972.5,42913.04
2025-02-10,14号线,68684.0,273306.69,216309.69,49911.42
2025-02-10,21号线,53334.0,219431.87,154403.69,35049.28
2025-02-11,1号线,38937.0,146608.94,110198.27,24865.18
2025-02-11,2号线,32668.0,134807.32,86918.84,20719.54
2025-02-11,3号线,54063.0,206754.52,135339.83,30530.96
2025-02-11,4号线,29102.0,,87148.72,
2025-02-11,5号线,,,98625.46,27389.89
2025-02-11,6号线,18872.0,76332.67,58794.58,11412.85
2025-02-11,7号线,12583.0,52503.31,38454.6,8105.35
2025-02-11,8号线,16659.0,68457.76,43228.89,7943.84
2025-02-11,9号线,,172397.3,109962.64,32438.92
2025-02-11,14号线,58710.0,236562.71,157792.95,41244.9
2025-02-11,21号线,33298.0,135476.97,88295.44,16164.2
2025-02-12,1号线,75058.0,271821.86,169390.89,37421.59
2025-02-12,2号线,54384.0,,136619.91,38717.89
2025-02-12,3号线,43914.0,173580.16,117762.03,20473.73
2025-02-12,4号线,35023.0,141451.52,93385.26,24162.35
2025-02-12,5号线,60514.0,253735.38,183750.88,26534.18
2025-02-12,6号线,93625.0,360645.85,259260.79,49899.4
2025-02-12,7号线,233757.0,310651.36,228844.14,44917.16
2025-02-12,8号线,38472.0,153518.44,95248.79,28465.54
2025-02-12,9号线,83994.0,352561.6,227103.94,38160.6
2025-02-12,14号线,54329.0,226795.95,179207.97,26105.53
2025-02-12,21号线,43254.0,178494.27,129891.21,24946.26
2025-02-13,1号线,,232644.17,154510.29,40117.69
2025-02-13,2号线,12403.0,48897.71,36330.25,7641.49
2025-02-13,3号线,,138551.33,88271.76,25890.02
2025-02-13,4号线,77663.0,292220.37,206328.29,29744.0
2025-02-13,5号线,73198.0,303171.53,230200.4,44915.54
2025-02-13,6号线,18464.0,76094.45,54155.09,9325.68
2025-02-13,7号线,16454.0,60163.08,41310.94,11938.47
2025-02-13,8号线,66940.0,235309.1,169423.52,30394.0
2025-02-13,9号线,32624.0,133556.89,,15304.58
2025-02-13,14号线,,245274.49,181624.04,38254.2
2025-02-13,21号线,35749.0,,88560.98,26209.29
2025-02-14,1号线,60275.0,237711.34,169608.98,40160.5
2025-02-14,2号线,79376.0,313153.69,247488.49,35205.36
2025-02-14,3号线,60142.0,,172683.76,43553.61
2025-02-14,4号线,40880.0,168093.32,121439.29,24951.75
2025-02-14,5号线,68271.0,289089.99,218773.62,42811.45
2025-02-14,6号线,77980.0,315006.62,194146.77,33401.79
2025-02-14,7号线,19719.0,87409.03,,11616.81
2025-02-14,8号线,66153.0,269576.8,185126.76,28134.7
2025-02-14,9号线,31569.0,113664.74,79412.48,
2025-02-14,14号线,17994.0,72737.49,44088.41,9148.07
2025-02-14,21号线,44555.0,175771.73,127566.85,30502.55
2025-02-15,1号线,64794.0,263677.92,185312.63,41873.59
2025-02-15,2号线,35471.0,154517.56,119702.38,29369.18
2025-02-15,3号线,58960.0,217251.18,169993.11,26301.78
2025-02-15,4号线,65638.0,260887.27,168835.39,46333.58
2025-02-15,5号线,37912.0,149437.81,104375.67,18638.35
2025-02-15,6号线,50220.0,183406.31,116042.05,25513.31
2025-02-15,7号线,,391894.07,266226.17,48478.39
2025-02-15,8号线,49194.0,199276.77,152601.5,28514.26
2025-02-15,9号线,30690.0,125955.84,79796.03,13057.48
2025-02-15,14号线,68489.0,244452.59,184893.69,41688.59
2025-02-15,21号线,268554.0,399389.78,242364.72,79346.49
2025-02-16,1号线,82070.0,329132.64,200069.43,36932.3
2025-02-16,2号线,44993.0,186917.86,127006.16,27661.92
2025-02-16,3号线,76715.0,313803.24,242753.06,45650.21
2025-02-16,4号线,13108.0,53200.11,,5988.96
2025-02-16,5号线,39437.0,161734.51,103133.21,27993.49
2025-02-16,6号线,36758.0,145826.63,92662.61,24682.99
2025-02-16,7号线,57117.0,230713.64,139236.42,28704.17
2025-02-16,8号线,34774.0,146403.09,88731.61,28269.69
2025-02-16,9号线,65218.0,,213341.18,49448.4
2025-02-16,14号线,48252.0,195870.58,,39162.63
2025-02-16,21号线,15178.0,61337.91,40344.22,6803.05
2025-02-17,1号线,38728.0,160859.18,125514.42,30207.6
2025-02-17,2号线,102879.0,143675.17,94735.65,23693.11
2025-02-17,3号线,55135.0,204660.56,139012.52,34699.53
2025-02-17,4号线,55740.0,235356.44,166900.05,33995.34
2025-02-17,5号线,,262915.49,19153.793,46255.89
2025-02-17,6号线,32804.0,138604.23,,
2025-02-17,7号线,9354.0,37735.85,26239.21,5261.76
2025-02-17,8号线,39164.0,163340.63,129219.55,16631.88
2025-02-17,9号线,47131.0,187018.2,,36555.7
2025-02-17,14号线,16604.0,64815.22,45100.8,7742.56
2025-02-17,21号线,46862.0,186526.32,122543.05,24384.4
2025-02-18,1号线,18979.0,77422.32,55904.08,13286.84
2025-02-18,2号线,49156.0,197244.99,152250.09,35499.78
2025-02-18,3号线,69217.0,281294.87,200693.32,35346.47
2025-02-18,4号线,31763.0,126096.94,96230.84,17319.54
2025-02-18,5号线,55153.0,222147.63,160017.91,
2025-02-18,6号线,,69884.28,50470.16,9860.87
2025-02-18,7号线,40261.0,167094.23,108172.48,29751.55
2025-02-18,8号线,68693.0,287030.45,218690.22,50708.41
2025-02-18,9号线,92258.0,346192.22,219348.38,60129.22
2025-02-18,14号线,34452.0,124770.09,79315.0,16373.23
2025-02-18,21号线,46199.0,173801.15,113210.03,28364.62
2025-02-19,1号线,69915.0,279630.86,175409.07,47401.47
2025-02-19,2号线,147936.0,193179.52,116518.97,25907.11
2025-02-19,3号线,63362.0,246679.06,176542.62,31430.88
2025-02-19,4号线,69454.0,259619.37,186705.31,36377.55
2025-02-19,5号线,60428.0,226919.95,139302.7,34470.5
2025-02-19,6号线,75120.0,303566.36,221006.52,38587.76
2025-02-19,7号线,46561.0,205965.9,136939.88,27455.29
2025-02-19,8号线,17799.0,72687.62,50375.51,7705.92
2025-02-19,9号线,62034.0,256751.36,162804.9,36188.54
2025-02-19,14号线,88949.0,334189.51,,64404.26
2025-02-19,21号线,66403.0,275971.91,212058.65,41974.17
2025-02-20,1号线,69090.0,,202795.58,42341.88
2025-02-20,2号线,17604.0,67283.38,45216.27,7318.03
2025-02-20,3号线,40926.0,150518.92,115155.58,19261.96
2025-02-20,4号线,,131192.67,102839.1,19639.06
2025-02-20,5号线,11558.0,,34345.13,6852.93
2025-02-20,6号线,40360.0,170186.7,120236.26,29296.31
2025-02-20,7号线,58128.0,244045.09,150376.64,34239.04
2025-02-20,8号线,15995.0,62240.45,49261.11,9790.68
2025-02-20,9号线,14525.0,65737.86,43567.48,10559.94
2025-02-20,14号线,,194592.01,123559.65,29238.74
2025-02-20,21号线,64230.0,269737.9,168411.5,39873.57
2025-02-21,1号线,28735.0,115250.27,79119.26,15118.72
2025-02-21,2号线,41982.0,173239.74,,17329.73
2025-02-21,3号线,63726.0,260221.18,159325.6,46339.19
2025-02-21,4号线,61975.0,242806.51,151578.52,31644.37
2025-02-21,5号线,20120.0,76768.13,55550.21,12537.69
2025-02-21,6号线,67655.0,,189600.84,46562.07
2025-02-21,7号线,23465.0,97286.42,73783.84,13666.78
2025-02-21,8号线,63523.0,226474.47,157700.28,
2025-02-21,9号线,79015.0,313305.32,218144.73,31931.84
2025-02-21,14号线,29881.0,122986.61,,16277.28
2025-02-21,21号线,62458.0,249445.52,177004.52,36278.79
2025-02-22,1号线,34611.0,138166.5,91871.77,24004.45
2025-02-22,2号线,32605.0,138283.85,106743.11,19254.56
2025-02-22,3号线,69087.0,290716.78,214440.53,41793.53
2025-02-22,4号线,16697.0,66231.24,43090.82,11796.91
2025-02-22,5号线,32775.0,129292.61,100573.9,18755.44
2025-02-22,6号线,69550.0,268772.98,188798.07,45159.98
2025-02-22,7号线,76544.0,324971.41,247116.75,35921.29
2025-02-22,8号线,24401.0,103942.46,68530.0,14029.15
2025-02-22,9号线,66056.0,,170897.08,44065.75
2025-02-22,14号线,14207.0,,39657.12,10712.98
2025-02-22,21号线,75377.0,321274.24,,38735.63
2025-02-23,1号线,69078.0,283996.65,206971.32,43460.07
2025-02-23,2号线,19371.0,84454.74,63308.51,15301.25
2025-02-23,3号线,76089.0,290533.64,,39977.22
2025-02-23,4号线,77271.0,292034.8,230303.07,36232.54
2025-02-23,5号线,56543.0,249275.29,150199.08,49665.99
2025-02-23,6号线,,170569.96,131219.96,32731.12
2025-02-23,7号线,58550.0,241290.87,191990.19,42182.27
2025-02-23,8号线,69877.0,295907.77,188045.17,45718.55
2025-02-23,9号线,68063.0,271082.77,202009.79,49277.03
2025-02-23,14号线,48102.0,192025.7,128364.71,27141.23
2025-02-23,21号线,37935.0,171478.97,113092.04,26836.84
2025-02-24,1号线,62614.0,239732.64,185895.33,34372.88
2025-02-24,2号线,58130.0,235391.93,176153.77,44287.83
2025-02-24,3号线,47767.0,182942.64,139039.0,22026.95
2025-02-24,4号线,14074.0,57939.52,41890.02,9779.52
2025-02-24,5号线,79854.0,342650.49,205948.68,60340.43
2025-02-24,6号线,22525.0,93694.1,68928.48,16455.16
2025-02-24,7号线,15459.0,51473.49,32167.99,7131.01
2025-02-24,8号线,28949.0,121195.51,82207.54,17120.34
2025-02-24,9号线,11549.0,45244.76,30654.9,6344.8
2025-02-24,14号线,92095.0,369873.79,229627.81,45325.77
2025-02-24,21号线,20073.0,85143.11,62605.18,15368.24
2025-02-25,1号线,66337.0,270467.68,199898.1,47221.63
2025-02-25,2号线,34832.0,144079.32,101353.15,20750.29
2025-02-25,3号线,14360.0,52079.31,32170.43,6356.86
2025-02-25,4号线,35716.0,146983.9,100573.68,24049.17
2025-02-25,5号线,42651.0,162556.48,129756.69,28402.19
2025-02-25,6号线,25343.0,,64330.62,17277.74
2025-02-25,7号线,19151.0,79418.79,62417.08,14157.05
2025-02-25,8号线,68005.0,250330.44,193892.46,46109.2
2025-02-25,9号线,23632.0,90749.25,71462.37,15481.99
2025-02-25,14号线,36945.0,144983.6,101385.91,20831.98
2025-02-25,21号线,75255.0,295811.08,,56873.32
2025-02-26,1号线,71698.0,283871.4,185180.99,35398.16
2025-02-26,2号线,,95740.06,73620.08,12141.17
2025-02-26,3号线,49074.0,196158.4,120153.03,37396.37
2025-02-26,4号线,19615.0,81928.11,54848.3,15564.98
2025-02-26,5号线,25142.0,109065.46,68231.09,20527.6
2025-02-26,6号线,74601.0,289392.02,188692.73,50088.58
2025-02-26,7号线,,108561.26,72481.21,14207.4
2025-02-26,8号线,60615.0,256580.14,159803.02,29538.71
2025-02-26,9号线,31439.0,124723.67,91890.27,19271.12
2025-02-26,14号线,19294.0,68361.93,51841.59,10588.16
2025-02-26,21号线,76531.0,293434.9,204506.3,34207.89
2025-02-27,1号线,25420.0,106275.6,73591.51,15003.62
2025-02-27,2号线,20992.0,88179.21,66786.41,9804.96
2025-02-27,3号线,46239.0,,142973.3,28520.69
2025-02-27,4号线,19519.0,84418.42,54110.2,15852.34
2025-02-27,5号线,26733.0,103250.85,81498.74,16109.01
2025-02-27,6号线,59096.0,260246.56,161048.48,34968.37
2025-02-27,7号线,37903.0,148100.93,,21499.77
2025-02-27,8号线,69641.0,270650.8,214597.76,32580.04
2025-02-27,9号线,69172.0,266596.43,200346.25,34029.48
2025-02-27,14号线,16467.0,70086.9,54879.3,10744.52
2025-02-27,21号线,18638.0,76998.65,51077.23,14300.03
2025-02-28,1号线,95073.0,383768.0,232823.11,52334.18
2025-02-28,2号线,26530.0,99948.12,72268.45,10829.02
2025-02-28,3号线,13019.0,50663.52,33637.2,10074.02
2025-02-28,4号线,37405.0,152824.17,118650.47,
2025-02-28,5号线,19156.0,73664.9,45569.55,7582.8
2025-02-28,6号线,34882.0,,87375.99,
2025-02-28,7号线,20128.0,83459.31,55317.84,10468.48
2025-02-28,8号线,53244.0,223546.94,141896.94,38271.55
2025-02-28,9号线,38603.0,153107.98,114514.71,18239.15
2025-02-28,14号线,49205.0,211791.27,142000.75,39000.25
2025-02-28,21号线,26719.0,110437.38,66949.69,19208.31
2025-03-01,1号线,10065.0,41274.19,30173.76,8220.76
2025-03-01,2号线,50658.0,188995.07,139635.25,28588.43
2025-03-01,3号线,61209.0,242481.61,182499.19,34148.84
2025-03-01,4号线,19494.0,80578.3,59063.65,10155.18
2025-03-01,5号线,29581.0,119212.24,82186.24,17409.26
2025-03-01,6号线,11454.0,45120.47,30797.08,8132.31
2025-03-01,7号线,30296.0,120635.44,90233.0,23138.8
2025-03-01,8号线,46246.0,178542.67,141862.02,32602.59
2025-03-01,9号线,34601.0,134758.75,88442.74,
2025-03-01,14号线,13941.0,54977.67,33738.05,6945.42
2025-03-01,21号线,59300.0,,154237.94,37338.32
2025-03-02,1号线,23470.0,89824.61,54759.65,17092.68
2025-03-02,2号线,27210.0,118149.16,91974.45,14004.58
2025-03-02,3号线,36031.0,,84633.79,22071.42
2025-03-02,4号线,77740.0,332620.85,243400.3,41654.35
2025-03-02,5号线,49808.0,201606.54,124748.37,38499.32
2025-03-02,6号线,,216502.3,169334.1,31705.32
2025-03-02,7号线,64964.0,262844.47,181014.68,42241.46
2025-03-02,8号线,64645.0,268701.73,188755.64,29670.71
2025-03-02,9号线,49651.0,196857.42,155538.27,31510.0
2025-03-02,14号线,23111.0,91447.92,54922.18,9508.44
2025-03-02,21号线,38075.0,136553.29,87287.53,21995.73
2025-03-03,1号线,82452.0,318215.29,225105.97,59001.44
2025-03-03,2号线,70599.0,286472.84,188207.39,41906.74
2025-03-03,3号线,14491.0,65878.6,,12726.12
2025-03-03,4号线,57412.0,239450.67,,36674.25
2025-03-03,5号线,60477.0,242165.77,169203.48,41222.88
2025-03-03,6号线,30133.0,116597.25,79159.65,16578.13
2025-03-03,7号线,56232.0,233575.33,152205.78,39114.71
2025-03-03,8号线,30865.0,124366.15,81027.22,13176.9
2025-03-03,9号线,30976.0,127471.07,93443.74,22949.32
2025-03-03,14号线,31886.0,125586.96,85875.05,21992.51
2025-03-03,21号线,26114.0,101061.17,79671.08,16862.79
2025-03-04,1号线,63081.0,263850.09,184808.71,30049.13
2025-03-04,2号线,81272.0,329755.03,245599.77,36950.98
2025-03-04,3号线,42628.0,178334.62,125993.15,25838.07
2025-03-04,4号线,55231.0,221949.58,138629.86,34594.0
2025-03-04,5号线,66456.0,271501.93,200503.78,38822.9
2025-03-04,6号线,41900.0,,120055.79,22915.24
2025-03-04,7号线,47939.0,171083.73,,30099.63
2025-03-04,8号线,20765.0,87924.18,63324.3,
2025-03-04,9号线,48673.0,195122.85,142273.45,20386.01
2025-03-04,14号线,28292.0,110734.0,67003.99,18224.85
2025-03-04,21号线,,53465.14,33161.86,9875.76
2025-03-05,1号线,11226.0,47504.19,33820.02,5250.44
2025-03-05,2号线,15671.0,59090.12,35779.5,8895.75
2025-03-05,3号线,17441.0,,43275.48,7007.23
2025-03-05,4号线,62570.0,253145.49,196866.37,40577.78
2025-03-05,5号线,16168.0,66119.74,44769.83,8862.6
2025-03-05,6号线,38407.0,144561.7,102398.97,25470.35
2025-03-05,7号线,14826.0,62328.28,,10651.99
2025-03-05,8号线,9035.0,34576.87,27429.26,5386.07
2025-03-05,9号线,39955.0,150964.66,109486.64,22477.1
2025-03-05,14号线,79172.0,330228.13,217982.89,43782.41
2025-03-05,21号线,,196641.23,133524.81,20440.06
2025-03-06,1号线,,155863.22,123569.26,29761.37
2025-03-06,2号线,32770.0,117330.39,71289.51,20484.24
2025-03-06,3号线,37057.0,145684.46,95445.69,27346.29
2025-03-06,4号线,53317.0,213575.91,160379.33,31864.05
2025-03-06,5号线,73365.0,282818.13,191555.01,42741.61
2025-03-06,6号线,89019.0,341272.11,265813.6,49688.51
2025-03-06,7号线,32702.0,135027.97,96505.27,26412.11
2025-03-06,8号线,26484.0,101728.08,67382.63,12777.53
2025-03-06,9号线,37847.0,152862.04,92301.65,22575.33
2025-03-06,14号线,,231329.74,168614.87,42097.34
2025-03-06,21号线,19981.0,77190.76,61095.68,7787.49
2025-03-07,1号线,22982.0,85311.19,52364.51,
2025-03-07,2号线,18911.0,77482.01,60194.6,13172.21
2025-03-07,3号线,24971.0,95479.74,58770.63,13439.18
2025-03-07,4号线,22529.0,93651.25,66998.87,15899.7
2025-03-07,5号线,77862.0,320925.48,,34559.25
2025-03-07,6号线,66462.0,274199.71,190747.57,31401.25
2025-03-07,7号线,49912.0,205999.73,159171.91,28866.87
2025-03-07,8号线,27194.0,,87955.59,14878.35
2025-03-07,9号线,40897.0,153451.61,122116.21,24605.86
2025-03-07,14号线,65116.0,264827.26,205964.58,39805.76
2025-03-07,21号线,54619.0,216440.21,153874.15,
2025-03-08,1号线,23932.0,91068.22,69622.29,16428.33
2025-03-08,2号线,50450.0,203492.35,159407.43,35014.02
2025-03-08,3号线,20092.0,84128.75,57248.71,9277.28
2025-03-08,4号线,64311.0,257441.81,168684.6,43944.71
2025-03-08,5号线,34316.0,153994.9,102880.01,29881.92
2025-03-08,6号线,60818.0,239577.6,161007.35,30435.78
2025-03-08,7号线,,67348.26,52422.16,9656.51
2025-03-08,8号线,12961.0,51404.27,37783.58,5736.83
2025-03-08,9号线,52755.0,212189.99,163142.22,35559.81
2025-03-08,14号线,21806.0,88094.01,57762.17,9951.1
2025-03-08,21号线,60084.0,236537.82,178908.87,38890.35
2025-03-09,1号线,58251.0,231548.01,162102.18,33174.56
2025-03-09,2号线,,273471.5,184309.58,28778.91
2025-03-09,3号线,9603.0,40982.96,30488.48,5619.43
2025-03-09,4号线,68871.0,274440.41,176505.84,46045.97
2025-03-09,5号线,72047.0,285818.86,178678.19,49649.5
2025-03-09,6号线,57815.0,250254.23,185849.14,30010.87
2025-03-09,7号线,64715.0,240577.55,147141.65,26740.49
2025-03-09,8号线,70739.0,275695.16,166227.27,38020.96
2025-03-09,9号线,29618.0,123288.32,97369.32,12716.23
2025-03-09,14号线,76726.0,318943.91,191999.37,46696.42
2025-03-09,21号线,13701.0,55396.75,3669.3300000000004,9827.34
2025-03-10,1号线,20979.0,82505.9,63647.19,12997.61
2025-03-10,2号线,59915.0,241963.55,158030.4,24621.06
2025-03-10,3号线,31379.0,120348.76,77583.15,19759.58
2025-03-10,4号线,16421.0,65851.13,50666.66,6740.49
2025-03-10,5号线,14961.0,63294.72,41662.41,7640.27
2025-03-10,6号线,69651.0,276101.8,178264.32,34418.95
2025-03-10,7号线,38223.0,152565.55,112033.22,24139.05
2025-03-10,8号线,31673.0,128153.4,101568.45,13784.24
2025-03-10,9号线,52181.0,223834.17,174414.95,41346.52
2025-03-10,14号线,57215.0,246918.28,181441.98,31109.36
2025-03-10,21号线,43176.0,176300.23,131343.01,27129.31
2025-03-11,1号线,48152.0,194519.49,136059.09,23930.78
2025-03-11,2号线,,152669.3,106886.94,25642.65
2025-03-11,3号线,39503.0,159470.87,119949.34,24667.9
2025-03-11,4号线,50303.0,200376.63,,28965.28
2025-03-11,5号线,10041.0,41345.93,32751.16,4948.8
2025-03-11,6号线,51298.0,204689.64,161828.45,31164.81
2025-03-11,7号线,14796.0,54397.9,,5837.34
2025-03-11,8号线,37511.0,159924.09,118289.81,22312.7
2025-03-11,9号线,77765.0,291722.58,216944.23,36387.73
2025-03-11,14号线,60362.0,247151.08,176222.94,43785.95
2025-03-11,21号线,40022.0,158427.27,102302.09,25892.78
2025-03-12,1号线,31124.0,,90746.94,13329.02
2025-03-12,2号线,73982.0,286346.71,194591.87,54965.14
2025-03-12,3号线,67266.0,247495.02,185832.37,47480.1
2025-03-12,4号线,11361.0,44483.9,32224.49,8863.16
2025-03-12,5号线,12009.0,50179.84,36697.83,6224.3
2025-03-12,6号线,23373.0,96979.66,76736.52,11134.99
2025-03-12,7号线,63027.0,277109.38,198415.24,42029.13
2025-03-12,8号线,82642.0,325765.26,257123.69,
2025-03-12,9号线,76600.0,314657.14,244733.24,48598.98
2025-03-12,14号线,28059.0,106455.76,76516.2,10994.85
2025-03-12,21号线,22892.0,92478.86,70485.14,16977.51
2025-03-13,1号线,44587.0,184987.75,124038.08,33756.34
2025-03-13,2号线,26964.0,113532.08,74533.18,16180.91
2025-03-13,3号线,29533.0,,74238.01,16714.29
2025-03-13,4号线,40322.0,166494.5,106675.64,16817.45
2025-03-13,5号线,67770.0,,,47228.98
2025-03-13,6号线,54520.0,205013.92,152227.81,37246.51
2025-03-13,7号线,25635.0,98315.05,78643.07,13820.65
2025-03-13,8号线,38069.0,164221.55,103446.49,22673.9
2025-03-13,9号线,64966.0,264841.7,167767.75,47158.55
2025-03-13,14号线,20162.0,75021.46,52242.95,
2025-03-13,21号线,43658.0,165382.51,125053.38,28255.43
2025-03-14,1号线,13375.0,53009.95,,
2025-03-14,2号线,16541.0,69281.11,41996.24,7287.65
2025-03-14,3号线,33674.0,127194.42,80318.86,14231.46
2025-03-14,4号线,,233555.66,184373.07,34945.97
2025-03-14,5号线,41466.0,167058.99,130525.6,16974.23
2025-03-14,6号线,29363.0,115355.31,85475.31,20961.54
2025-03-14,7号线,81338.0,356708.93,244673.5,46687.29
2025-03-14,8号线,,42644.1,,7152.07
2025-03-14,9号线,41454.0,161165.4,112864.63,17259.07
2025-03-14,14号线,22041.0,,56115.81,11152.53
2025-03-14,21号线,22485.0,94943.76,70879.3,13335.11
2025-03-15,1号线,10120.0,42366.33,29086.74,7140.61
2025-03-15,2号线,34235.0,128380.78,102243.73,22914.2
2025-03-15,3号线,159843.0,198993.37,149282.43,
2025-03-15,4号线,65453.0,258313.46,205467.91,28495.11
2025-03-15,5号线,83905.0,325327.19,241038.46,46285.23
2025-03-15,6号线,35062.0,135600.29,94460.24,
2025-03-15,7号线,76863.0,308518.0,222357.39,33226.76
2025-03-15,8号线,76411.0,308481.79,,49327.61
2025-03-15,9号线,44557.0,185099.04,137113.68,25418.91
2025-03-15,14号线,12651.0,53168.8,38387.95,6980.57
2025-03-15,21号线,57085.0,217179.17,139563.03,42112.28
2025-03-16,1号线,10106.0,43315.02,,7049.46
2025-03-16,2号线,52413.0,217226.61,171159.43,26512.15
2025-03-16,3号线,12775.0,48494.76,38572.8,5343.6
2025-03-16,4号线,30920.0,125521.94,,18988.04
2025-03-16,5号线,92231.0,394406.58,286945.63,48986.17
2025-03-16,6号线,21651.0,81717.48,62405.51,8580.49
2025-03-16,7号线,63841.0,252272.19,152161.16,27173.38
2025-03-16,8号线,31070.0,119832.27,89460.38,19253.83
2025-03-16,9号线,80231.0,328185.41,250929.5,63428.74
2025-03-16,14号线,23742.0,101264.21,,12692.02
2025-03-16,21号线,41747.0,179259.94,114949.27,32261.75
2025-03-17,1号线,59179.0,233910.0,170190.78,42890.75
2025-03-17,2号线,71752.0,276006.17,21728.755,29367.23
2025-03-17,3号线,39576.0,,113944.72,19014.27
2025-03-17,4号线,35805.0,,76202.85,15224.27
2025-03-17,5号线,16443.0,70519.53,51552.23,8887.13
2025-03-17,6号线,41958.0,159407.75,120720.2,30965.45
2025-03-17,7号线,60199.0,242781.49,,26959.23
2025-03-17,8号线,26535.0,95602.09,62234.71,16658.96
2025-03-17,9号线,38247.0,157174.25,103980.06,30079.83
2025-03-17,14号线,51812.0,193120.19,135401.75,37486.96
2025-03-17,21号线,43419.0,171186.17,105369.91,31307.75
2025-03-18,1号线,68796.0,270870.08,199194.65,49783.44
2025-03-18,2号线,,102851.44,67798.5,15007.97
2025-03-18,3号线,29756.0,123450.6,76972.71,14385.51
2025-03-18,4号线,46912.0,198163.21,150185.21,25697.54
2025-03-18,5号线,72819.0,297465.12,199555.75,32880.17
2025-03-18,6号线,52564.0,,136881.9,
2025-03-18,7号线,68259.0,265325.82,170846.16,52000.22
2025-03-18,8号线,42204.0,180741.45,123950.47,27850.54
2025-03-18,9号线,17488.0,66238.31,46985.29,10435.25
2025-03-18,14号线,71640.0,287787.73,207531.67,32151.76
2025-03-18,21号线,49202.0,188875.97,121116.8,26288.88
2025-03-19,1号线,79582.0,329723.39,260576.57,58575.01
2025-03-19,2号线,58576.0,221277.08,160577.53,37365.55
2025-03-19,3号线,41476.0,170690.54,126217.99,29915.88
2025-03-19,4号线,42117.0,171304.57,107147.12,22021.35
2025-03-19,5号线,12144.0,48682.56,33148.62,7226.17
2025-03-19,6号线,13971.0,53933.1,41027.32,10256.86
2025-03-19,7号线,53494.0,213043.08,159487.52,39368.82
2025-03-19,8号线,20986.0,85438.11,60035.11,16995.5
2025-03-19,9号线,53249.0,205661.29,137814.48,28227.7
2025-03-19,14号线,31793.0,118288.03,72044.96,15968.23
2025-03-19,21号线,,78487.4,60314.83,10778.21
2025-03-20,1号线,11308.0,46743.52,33173.12,4985.02
2025-03-20,2号线,36180.0,128733.13,90655.76,17381.59
2025-03-20,3号线,60969.0,244574.59,179574.36,39632.67
2025-03-20,4号线,,131267.7,87869.62,18256.12
2025-03-20,5号线,32027.0,134971.66,104984.41,21309.42
2025-03-20,6号线,33208.0,139877.5,95535.53,23957.91
2025-03-20,7号线,57836.0,219683.62,142420.92,26689.64
2025-03-20,8号线,80243.0,331493.52,248338.6,51644.29
2025-03-20,9号线,57238.0,246344.15,188297.14,40881.08
2025-03-20,14号线,47885.0,170792.57,120690.62,27954.67
2025-03-20,21号线,19065.0,80473.6,52621.88,9583.81
2025-03-21,1号线,78613.0,292957.04,191279.56,48688.55
2025-03-21,2号线,55263.0,220744.12,167178.72,39152.56
2025-03-21,3号线,29552.0,106608.1,64629.01,13428.1
2025-03-21,4号线,83796.0,331763.56,253754.46,54078.78
2025-03-21,5号线,41912.0,179555.38,114953.69,27188.29
2025-03-21,6号线,,84713.93,63501.64,15356.21
2025-03-21,7号线,54062.0,207476.36,157958.6,38549.59
2025-03-21,8号线,58796.0,221351.61,146270.49,29176.45
2025-03-21,9号线,45438.0,180529.75,136615.46,28274.22
2025-03-21,14号线,23759.0,92526.89,55807.46,9411.37
2025-03-21,21号线,49518.0,204308.79,124176.35,37533.97
2025-03-22,1号线,40833.0,171692.23,132698.63,27246.47
2025-03-22,2号线,21430.0,83610.67,56675.17,10274.71
2025-03-22,3号线,21869.0,78290.9,50288.38,15623.98
2025-03-22,4号线,50796.0,202996.13,140520.7,39379.86
2025-03-22,5号线,35377.0,136887.12,100606.18,22963.25
2025-03-22,6号线,69383.0,,203831.47,55212.05
2025-03-22,7号线,36916.0,144080.89,,23042.89
2025-03-22,8号线,24355.0,108312.94,85540.02,11487.72
2025-03-22,9号线,15288.0,65221.26,,11988.68
2025-03-22,14号线,81197.0,329122.49,239537.47,64295.23
2025-03-22,21号线,32885.0,133511.62,97265.29,14400.0
2025-03-23,1号线,35189.0,134871.15,99875.87,14384.38
2025-03-23,2号线,15331.0,63588.36,41285.2,10750.76
2025-03-23,3号线,33632.0,132233.57,102774.4,15823.78
2025-03-23,4号线,13711.0,55049.05,38149.1,
2025-03-23,5号线,76531.0,292901.52,201246.4,40887.93
2025-03-23,6号线,44411.0,-183473.9,130335.35,
2025-03-23,7号线,44745.0,167594.23,102407.54,32553.23
2025-03-23,8号线,62471.0,218181.36,173903.8,25440.42
2025-03-23,9号线,68074.0,255714.21,164664.96,26096.17
2025-03-23,14号线,21967.0,83460.93,66357.67,9765.89
2025-03-23,21号线,68001.0,259400.72,200499.06,29958.85
2025-03-24,1号线,28028.0,120523.6,76074.04,
2025-03-24,2号线,38921.0,155824.44,112941.51,19846.43
2025-03-24,3号线,55616.0,,186450.97,32657.6
2025-03-24,4号线,39665.0,153618.12,106255.55,26499.22
2025-03-24,5号线,44402.0,177794.02,,21321.88
2025-03-24,6号线,54841.0,220864.69,176225.78,41732.81
2025-03-24,7号线,41447.0,162869.67,113059.8,26972.11
2025-03-24,8号线,52503.0,209360.92,140749.32,38936.83
2025-03-24,9号线,34822.0,,91793.01,20338.85
2025-03-24,14号线,46489.0,174286.26,124765.07,25962.11
2025-03-24,21号线,12088.0,48155.11,37872.29,8386.71
2025-03-25,1号线,11549.0,46867.81,30732.57,5711.83
2025-03-25,2号线,43314.0,171555.25,123651.91,27047.64
2025-03-25,3号线,61617.0,79847.05,51945.27,15481.5
2025-03-25,4号线,24358.0,93315.99,71762.25,16758.87
2025-03-25,5号线,67928.0,249045.26,175425.14,39571.62
2025-03-25,6号线,72376.0,313553.69,191488.15,43161.62
2025-03-25,7号线,,38343.48,25699.48,4193.92
2025-03-25,8号线,79782.0,328298.16,257682.7,58627.9
2025-03-25,9号线,49697.0,177709.51,133658.01,20516.42
2025-03-25,14号线,63313.0,270831.97,207324.74,31706.52
2025-03-25,21号线,35721.0,147552.75,108304.68,21665.62
2025-03-26,1号线,49366.0,205490.06,158349.9,39626.37
2025-03-26,2号线,31368.0,130223.58,83746.81,17397.96
2025-03-26,3号线,69431.0,282299.62,203725.45,36163.99
2025-03-26,4号线,27800.0,119851.36,76701.07,12650.61
2025-03-26,5号线,72281.0,282673.03,182998.75,47415.38
2025-03-26,6号线,68061.0,257851.37,193358.93,36901.43
2025-03-26,7号线,,123469.92,81305.35,16448.73
2025-03-26,8号线,72295.0,292011.73,190712.65,47056.63
2025-03-26,9号线,20106.0,76737.29,55551.9,12275.11
2025-03-26,14号线,60643.0,254158.46,166810.09,49900.46
2025-03-26,21号线,10791.0,47367.78,31706.91,6800.33
2025-03-27,1号线,34413.0,132005.05,101631.59,14375.21
2025-03-27,2号线,43949.0,176040.38,138684.49,
2025-03-27,3号线,31373.0,118290.7,74534.31,23280.51
2025-03-27,4号线,15404.0,56592.84,41447.62,9910.41
2025-03-27,5号线,51038.0,195254.26,121635.47,37909.26
2025-03-27,6号线,65999.0,262490.44,170590.34,45072.77
2025-03-27,7号线,32440.0,125172.23,82490.31,16258.08
2025-03-27,8号线,15149.0,58752.09,37420.77,7885.16
2025-03-27,9号线,40429.0,,115449.16,26208.58
2025-03-27,14号线,78930.0,305553.09,221968.32,
2025-03-27,21号线,76686.0,308365.97,206232.55,53439.83
2025-03-28,1号线,10893.0,43982.6,,6699.18
2025-03-28,2号线,66071.0,275639.14,183398.97,27861.91
2025-03-28,3号线,71155.0,274437.48,170081.93,29520.17
2025-03-28,4号线,31382.0,121263.56,90677.65,12519.78
2025-03-28,5号线,14384.0,57758.9,36648.3,9056.45
2025-03-28,6号线,13558.0,55257.93,37835.63,9910.9
2025-03-28,7号线,51233.0,209549.69,140294.3,22010.04
2025-03-28,8号线,11614.0,45369.86,29202.4,9026.02
2025-03-28,9号线,30216.0,111513.33,74919.31,20335.04
2025-03-28,14号线,46716.0,173810.45,132294.59,23085.15
2025-03-28,21号线,71972.0,283703.39,190554.19,54269.41
2025-03-29,1号线,67624.0,252895.59,192625.8,46118.64
2025-03-29,2号线,48309.0,189482.19,149029.82,21196.31
2025-03-29,3号线,22938.0,88270.69,63584.59,17098.99
2025-03-29,4号线,24228.0,95398.13,69762.93,
2025-03-29,5号线,14841.0,59869.97,40923.12,6683.63
2025-03-29,6号线,24607.0,105051.24,67894.2,17662.82
2025-03-29,7号线,21146.0,89647.4,60484.34,11253.76
2025-03-29,8号线,55605.0,218452.71,154300.18,33593.29
2025-03-29,9号线,46277.0,176388.61,125459.15,18153.13
2025-03-29,14号线,69468.0,270395.03,190264.88,46240.65
2025-03-29,21号线,45617.0,182635.89,144578.88,22289.72
2025-03-30,1号线,62682.0,242715.69,164057.2,31955.63
2025-03-30,2号线,61499.0,238618.22,,42497.04
2025-03-30,3号线,28883.0,118726.69,74713.19,21761.77
2025-03-30,4号线,68930.0,270590.39,189439.11,38796.45
2025-03-30,5号线,50164.0,204291.07,159411.71,24825.54
2025-03-30,6号线,15097.0,63663.22,42327.71,7855.39
2025-03-30,7号线,58731.0,221077.38,168258.9,43038.38
2025-03-30,8号线,,129588.22,89529.99,23069.16
2025-03-30,9号线,27613.0,116364.55,85831.56,13037.34
2025-03-30,14号线,36986.0,139423.4,89863.29,18225.66
2025-03-30,21号线,57387.0,217438.3,149695.5,39078.25
2025-03-31,1号线,34935.0,138169.7,83360.34,22959.92
2025-03-31,2号线,17246.0,68208.02,44130.51,12483.1
2025-03-31,3号线,52612.0,206680.67,16230.483,29340.95
2025-03-31,4号线,70997.0,276604.67,187698.12,28453.01
2025-03-31,5号线,10575.0,40582.44,30012.47,5535.9
2025-03-31,6号线,92579.0,394392.34,295908.86,44643.85
2025-03-31,7号线,19624.0,77283.6,49798.18,10182.54
2025-03-31,8号线,60225.0,251226.55,164791.85,33463.33
2025-03-31,9号线,76546.0,296118.43,203854.27,39514.08
2025-03-31,14号线,58056.0,253622.32,163142.58,30652.5
2025-03-31,21号线,30709.0,125636.07,79131.87,15932.84
2025-04-01,1号线,16341.0,62536.77,38230.99,6470.51
2025-04-01,2号线,29279.0,113726.07,,22472.64
2025-04-01,3号线,39616.0,149800.48,93538.76,16644.89
2025-04-01,4号线,25677.0,96823.34,74090.47,16199.44
2025-04-01,5号线,161247.0,237369.23,146315.52,24566.27
2025-04-01,6号线,59182.0,258384.12,199787.85,33317.07
2025-04-01,7号线,,38897.01,26663.8,5174.41
2025-04-01,8号线,46935.0,191845.06,,32404.31
2025-04-01,9号线,12852.0,57652.23,37515.27,8480.35
2025-04-01,14号线,76122.0,293461.78,190927.78,54747.13
2025-04-01,21号线,22640.0,,61568.67,15524.77
2025-04-02,1号线,22678.0,89151.86,53818.95,13052.43
2025-04-02,2号线,45729.0,170877.66,128058.39,20825.1
2025-04-02,3号线,34538.0,142359.41,88889.43,24220.79
2025-04-02,4号线,36592.0,155513.21,108191.42,29996.31
2025-04-02,5号线,17400.0,71264.14,54759.59,10566.43
2025-04-02,6号线,130947.0,182633.75,127573.29,29831.61
2025-04-02,7号线,73338.0,307108.97,218902.33,46074.9
2025-04-02,8号线,29623.0,113765.27,76017.01,21811.85
2025-04-02,9号线,31221.0,124058.25,99034.55,21422.86
2025-04-02,14号线,56882.0,230919.97,175138.54,38710.52
2025-04-02,21号线,43899.0,191740.02,124770.43,33675.96
2025-04-03,1号线,20895.0,-78825.6,57285.9,12560.56
2025-04-03,2号线,45169.0,178741.19,139514.85,32839.46
2025-04-03,3号线,34961.0,,78015.12,22267.88
2025-04-03,4号线,36324.0,150534.9,93880.15,15053.95
2025-04-03,5号线,53154.0,192370.15,121124.61,21008.72
2025-04-03,6号线,,,247003.0,44837.29
2025-04-03,7号线,37764.0,162411.03,105252.06,17783.44
2025-04-03,8号线,39087.0,154910.8,94985.47,29298.56
2025-04-03,9号线,42239.0,177527.52,117372.11,24901.85
2025-04-03,14号线,20393.0,84778.97,57050.66,14738.87
2025-04-03,21号线,15889.0,60401.19,39342.24,10896.95
2025-04-04,1号线,,125258.04,90666.09,14863.62
2025-04-04,2号线,59784.0,218353.75,157961.73,40394.56
2025-04-04,3号线,13526.0,61365.69,40283.66,7965.73
2025-04-04,4号线,,243955.86,149155.93,26968.92
2025-04-04,5号线,54490.0,220771.42,160623.31,40181.89
2025-04-04,6号线,57867.0,233535.6,158765.29,37332.89
2025-04-04,7号线,61029.0,259818.8,193836.35,35460.65
2025-04-04,8号线,33853.0,140483.48,93767.18,27275.95
2025-04-04,9号线,41133.0,171697.99,136209.65,27954.49
2025-04-04,14号线,,202912.61,138478.92,39258.11
2025-04-04,21号线,37859.0,,114336.01,19844.28
2025-04-05,1号线,56539.0,217991.0,135430.71,24287.25
2025-04-05,2号线,41110.0,162471.84,126184.52,22986.93
2025-04-05,3号线,42876.0,184208.29,127377.94,25732.94
2025-04-05,4号线,24726.0,96018.16,60210.21,11499.51
2025-04-05,5号线,48535.0,188876.07,,26470.26
2025-04-05,6号线,51189.0,199600.69,146731.31,20720.27
2025-04-05,7号线,32878.0,139340.57,107902.92,21973.75
2025-04-05,8号线,22848.0,82893.55,60982.99,13203.04
2025-04-05,9号线,60490.0,232247.43,146012.54,26742.03
2025-04-05,14号线,19738.0,72861.59,51347.94,9611.34
2025-04-05,21号线,38642.0,157019.04,96729.59,23189.18
2025-04-06,1号线,42293.0,160620.0,102642.52,
2025-04-06,2号线,56377.0,216335.12,131544.11,30404.23
2025-04-06,3号线,18267.0,,52076.32,13535.43
2025-04-06,4号线,15045.0,,49313.82,6447.07
2025-04-06,5号线,33700.0,132083.27,90869.47,21713.92
2025-04-06,6号线,13708.0,51115.68,38358.52,9740.29
2025-04-06,7号线,76257.0,323457.0,216916.92,58215.25
2025-04-06,8号线,29094.0,122784.38,92933.17,19627.86
2025-04-06,9号线,37408.0,140828.37,84900.66,20819.16
2025-04-06,14号线,38804.0,156242.54,114573.34,16875.85
2025-04-06,21号线,9985.0,41564.66,29910.0,5757.13
2025-04-07,1号线,32618.0,,97332.69,26458.84
2025-04-07,2号线,,72364.51,43792.24,11240.31
2025-04-07,3号线,23435.0,94569.53,67293.29,18533.65
2025-04-07,4号线,16758.0,62551.83,4560.744000000001,6540.33
2025-04-07,5号线,57436.0,239174.61,147197.03,27980.73
2025-04-07,6号线,36488.0,138212.13,89723.1,18771.14
2025-04-07,7号线,27215.0,113876.83,69395.93,21956.04
2025-04-07,8号线,69140.0,277971.49,167015.69,46433.31
2025-04-07,9号线,31893.0,122925.05,83925.33,20319.18
2025-04-07,14号线,73568.0,295110.0,183838.99,43983.45
2025-04-07,21号线,53787.0,226337.72,160560.76,33386.85
2025-04-08,1号线,51105.0,219210.15,15904.772,36113.95
2025-04-08,2号线,31793.0,127497.55,82227.18,17841.15
2025-04-08,3号线,33142.0,142142.64,85759.65,16982.83
2025-04-08,4号线,61749.0,266745.27,190902.1,48884.05
2025-04-08,5号线,51312.0,209603.3,143193.37,32458.92
2025-04-08,6号线,46959.0,203136.8,127285.92,23538.21
2025-04-08,7号线,69814.0,262937.1,183204.19,
2025-04-08,8号线,36897.0,161296.73,101986.56,23738.68
2025-04-08,9号线,28059.0,108227.79,66433.54,19778.62
2025-04-08,14号线,25454.0,101637.04,75197.98,13523.43
2025-04-08,21号线,90870.0,369170.86,275772.49,59440.49
2025-04-09,1号线,,103162.01,63154.31,17475.82
2025-04-09,2号线,49887.0,199225.92,148806.16,
2025-04-09,3号线,11733.0,46786.89,33926.87,7254.45
2025-04-09,4号线,53975.0,,138372.49,22134.19
2025-04-09,5号线,14935.0,56816.3,37681.45,9243.83
2025-04-09,6号线,,331837.11,259698.48,52168.87
2025-04-09,7号线,43405.0,168079.07,,21958.11
2025-04-09,8号线,47096.0,189728.58,145390.55,22337.25
2025-04-09,9号线,82259.0,344643.94,246694.59,34967.88
2025-04-09,14号线,33664.0,144621.28,111748.28,18928.07
2025-04-09,21号线,62809.0,236035.33,167934.65,40291.59
2025-04-10,1号线,15869.0,65869.29,48467.5,
2025-04-10,2号线,13779.0,56974.65,35699.49,9335.23
2025-04-10,3号线,57103.0,225814.08,147058.78,27564.02
2025-04-10,4号线,17824.0,67522.26,52825.72,7024.27
2025-04-10,5号线,39499.0,144624.15,92839.75,28585.85
2025-04-10,6号线,23315.0,89810.7,60603.31,16940.89
2025-04-10,7号线,24444.0,96386.82,70780.87,16668.27
2025-04-10,8号线,10754.0,39873.84,26413.95,5691.86
2025-04-10,9号线,86589.0,321761.34,218687.06,32395.4
2025-04-10,14号线,11542.0,44703.81,34951.7,6125.46
2025-04-10,21号线,9778.0,36849.41,,5476.46
2025-04-11,1号线,29606.0,,94498.49,25666.58
2025-04-11,2号线,45585.0,187361.62,117913.98,31670.16
2025-04-11,3号线,70862.0,281295.87,206435.0,34635.4
2025-04-11,4号线,52454.0,202177.89,153752.08,37633.76
2025-04-11,5号线,14871.0,59159.12,43572.5,7309.84
2025-04-11,6号线,16140.0,63184.01,39574.5,
2025-04-11,7号线,27186.0,105176.97,76252.88,17231.67
2025-04-11,8号线,75682.0,302089.4,193007.03,54996.95
2025-04-11,9号线,41705.0,168584.96,125440.16,25475.1
2025-04-11,14号线,30655.0,121926.81,97084.02,23562.22
2025-04-11,21号线,19691.0,82455.38,60967.91,11238.53
2025-04-12,1号线,37318.0,146109.11,105549.47,19086.25
2025-04-12,2号线,28090.0,120520.8,78834.08,15050.54
2025-04-12,3号线,58008.0,236064.59,188637.99,45124.09
2025-04-12,4号线,45294.0,182154.36,115393.32,26641.78
2025-04-12,5号线,34927.0,155829.72,97810.31,30896.97
2025-04-12,6号线,18189.0,67673.74,,10354.51
2025-04-12,7号线,69467.0,273019.45,212685.24,50597.12
2025-04-12,8号线,15963.0,62940.5,47231.99,9522.11
2025-04-12,9号线,63541.0,248215.75,161816.97,24862.38
2025-04-12,14号线,49760.0,,116992.81,37337.41
2025-04-12,21号线,44989.0,174904.06,131277.69,30308.41
2025-04-13,1号线,20461.0,82531.73,56625.61,9236.46
2025-04-13,2号线,21342.0,85151.55,63761.97,14569.44
2025-04-13,3号线,20128.0,78685.21,59838.56,10553.61
2025-04-13,4号线,11210.0,46115.05,35761.78,8177.04
2025-04-13,5号线,71704.0,308387.64,246021.82,45741.04
2025-04-13,6号线,48926.0,198111.32,134661.91,36906.6
2025-04-13,7号线,69810.0,297439.58,178879.11,41745.08
2025-04-13,8号线,67525.0,255022.95,162445.56,36421.24
2025-04-13,9号线,48703.0,182663.57,,36121.65
2025-04-13,14号线,22629.0,90126.47,,17605.33
2025-04-13,21号线,86441.0,325033.08,249905.9,62270.08
2025-04-14,1号线,35169.0,142924.23,87770.79,27290.37
2025-04-14,2号线,33138.0,131433.78,82514.18,18927.4
2025-04-14,3号线,19284.0,75880.18,57205.2,14681.26
2025-04-14,4号线,39330.0,150312.26,98874.46,20698.81
2025-04-14,5号线,51648.0,222912.15,160149.96,37915.92
2025-04-14,6号线,39052.0,154639.71,113033.13,21822.82
2025-04-14,7号线,18619.0,70023.74,43238.91,
2025-04-14,8号线,22723.0,87146.02,69187.24,15117.29
2025-04-14,9号线,57324.0,215721.33,170324.05,24618.1
2025-04-14,14号线,62574.0,252312.96,175495.88,37295.87
2025-04-14,21号线,79435.0,339727.3,234431.03,52015.97
2025-04-15,1号线,74508.0,305198.3,187332.97,40737.53
2025-04-15,2号线,69102.0,279405.73,202243.26,50986.15
2025-04-15,3号线,62578.0,231341.98,183581.09,38351.07
2025-04-15,4号线,26985.0,116974.05,86469.08,15937.74
2025-04-15,5号线,81294.0,322817.23,205322.0,35828.29
2025-04-15,6号线,24648.0,92117.59,56602.15,14515.76
2025-04-15,7号线,71139.0,303826.72,187586.94,36524.51
2025-04-15,8号线,129216.0,159960.63,103385.73,29575.5
2025-04-15,9号线,29237.0,113514.76,,12617.03
2025-04-15,14号线,34410.0,149020.19,115773.15,23157.64
2025-04-15,21号线,69675.0,287162.12,189611.03,45927.93
2025-04-16,1号线,,50623.86,33804.83,9882.09
2025-04-16,2号线,,328506.15,,43167.15
2025-04-16,3号线,52788.0,207873.25,128345.49,30918.74
2025-04-16,4号线,53687.0,213655.79,147202.53,31814.38
2025-04-16,5号线,74506.0,310684.24,233769.67,56289.98
2025-04-16,6号线,75812.0,299926.95,201746.19,53804.95
2025-04-16,7号线,56022.0,235842.82,167193.48,24552.85
2025-04-16,8号线,62440.0,248135.81,168825.46,41531.89
2025-04-16,9号线,18550.0,83106.76,,12302.25
2025-04-16,14号线,52414.0,207063.31,148937.91,30742.47
2025-04-16,21号线,52998.0,211018.48,,36192.31
2025-04-17,1号线,69224.0,283186.57,186884.37,55564.1
2025-04-17,2号线,28966.0,121679.22,89233.01,18385.37
2025-04-17,3号线,56902.0,214094.17,164385.77,33198.74
2025-04-17,4号线,49197.0,196074.23,151194.84,27809.03
2025-04-17,5号线,13205.0,51368.49,36957.7,7158.9
2025-04-17,6号线,46604.0,182859.45,112797.38,24797.44
2025-04-17,7号线,52130.0,205897.02,152635.75,31612.35
2025-04-17,8号线,44117.0,170050.67,119650.28,29725.13
2025-04-17,9号线,75852.0,306236.01,224589.04,43957.0
2025-04-17,14号线,35188.0,141947.3,100146.32,17869.81
2025-04-17,21号线,14008.0,57554.55,40084.14,
2025-04-18,1号线,,175140.99,125495.04,19687.73
2025-04-18,2号线,,354305.2,226190.1,59051.54
2025-04-18,3号线,,328893.04,232110.12,43888.89
2025-04-18,4号线,80494.0,313150.63,199525.61,33975.79
2025-04-18,5号线,18934.0,83053.84,54429.4,12941.21
2025-04-18,6号线,36385.0,151810.12,99826.68,26182.63
2025-04-18,7号线,10804.0,44969.19,34646.18,4681.0
2025-04-18,8号线,58595.0,238606.43,166309.54,25898.41
2025-04-18,9号线,29947.0,114802.66,79387.77,16937.82
2025-04-18,14号线,53357.0,220186.48,140697.33,33136.12
2025-04-18,21号线,50939.0,203330.79,140959.2,36435.57
2025-04-19,1号线,41398.0,155486.55,115653.25,24061.82
2025-04-19,2号线,31077.0,,69603.89,16589.49
2025-04-19,3号线,44656.0,167099.62,111963.38,27023.68
2025-04-19,4号线,55974.0,220987.59,166474.19,43452.22
2025-04-19,5号线,66821.0,304017.44,199715.16,46125.81
2025-04-19,6号线,34942.0,154782.46,107791.04,27207.3
2025-04-19,7号线,77065.0,294990.93,183679.03,34570.36
2025-04-19,8号线,52863.0,204109.51,143501.44,22500.36
2025-04-19,9号线,13186.0,53781.23,38757.05,5806.84
2025-04-19,14号线,52965.0,208449.97,139488.84,21579.06
2025-04-19,21号线,38261.0,151230.34,,28722.41
2025-04-20,1号线,11711.0,44177.44,33972.19,6522.01
2025-04-20,2号线,,351724.3,232206.01,41645.73
2025-04-20,3号线,53488.0,208183.7,153880.86,40475.26
2025-04-20,4号线,164685.0,217466.36,139439.68,42451.51
2025-04-20,5号线,41974.0,180248.05,128531.86,18403.49
2025-04-20,6号线,31376.0,126391.57,91875.46,20490.43
2025-04-20,7号线,37724.0,154045.16,103623.22,29856.74
2025-04-20,8号线,42684.0,177311.47,139345.66,21362.53
2025-04-20,9号线,28364.0,109911.2,72162.54,14337.81
2025-04-20,14号线,32942.0,120506.38,,19628.96
2025-04-20,21号线,48755.0,184348.85,138489.94,25693.72
2025-04-21,1号线,77423.0,,196231.71,
2025-04-21,2号线,19449.0,72258.59,52947.38,8080.23
2025-04-21,3号线,16382.0,66208.19,41734.24,10578.8
2025-04-21,4号线,34908.0,128297.14,83557.7,24812.38
2025-04-21,5号线,77114.0,309975.12,208814.75,
2025-04-21,6号线,43382.0,154825.23,115108.31,22350.0
2025-04-21,7号线,19735.0,76907.5,61013.89,13052.48
2025-04-21,8号线,,60969.84,36952.8,10528.74
2025-04-21,9号线,70822.0,276945.22,169612.61,50478.89
2025-04-21,14号线,46900.0,188653.57,130903.2,35049.15
2025-04-21,21号线,16461.0,67189.61,47209.97,11525.58
2025-04-22,1号线,42285.0,163464.14,124904.41,16463.16
2025-04-22,2号线,25512.0,101735.79,79173.64,14857.04
2025-04-22,3号线,87207.0,332019.9,233845.0,37340.53
2025-04-22,4号线,77915.0,294394.94,212311.56,42049.95
2025-04-22,5号线,42344.0,154604.36,96223.73,24883.66
2025-04-22,6号线,67249.0,236361.51,164365.01,32835.54
2025-04-22,7号线,26812.0,107729.84,,20957.46
2025-04-22,8号线,79797.0,328142.29,226603.57,41959.37
2025-04-22,9号线,50094.0,183272.16,121851.39,35777.36
2025-04-22,14号线,39117.0,,93443.91,17498.85
2025-04-22,21号线,24190.0,102037.4,75770.57,14212.88
2025-04-23,1号线,73451.0,295956.25,177939.78,53588.31
2025-04-23,2号线,35062.0,152996.62,110469.56,29717.63
2025-04-23,3号线,35726.0,139823.37,103143.18,24450.89
2025-04-23,4号线,49818.0,221993.98,151206.55,
2025-04-23,5号线,46354.0,182650.9,120382.36,19919.17
2025-04-23,6号线,22847.0,97582.15,73618.94,11421.63
2025-04-23,7号线,,103006.87,77909.86,15288.0
2025-04-23,8号线,51273.0,205783.22,137380.12,35096.12
2025-04-23,9号线,29229.0,,70366.02,10887.57
2025-04-23,14号线,64553.0,240867.55,185217.4,26004.18
2025-04-23,21号线,73470.0,301582.66,208098.66,58079.61
2025-04-24,1号线,23633.0,93135.79,60770.82,14726.77
2025-04-24,2号线,42273.0,160884.61,114239.37,24357.21
2025-04-24,3号线,49646.0,195326.08,123470.83,22912.22
2025-04-24,4号线,36768.0,143905.0,89405.64,
2025-04-24,5号线,67836.0,244289.26,162243.91,29125.58
2025-04-24,6号线,16410.0,66834.55,46045.17,10536.77
2025-04-24,7号线,,99758.06,59908.87,18454.71
2025-04-24,8号线,12357.0,47920.6,29366.65,7648.81
2025-04-24,9号线,48358.0,189270.22,114711.15,34897.89
2025-04-24,14号线,18893.0,74924.13,55101.38,
2025-04-24,21号线,63161.0,242355.43,187955.95,26406.22
2025-04-25,1号线,15495.0,59873.51,40847.43,10202.63
2025-04-25,2号线,66648.0,266977.58,206439.19,49967.15
2025-04-25,3号线,52998.0,219750.44,134840.51,28939.03
2025-04-25,4号线,49957.0,,113446.57,32047.06
2025-04-25,5号线,65433.0,276492.49,169263.48,47047.0
2025-04-25,6号线,12864.0,53278.98,33843.07,9943.1
2025-04-25,7号线,13759.0,53414.94,35188.87,7725.54
2025-04-25,8号线,78020.0,294077.79,212305.45,56318.79
2025-04-25,9号线,13581.0,49683.32,36986.41,5833.6
2025-04-25,14号线,37688.0,167924.48,102473.08,20702.71
2025-04-25,21号线,14359.0,54995.71,33577.3,
2025-04-26,1号线,67244.0,244317.5,154582.31,31862.03
2025-04-26,2号线,68153.0,280542.0,211403.24,31251.42
2025-04-26,3号线,35150.0,140580.88,91814.99,25399.78
2025-04-26,4号线,37111.0,146039.71,90002.73,20956.91
2025-04-26,5号线,41911.0,161175.36,122332.47,18750.41
2025-04-26,6号线,,118769.8,83713.62,19798.16
2025-04-26,7号线,23770.0,95917.61,69560.5,10313.82
2025-04-26,8号线,11660.0,47943.37,33031.44,9106.42
2025-04-26,9号线,45928.0,189088.33,145029.76,32340.75
2025-04-26,14号线,81317.0,327211.09,252489.61,38303.37
2025-04-26,21号线,52773.0,200915.25,157946.4,20586.67
2025-04-27,1号线,,74353.86,44934.2,8117.79
2025-04-27,2号线,82229.0,350641.92,219386.12,57862.48
2025-04-27,3号线,75483.0,324507.66,208506.84,35599.08
2025-04-27,4号线,66183.0,263923.57,180887.66,38771.03
2025-04-27,5号线,50407.0,212121.87,149559.42,22613.36
2025-04-27,6号线,27788.0,114100.32,85564.87,19391.74
2025-04-27,7号线,70827.0,267261.65,167051.96,44245.43
2025-04-27,8号线,19463.0,79295.4,61364.37,13772.24
2025-04-27,9号线,20357.0,75268.15,57788.47,14128.74
2025-04-27,14号线,93477.0,362592.77,241769.78,45478.53
2025-04-27,21号线,41875.0,173196.93,105607.39,31932.82
2025-04-28,1号线,72974.0,262361.17,162210.21,46087.59
2025-04-28,2号线,43087.0,175746.67,112106.81,24624.71
2025-04-28,3号线,66886.0,271511.37,163857.01,28481.67
2025-04-28,4号线,21237.0,89165.37,59733.92,14233.88
2025-04-28,5号线,63067.0,258460.11,168536.83,47515.3
2025-04-28,6号线,,322318.5,206663.01,43592.97
2025-04-28,7号线,52917.0,223252.33,,36161.25
2025-04-28,8号线,56402.0,239632.18,181232.0,40816.0
2025-04-28,9号线,83743.0,352138.44,246301.76,68677.81
2025-04-28,14号线,51966.0,218817.31,173214.51,22613.1
2025-04-28,21号线,13150.0,54392.26,39393.34,5700.74
2025-04-29,1号线,74483.0,286536.52,186442.4,54300.86
2025-04-29,2号线,83412.0,361630.68,271572.16,47354.18
2025-04-29,3号线,27266.0,115893.41,75538.43,21773.43
2025-04-29,4号线,63159.0,243253.42,190077.52,
2025-04-29,5号线,33413.0,136823.14,87299.4,20809.24
2025-04-29,6号线,27896.0,106364.12,65797.22,12166.65
2025-04-29,7号线,95825.0,434549.2,270048.2,61857.3
2025-04-29,8号线,26731.0,109819.75,68035.75,12814.3
2025-04-29,9号线,19910.0,83917.99,61357.83,12900.51
2025-04-29,14号线,10756.0,40359.6,,4603.38
2025-04-29,21号线,54775.0,232244.64,184864.66,46114.51
2025-04-30,1号线,19204.0,73994.14,57080.51,13445.53
2025-04-30,2号线,57933.0,254270.2,174824.24,
2025-04-30,3号线,69937.0,266996.02,210419.41,52139.9
2025-04-30,4号线,61703.0,257319.74,157854.58,32628.07
2025-04-30,5号线,35886.0,135719.65,102912.49,22808.51
2025-04-30,6号线,63190.0,251565.93,196128.17,48688.7
2025-04-30,7号线,42443.0,-156123.22,97029.04,15876.37
2025-04-30,8号线,44972.0,,139781.64,21170.42
2025-04-30,9号线,29377.0,112602.33,72894.19,12205.67
2025-04-30,14号线,,67391.96,53609.47,13238.16
2025-04-30,21号线,19555.0,84980.87,54612.18,15141.29
2025-05-01,1号线,55898.0,216180.97,,35230.66
2025-05-01,2号线,51622.0,215073.94,132058.36,22725.26
2025-05-01,3号线,38694.0,160843.24,123622.36,23256.11
2025-05-01,4号线,10767.0,46624.23,29166.37,7377.06
2025-05-01,5号线,46636.0,188018.53,143497.88,26925.52
2025-05-01,6号线,29582.0,116870.37,89139.57,20042.72
2025-05-01,7号线,67149.0,269685.73,,34442.76
2025-05-01,8号线,12837.0,49194.23,32665.13,7408.87
2025-05-01,9号线,34245.0,145492.71,97287.42,14827.15
2025-05-01,14号线,18054.0,-80426.75,,8102.7
2025-05-01,21号线,59195.0,231908.59,149952.98,42048.32
2025-05-02,1号线,43600.0,157130.61,96456.44,24798.64
2025-05-02,2号线,41132.0,161276.8,118353.57,23354.26
2025-05-02,3号线,75081.0,302280.11,236487.5,51450.57
2025-05-02,4号线,23437.0,80471.76,57390.07,15424.47
2025-05-02,5号线,,178070.48,128878.4,19261.52
2025-05-02,6号线,,,173234.07,50698.26
2025-05-02,7号线,92832.0,127359.41,99306.41,18550.01
2025-05-02,8号线,24527.0,108444.26,81940.16,13235.3
2025-05-02,9号线,84445.0,336009.32,,
2025-05-02,14号线,25035.0,104934.48,75254.99,11642.3
2025-05-02,21号线,79507.0,301250.31,195538.83,51741.59
2025-05-03,1号线,33768.0,145633.96,113375.13,15708.47
2025-05-03,2号线,63959.0,251360.59,161911.36,38541.33
2025-05-03,3号线,20599.0,83996.85,61070.16,8748.77
2025-05-03,4号线,145083.0,181379.94,109085.22,30476.38
2025-05-03,5号线,12254.0,48878.4,35682.34,8514.73
2025-05-03,6号线,43517.0,168623.32,,23613.28
2025-05-03,7号线,50618.0,190947.48,115985.83,20635.12
2025-05-03,8号线,71917.0,296190.6,225408.11,54799.19
2025-05-03,9号线,18815.0,,58115.62,8106.91
2025-05-03,14号线,50274.0,233534.11,152160.48,39732.64
2025-05-03,21号线,79279.0,308328.25,206066.53,60226.26
2025-05-04,1号线,35613.0,149694.41,93576.43,26429.2
2025-05-04,2号线,11480.0,44672.19,31596.87,8308.76
2025-05-04,3号线,44702.0,,130009.1,27382.53
2025-05-04,4号线,15559.0,,50754.53,9578.75
2025-05-04,5号线,14391.0,58720.43,41349.54,9802.0
2025-05-04,6号线,64232.0,246310.26,189820.71,45718.97
2025-05-04,7号线,24010.0,94086.14,72912.35,10621.41
2025-05-04,8号线,17795.0,75738.86,57393.61,9343.83
2025-05-04,9号线,,198143.32,149128.61,35710.36
2025-05-04,14号线,31424.0,132126.61,82634.9,18861.63
2025-05-04,21号线,18978.0,72076.08,55544.36,11397.54
2025-05-05,1号线,62732.0,251171.16,177612.62,35018.05
2025-05-05,2号线,19424.0,75505.18,50416.49,7969.07
2025-05-05,3号线,59637.0,213589.52,152621.35,26449.58
2025-05-05,4号线,55252.0,247435.64,176047.53,48950.95
2025-05-05,5号线,30469.0,123486.4,78262.2,18037.32
2025-05-05,6号线,54627.0,217018.53,153827.45,33675.03
2025-05-05,7号线,13501.0,53849.02,36373.38,6775.43
2025-05-05,8号线,15394.0,58730.29,36138.18,9772.91
2025-05-05,9号线,66320.0,259716.62,173424.89,
2025-05-05,14号线,23444.0,93046.39,,11012.64
2025-05-05,21号线,55552.0,212675.16,138984.36,32309.76
2025-05-06,1号线,13428.0,54359.87,42653.87,8397.65
2025-05-06,2号线,25301.0,99059.31,60189.41,17123.76
2025-05-06,3号线,68881.0,270291.64,208951.36,43323.6
2025-05-06,4号线,62620.0,240977.22,162706.43,42323.07
2025-05-06,5号线,14356.0,57017.3,,10273.52
2025-05-06,6号线,32521.0,129935.58,97201.65,
2025-05-06,7号线,46330.0,173474.16,120993.88,28191.14
2025-05-06,8号线,35112.0,140847.76,,16723.51
2025-05-06,9号线,10962.0,42124.63,33662.8,7016.49
2025-05-06,14号线,53552.0,205360.01,,28181.7
2025-05-06,21号线,40112.0,161658.67,124038.75,24441.8
2025-05-07,1号线,11176.0,45224.51,28922.79,5964.29
2025-05-07,2号线,12563.0,49653.62,39426.13,5074.51
2025-05-07,3号线,48828.0,204763.4,128412.31,23458.28
2025-05-07,4号线,67427.0,269324.91,215451.81,26991.32
2025-05-07,5号线,,49069.73,37707.08,5934.03
2025-05-07,6号线,64257.0,269514.54,175867.39,47630.74
2025-05-07,7号线,50505.0,,151744.64,33677.18
2025-05-07,8号线,40909.0,154472.0,116559.63,27853.93
2025-05-07,9号线,18253.0,76031.63,45851.8,13537.98
2025-05-07,14号线,26806.0,110458.8,74376.82,12214.59
2025-05-07,21号线,19283.0,74846.96,52440.46,
2025-05-08,1号线,22186.0,83725.34,64353.72,13766.23
2025-05-08,2号线,12572.0,47628.77,30630.18,5815.81
2025-05-08,3号线,8880.0,35536.2,22524.29,4220.02
2025-05-08,4号线,82313.0,331534.58,217961.76,44019.41
2025-05-08,5号线,35039.0,124800.13,90344.88,20760.38
2025-05-08,6号线,,199517.06,140447.44,23754.02
2025-05-08,7号线,23784.0,100986.82,80414.22,11082.06
2025-05-08,8号线,,149115.61,117156.33,15890.15
2025-05-08,9号线,28144.0,119910.24,86498.28,22177.04
2025-05-08,14号线,32389.0,137673.54,103590.74,23591.84
2025-05-08,21号线,75037.0,,208069.6,59611.58
2025-05-09,1号线,37788.0,144686.33,114719.83,24855.24
2025-05-09,2号线,52691.0,208280.03,155150.2,27316.18
2025-05-09,3号线,64035.0,219903.25,166154.91,30398.62
2025-05-09,4号线,59969.0,239907.92,161355.63,38411.44
2025-05-09,5号线,29404.0,104558.15,76760.89,13273.02
2025-05-09,6号线,21247.0,79263.17,52544.57,8595.07
2025-05-09,7号线,47510.0,212769.83,150885.71,28924.44
2025-05-09,8号线,62725.0,,134767.93,22902.71
2025-05-09,9号线,82483.0,381284.43,247310.58,66524.63
2025-05-09,14号线,32344.0,120578.08,79250.66,15041.67
2025-05-09,21号线,32567.0,139569.53,106233.74,25474.91
2025-05-10,1号线,53915.0,223569.85,134470.91,33942.5
2025-05-10,2号线,33977.0,136788.27,,21072.95
2025-05-10,3号线,67977.0,279053.92,179100.05,51582.62
2025-05-10,4号线,65506.0,241070.01,166601.82,38140.77
2025-05-10,5号线,60915.0,228284.46,174875.16,37986.81
2025-05-10,6号线,25039.0,102852.37,81620.86,19437.42
2025-05-10,7号线,55165.0,210562.53,153525.18,39839.67
2025-05-10,8号线,13287.0,56357.67,41126.84,9734.48
2025-05-10,9号线,56076.0,211821.74,150878.01,39166.77
2025-05-10,14号线,67077.0,265803.63,195855.23,50035.97
2025-05-10,21号线,49446.0,200774.09,141453.75,20551.07
2025-05-11,1号线,38713.0,155002.66,94482.84,
2025-05-11,2号线,29024.0,114864.22,76063.25,21662.5
2025-05-11,3号线,61633.0,254578.19,166464.5,48050.15
2025-05-11,4号线,26988.0,106766.31,84293.39,18863.99
2025-05-11,5号线,35347.0,141177.21,105452.65,17677.42
2025-05-11,6号线,20375.0,87523.14,62188.76,9756.57
2025-05-11,7号线,48319.0,199934.2,148497.21,25039.79
2025-05-11,8号线,79048.0,309487.09,219066.96,60932.27
2025-05-11,9号线,23746.0,87594.12,53425.29,9588.76
2025-05-11,14号线,35760.0,144092.08,107239.8,
2025-05-11,21号线,11846.0,48216.6,38073.74,7168.61
2025-05-12,1号线,13432.0,-56333.91,36745.45,10965.95
2025-05-12,2号线,85210.0,349389.72,254881.18,68792.89
2025-05-12,3号线,40428.0,172755.84,122313.88,30225.61
2025-05-12,4号线,47373.0,173105.66,,19256.03
2025-05-12,5号线,57583.0,236313.25,161844.89,40520.54
2025-05-12,6号线,20987.0,,53390.67,11448.04
2025-05-12,7号线,36195.0,137996.21,83510.86,16860.09
2025-05-12,8号线,73412.0,300083.35,239069.64,55248.56
2025-05-12,9号线,80116.0,322031.5,,54203.56
2025-05-12,14号线,49664.0,202888.4,,30605.29
2025-05-12,21号线,18725.0,77629.88,61805.21,8971.63
2025-05-13,1号线,38524.0,153824.97,,29345.97
2025-05-13,2号线,28427.0,111391.43,79190.85,21182.54
2025-05-13,3号线,66295.0,-256126.23,201073.85,47843.53
2025-05-13,4号线,30947.0,118513.24,75575.89,21391.25
2025-05-13,5号线,64955.0,,185134.54,39461.48
2025-05-13,6号线,45179.0,180798.59,124464.15,24120.42
2025-05-13,7号线,45822.0,181923.9,118567.27,
2025-05-13,8号线,76435.0,300276.87,,48280.4
2025-05-13,9号线,60061.0,243320.08,163325.88,41291.73
2025-05-13,14号线,75249.0,301232.25,185469.29,
2025-05-13,21号线,45853.0,185489.19,121335.29,25421.13
2025-05-14,1号线,78326.0,313928.14,245655.01,58823.69
2025-05-14,2号线,15223.0,60766.28,38781.8,10880.29
2025-05-14,3号线,55243.0,210931.61,152555.89,31278.6
2025-05-14,4号线,33485.0,131604.32,85595.41,25277.99
2025-05-14,5号线,90363.0,325113.53,256479.71,39412.78
2025-05-14,6号线,13089.0,51893.11,39631.74,9857.62
2025-05-14,7号线,62488.0,,184460.26,30574.65
2025-05-14,8号线,31696.0,123569.97,79076.62,16944.79
2025-05-14,9号线,51839.0,210827.54,143631.17,31309.43
2025-05-14,14号线,15117.0,58737.39,43974.27,8447.09
2025-05-14,21号线,50099.0,191684.46,135124.98,31424.27
2025-05-15,1号线,31450.0,129875.94,88499.46,21789.05
2025-05-15,2号线,42189.0,175729.68,108618.39,26316.03
2025-05-15,3号线,36010.0,148395.48,115518.1,21234.52
2025-05-15,4号线,30131.0,125439.96,79737.96,15546.65
2025-05-15,5号线,18609.0,,54186.74,14586.04
2025-05-15,6号线,35053.0,143138.68,95387.64,24969.72
2025-05-15,7号线,19912.0,83188.76,60667.32,15583.84
2025-05-15,8号线,39656.0,164367.27,116874.86,25108.41
2025-05-15,9号线,54587.0,224066.61,135230.71,33991.05
2025-05-15,14号线,15855.0,56825.48,34921.94,10172.51
2025-05-15,21号线,34843.0,134925.4,88615.71,19999.87
2025-05-16,1号线,28591.0,122160.06,93058.08,15816.08
2025-05-16,2号线,72536.0,269786.24,207803.45,48520.63
2025-05-16,3号线,,354628.91,276842.73,38957.65
2025-05-16,4号线,48659.0,200023.23,154299.08,28305.43
2025-05-16,5号线,66701.0,277616.2,192588.01,44177.1
2025-05-16,6号线,12347.0,45841.72,28326.99,6130.68
2025-05-16,7号线,57780.0,232932.92,,23388.94
2025-05-16,8号线,61941.0,244357.16,179086.95,41755.73
2025-05-16,9号线,75843.0,318106.67,199952.05,56122.02
2025-05-16,14号线,66387.0,280572.42,224152.91,47112.93
2025-05-16,21号线,44801.0,182237.41,128233.86,28927.42
2025-05-17,1号线,16087.0,63757.9,45552.66,12746.53
2025-05-17,2号线,62152.0,240546.54,173281.37,25606.2
2025-05-17,3号线,58512.0,243068.24,151326.53,45454.37
2025-05-17,4号线,46279.0,179920.37,134465.09,26149.92
2025-05-17,5号线,47641.0,185923.99,129473.76,27946.86
2025-05-17,6号线,33741.0,137359.78,97540.43,25080.36
2025-05-17,7号线,34102.0,142320.92,92641.29,28438.5
2025-05-17,8号线,15363.0,65015.03,43758.08,9982.49
2025-05-17,9号线,49125.0,204401.82,140069.14,27261.16
2025-05-17,14号线,16715.0,65459.02,49847.52,9875.7
2025-05-17,21号线,14167.0,56836.45,40895.11,10284.14
2025-05-18,1号线,65479.0,262165.89,207937.95,31860.21
2025-05-18,2号线,46099.0,177833.43,,34894.4
2025-05-18,3号线,47002.0,188226.05,146971.18,21768.89
2025-05-18,4号线,57489.0,234291.71,185934.94,44860.99
2025-05-18,5号线,13016.0,56445.34,37603.79,10371.55
2025-05-18,6号线,16380.0,66049.72,42625.3,12757.44
2025-05-18,7号线,31840.0,117957.88,77266.9,22525.08
2025-05-18,8号线,41873.0,162418.09,125803.54,29471.82
2025-05-18,9号线,27545.0,111896.0,75929.03,13199.83
2025-05-18,14号线,42853.0,165500.12,113450.59,28678.5
2025-05-18,21号线,31468.0,,84702.18,
2025-05-19,1号线,35122.0,139555.9,84565.03,14092.07
2025-05-19,2号线,13932.0,56052.79,33686.43,10855.53
2025-05-19,3号线,25756.0,109355.08,80033.87,16520.09
2025-05-19,4号线,67784.0,280041.57,195099.49,31130.43
2025-05-19,5号线,67245.0,263309.98,168495.83,27325.9
2025-05-19,6号线,10690.0,41449.44,31928.42,6147.23
2025-05-19,7号线,44359.0,190949.76,143405.58,31933.04
2025-05-19,8号线,53530.0,233050.02,183382.9,24434.46
2025-05-19,9号线,63939.0,263907.93,178519.85,33827.5
2025-05-19,14号线,38883.0,172338.98,108881.17,18155.2
2025-05-19,21号线,53078.0,209457.29,157775.97,31375.63
2025-05-20,1号线,38373.0,140787.57,99612.37,14145.1
2025-05-20,2号线,19933.0,81253.82,50970.57,9983.42
2025-05-20,3号线,34056.0,127433.99,76641.26,23185.32
2025-05-20,4号线,55914.0,235243.14,186123.43,36023.72
2025-05-20,5号线,11066.0,46545.71,34362.85,8856.85
2025-05-20,6号线,41363.0,163736.74,100718.74,25822.33
2025-05-20,7号线,60246.0,250401.24,158627.71,34530.48
2025-05-20,8号线,23073.0,88476.35,62087.25,15227.87
2025-05-20,9号线,35777.0,142560.51,86684.81,25729.79
2025-05-20,14号线,15822.0,64567.85,43244.46,10937.0
2025-05-20,21号线,53652.0,224037.05,154837.64,38215.32
2025-05-21,1号线,46340.0,186386.18,118794.07,34131.89
2025-05-21,2号线,64447.0,277817.6,185921.57,51004.21
2025-05-21,3号线,19801.0,82379.13,49682.83,9611.7
2025-05-21,4号线,21201.0,78911.69,61008.92,9795.7
2025-05-21,5号线,77792.0,297947.98,197225.66,55381.14
2025-05-21,6号线,74965.0,337356.0,205117.11,66942.29
2025-05-21,7号线,66726.0,254640.17,167262.35,40380.29
2025-05-21,8号线,41788.0,165986.58,130032.59,33144.33
2025-05-21,9号线,21581.0,,63989.41,13416.66
2025-05-21,14号线,76760.0,295688.51,178616.03,35636.0
2025-05-21,21号线,21975.0,79594.75,,11649.1
2025-05-22,1号线,82333.0,300603.54,204649.47,43891.64
2025-05-22,2号线,47954.0,194027.04,,21944.74
2025-05-22,3号线,28213.0,103888.49,67367.39,19993.28
2025-05-22,4号线,66017.0,238224.48,172625.67,25595.51
2025-05-22,5号线,,125791.19,91510.69,19582.03
2025-05-22,6号线,,226880.66,149635.91,23435.59
2025-05-22,7号线,54404.0,234375.96,,25448.41
2025-05-22,8号线,34596.0,149372.11,90912.95,19561.78
2025-05-22,9号线,60745.0,,144210.48,28787.77
2025-05-22,14号线,49117.0,177078.92,129767.0,27058.5
2025-05-22,21号线,46610.0,193605.34,123569.67,29372.21
2025-05-23,1号线,18964.0,71283.15,42923.84,12125.34
2025-05-23,2号线,82531.0,329414.92,236119.78,35656.97
2025-05-23,3号线,31589.0,118876.72,93796.64,15247.93
2025-05-23,4号线,,232381.0,139664.64,
2025-05-23,5号线,11906.0,50270.99,31432.28,9781.61
2025-05-23,6号线,43330.0,164600.05,100287.61,26730.38
2025-05-23,7号线,24934.0,99790.59,65985.45,
2025-05-23,8号线,15647.0,60836.96,42808.82,8893.19
2025-05-23,9号线,65343.0,249651.27,153290.95,46548.51
2025-05-23,14号线,25608.0,96620.7,70034.39,10937.8
2025-05-23,21号线,40493.0,155446.15,108284.23,
2025-05-24,1号线,9751.0,39476.21,27444.31,7862.42
2025-05-24,2号线,71573.0,265127.19,171464.37,37371.29
2025-05-24,3号线,73953.0,306542.82,240465.88,48819.03
2025-05-24,4号线,54605.0,211522.63,165602.18,23543.59
2025-05-24,5号线,43475.0,174074.83,132740.16,26838.17
2025-05-24,6号线,38727.0,143116.98,93457.94,24820.92
2025-05-24,7号线,71761.0,270957.88,168677.2,52402.91
2025-05-24,8号线,18377.0,68016.81,46022.41,12206.73
2025-05-24,9号线,,146339.74,102704.55,
2025-05-24,14号线,63618.0,-251074.89,199523.91,36121.76
2025-05-24,21号线,10515.0,44435.98,31722.63,5968.52
2025-05-25,1号线,21686.0,85283.94,57444.71,9746.45
2025-05-25,2号线,,169419.74,129621.63,17890.76
2025-05-25,3号线,32257.0,129954.94,99088.4,24085.79
2025-05-25,4号线,20877.0,90296.68,58765.64,17898.02
2025-05-25,5号线,38286.0,,101546.02,19761.91
2025-05-25,6号线,22057.0,82869.0,57757.35,11228.71
2025-05-25,7号线,23085.0,89750.07,61596.98,15828.35
2025-05-25,8号线,76704.0,336730.18,205646.28,38404.04
2025-05-25,9号线,58380.0,236791.68,155501.44,46137.09
2025-05-25,14号线,53321.0,213001.57,169475.36,24676.66
2025-05-25,21号线,56864.0,226462.82,172185.09,36922.9
2025-05-26,1号线,35176.0,135945.86,82416.19,26738.72
2025-05-26,2号线,65341.0,272697.83,163913.13,45499.77
2025-05-26,3号线,13922.0,54800.2,37732.53,10680.1
2025-05-26,4号线,55462.0,240152.35,154074.24,43549.39
2025-05-26,5号线,24070.0,92255.05,58842.83,14516.26
2025-05-26,6号线,21115.0,,52219.36,9232.55
2025-05-26,7号线,27882.0,104420.77,73796.6,20299.83
2025-05-26,8号线,36153.0,152081.32,104170.49,17157.59
2025-05-26,9号线,13639.0,53842.13,42434.49,7157.35
2025-05-26,14号线,9931.0,40058.7,30127.87,7951.37
2025-05-26,21号线,31992.0,134619.0,87076.93,17091.69
2025-05-27,1号线,88338.0,355767.99,247624.12,48854.32
2025-05-27,2号线,63823.0,273697.82,169665.07,43905.89
2025-05-27,3号线,19540.0,80833.71,58019.37,8804.59
2025-05-27,4号线,80003.0,320174.35,245979.69,50580.07
2025-05-27,5号线,42131.0,166167.06,132131.76,21373.39
2025-05-27,6号线,53213.0,215108.62,136945.44,34186.91
2025-05-27,7号线,37694.0,155797.1,101265.05,16601.75
2025-05-27,8号线,20626.0,77612.11,54397.16,12302.12
2025-05-27,9号线,,55744.68,38176.02,8064.52
2025-05-27,14号线,13946.0,52638.33,40678.42,6837.0
2025-05-27,21号线,25305.0,96670.55,66583.89,11484.61
2025-05-28,1号线,24692.0,93071.71,65655.55,16140.76
2025-05-28,2号线,43864.0,181122.98,116502.87,21434.19
2025-05-28,3号线,74658.0,303900.49,213973.67,56550.13
2025-05-28,4号线,55847.0,219070.56,159451.07,23553.22
2025-05-28,5号线,42247.0,179362.17,133013.12,27934.31
2025-05-28,6号线,51307.0,201658.01,128863.86,38166.02
2025-05-28,7号线,16265.0,60178.95,46594.56,12029.2
2025-05-28,8号线,33450.0,141010.96,85738.18,26812.48
2025-05-28,9号线,41457.0,174175.2,125899.72,23237.46
2025-05-28,14号线,18389.0,69598.69,42038.25,
2025-05-28,21号线,72568.0,289758.36,174594.8,54229.78
2025-05-29,1号线,12539.0,49183.06,33832.69,7359.37
2025-05-29,2号线,54686.0,221058.61,174982.49,41642.18
2025-05-29,3号线,53080.0,202834.44,135365.53,31834.51
2025-05-29,4号线,52399.0,198078.23,140353.41,36305.63
2025-05-29,5号线,19130.0,76833.69,52477.38,10195.39
2025-05-29,6号线,78666.0,300547.31,229652.79,38627.67
2025-05-29,7号线,77160.0,319426.49,212393.62,54978.39
2025-05-29,8号线,76345.0,312125.03,209426.27,50335.92
2025-05-29,9号线,46129.0,195150.88,127716.12,27012.02
2025-05-29,14号线,24784.0,93357.44,6520.751,9677.71
2025-05-29,21号线,32941.0,,81754.41,14356.22
2025-05-30,1号线,32460.0,126561.06,100270.14,18464.87
2025-05-30,2号线,71663.0,298951.36,,42120.07
2025-05-30,3号线,66694.0,282208.19,183730.65,47288.05
2025-05-30,4号线,32764.0,136922.1,104351.18,23763.11
2025-05-30,5号线,22431.0,95370.82,62804.96,13281.22
2025-05-30,6号线,66502.0,237362.52,149448.23,41450.95
2025-05-30,7号线,57378.0,232187.87,172074.28,38816.69
2025-05-30,8号线,57756.0,235562.62,161004.62,40768.33
2025-05-30,9号线,53750.0,237727.38,187519.17,24910.0
2025-05-30,14号线,73192.0,274863.2,174630.62,43434.67
2025-05-30,21号线,67640.0,278105.75,215859.08,50218.86
2025-05-31,1号线,20026.0,77909.17,60799.01,10885.37
2025-05-31,2号线,51526.0,202249.67,123396.44,
2025-05-31,3号线,78063.0,296501.15,183372.26,51280.38
2025-05-31,4号线,34995.0,150325.0,94571.48,21137.35
2025-05-31,5号线,21131.0,91535.01,65964.2,12133.71
2025-05-31,6号线,,298953.33,232823.22,59023.84
2025-05-31,7号线,28296.0,,82484.95,18010.19
2025-05-31,8号线,69791.0,,190275.71,28400.63
2025-05-31,9号线,27901.0,113223.42,86229.56,13471.92
2025-05-31,14号线,25014.0,110327.45,80368.65,11455.98
2025-05-31,21号线,27735.0,115544.76,76643.1,19310.09
2025-06-01,1号线,74163.0,311781.79,241379.44,41851.53
2025-06-01,2号线,76605.0,311489.4,245096.67,47431.45
2025-06-01,3号线,80776.0,320772.05,203526.42,50670.19
2025-06-01,4号线,62173.0,248203.65,187050.71,43366.75
2025-06-01,5号线,70362.0,288041.7,180977.82,54222.99
2025-06-01,6号线,59818.0,260052.09,191894.22,34950.47
2025-06-01,7号线,34653.0,140660.0,85339.71,21948.57
2025-06-01,8号线,28223.0,114699.49,81147.12,21113.71
2025-06-01,9号线,48493.0,175756.29,115277.48,27802.28
2025-06-01,14号线,39226.0,162962.96,129898.56,25325.4
2025-06-01,21号线,85593.0,344370.99,210396.01,48954.2
2025-06-02,1号线,78868.0,327116.66,230777.95,37328.14
2025-06-02,2号线,11948.0,48336.81,,
2025-06-02,3号线,45204.0,183979.59,137467.84,23940.0
2025-06-02,4号线,,,122572.36,20393.63
2025-06-02,5号线,17188.0,70310.11,51862.39,7932.3
2025-06-02,6号线,26325.0,109553.44,80405.3,21487.62
2025-06-02,7号线,47356.0,190823.43,137921.29,20756.2
2025-06-02,8号线,30483.0,122799.91,94320.16,20237.81
2025-06-02,9号线,36277.0,145360.54,,19252.11
2025-06-02,14号线,48700.0,195011.65,137218.71,28383.98
2025-06-02,21号线,19634.0,73110.48,48060.13,9457.81
2025-06-03,1号线,16714.0,66120.2,39994.67,10456.41
2025-06-03,2号线,69467.0,280045.92,179420.55,32118.3
2025-06-03,3号线,28796.0,118457.99,77456.36,21330.3
2025-06-03,4号线,62275.0,254685.89,165899.96,26001.12
2025-06-03,5号线,44875.0,167586.83,116680.26,24459.34
2025-06-03,6号线,91309.0,388044.5,283527.78,41535.05
2025-06-03,7号线,76815.0,312479.64,222281.29,57956.87
2025-06-03,8号线,22240.0,83173.85,56431.5,11687.72
2025-06-03,9号线,28674.0,112427.31,87166.25,13022.3
2025-06-03,14号线,22052.0,93670.54,63904.83,11583.0
2025-06-03,21号线,64400.0,247955.46,189474.46,40033.43
2025-06-04,1号线,42928.0,178110.66,136666.18,26935.68
2025-06-04,2号线,31843.0,136761.67,100149.15,25737.22
2025-06-04,3号线,22145.0,94956.29,64088.84,11232.72
2025-06-04,4号线,14873.0,55415.14,33342.75,10192.0
2025-06-04,5号线,,240197.93,,44947.39
2025-06-04,6号线,29847.0,128832.29,93976.0,13459.99
2025-06-04,7号线,13711.0,55485.93,38979.79,8679.08
2025-06-04,8号线,73365.0,314715.25,248308.26,46634.61
2025-06-04,9号线,63503.0,264128.54,162449.73,45107.45
2025-06-04,14号线,56053.0,233068.55,162703.03,29312.93
2025-06-04,21号线,38708.0,147911.54,111871.03,26017.58
2025-06-05,1号线,42035.0,165083.44,112084.24,24634.02
2025-06-05,2号线,34408.0,143657.24,98612.45,24130.48
2025-06-05,3号线,48116.0,167480.48,,18558.13
2025-06-05,4号线,29155.0,110016.09,79947.91,12165.58
2025-06-05,5号线,25498.0,104530.52,79898.98,18494.07
2025-06-05,6号线,58511.0,232411.33,155779.69,46440.95
2025-06-05,7号线,85185.0,317821.66,247980.94,
2025-06-05,8号线,9207.0,39223.01,24878.36,4232.09
2025-06-05,9号线,27880.0,114296.47,89465.91,21486.93
2025-06-05,14号线,75580.0,313533.39,196207.87,46041.16
2025-06-05,21号线,52800.0,228170.41,179607.34,28156.35
2025-06-06,1号线,35308.0,144205.53,112649.02,21865.13
2025-06-06,2号线,15680.0,57182.73,34519.75,7265.19
2025-06-06,3号线,41600.0,161273.69,118964.92,19670.92
2025-06-06,4号线,49183.0,194797.34,149564.27,25278.34
2025-06-06,5号线,28920.0,,78381.7,15465.62
2025-06-06,6号线,52823.0,205103.33,131656.62,29849.28
2025-06-06,7号线,76254.0,296617.13,218742.26,32501.95
2025-06-06,8号线,71794.0,277248.15,180619.71,46952.25
2025-06-06,9号线,44393.0,173903.3,133663.36,24325.97
2025-06-06,14号线,17046.0,70626.15,49059.93,11425.38
2025-06-06,21号线,63705.0,,205345.87,48141.41
2025-06-07,1号线,,299514.62,192502.08,30271.11
2025-06-07,2号线,46529.0,187150.15,125520.76,30733.98
2025-06-07,3号线,59934.0,236907.65,146833.87,30120.0
2025-06-07,4号线,40126.0,171400.79,104648.98,24972.05
2025-06-07,5号线,56620.0,246949.15,153145.66,42167.13
2025-06-07,6号线,52341.0,207757.59,153985.04,39715.74
2025-06-07,7号线,51369.0,218168.09,138894.45,35840.08
2025-06-07,8号线,76572.0,318879.99,207725.98,62138.68
2025-06-07,9号线,23353.0,92313.13,63679.88,14499.3
2025-06-07,14号线,62926.0,243141.66,149248.82,32367.22
2025-06-07,21号线,82165.0,358031.46,,53205.54
2025-06-08,1号线,13202.0,51179.79,,9688.15
2025-06-08,2号线,39972.0,161016.45,120107.92,16939.67
2025-06-08,3号线,24643.0,95545.26,68047.46,10839.51
2025-06-08,4号线,13619.0,52982.21,32991.62,6609.87
2025-06-08,5号线,20324.0,83079.1,58069.44,14474.96
2025-06-08,6号线,77243.0,303032.75,182914.22,44931.53
2025-06-08,7号线,35342.0,149217.5,114205.32,23799.5
2025-06-08,8号线,53337.0,198053.02,123503.43,32776.61
2025-06-08,9号线,16614.0,,42689.36,12031.52
2025-06-08,14号线,34483.0,133063.83,96034.07,
2025-06-08,21号线,48593.0,197493.15,130763.26,31909.48
2025-06-09,1号线,18343.0,74588.03,46546.98,12706.28
2025-06-09,2号线,70945.0,,170344.92,36741.86
2025-06-09,3号线,35347.0,135578.26,95832.69,24726.79
2025-06-09,4号线,40200.0,164897.9,122420.46,22837.68
2025-06-09,5号线,65878.0,287410.64,200042.99,42864.63
2025-06-09,6号线,86276.0,366030.03,234178.08,45399.16
2025-06-09,7号线,12481.0,49195.45,30072.21,
2025-06-09,8号线,36664.0,142289.88,112014.17,21630.34
2025-06-09,9号线,53076.0,216160.37,139671.34,29197.59
2025-06-09,14号线,61816.0,259577.42,185712.06,27668.15
2025-06-09,21号线,30687.0,117117.76,88331.11,16809.1
2025-06-10,1号线,27494.0,108073.52,68251.91,12687.94
2025-06-10,2号线,25534.0,100528.94,,15145.19
2025-06-10,3号线,69412.0,263286.12,196590.58,49268.13
2025-06-10,4号线,73643.0,284705.01,190289.17,33260.96
2025-06-10,5号线,78944.0,284913.93,189425.08,31654.93
2025-06-10,6号线,92731.0,378922.97,287428.49,61731.01
2025-06-10,7号线,55894.0,233279.93,161115.33,39292.01
2025-06-10,8号线,52808.0,212308.35,143977.04,38021.23
2025-06-10,9号线,64940.0,282964.32,218440.22,35421.89
2025-06-10,14号线,56815.0,217978.73,139950.01,32646.41
2025-06-10,21号线,37138.0,159133.56,114942.01,26989.55
2025-06-11,1号线,39787.0,169944.56,106513.11,32046.48
2025-06-11,2号线,70148.0,266190.7,169259.82,32628.67
2025-06-11,3号线,18875.0,77627.58,48557.11,14774.87
2025-06-11,4号线,40584.0,,123705.86,26384.07
2025-06-11,5号线,36122.0,139713.43,107340.15,22601.37
2025-06-11,6号线,63232.0,261302.0,,38657.43
2025-06-11,7号线,14779.0,61173.04,37197.25,7347.72
2025-06-11,8号线,53276.0,226528.02,180584.63,37149.61
2025-06-11,9号线,60427.0,231823.45,179289.52,40493.61
2025-06-11,14号线,41932.0,158894.55,112609.83,27197.7
2025-06-11,21号线,37672.0,159067.01,119121.09,25760.03
2025-06-12,1号线,34573.0,131129.19,89125.9,16844.8
2025-06-12,2号线,27800.0,105140.47,79592.85,19152.15
2025-06-12,3号线,79377.0,316369.72,242601.08,47129.72
2025-06-12,4号线,22553.0,85861.22,60632.77,9029.9
2025-06-12,5号线,63159.0,255731.28,165376.11,37167.23
2025-06-12,6号线,13461.0,57410.7,45559.55,10695.45
2025-06-12,7号线,41057.0,154027.39,115321.67,24347.68
2025-06-12,8号线,49488.0,188447.35,,21871.26
2025-06-12,9号线,31444.0,114879.73,70459.93,21019.18
2025-06-12,14号线,12484.0,49916.07,33276.47,7961.84
2025-06-12,21号线,64938.0,272969.87,178820.26,49331.41
2025-06-13,1号线,70277.0,274782.12,211378.2,37270.53
2025-06-13,2号线,51943.0,190916.86,129058.27,27654.02
2025-06-13,3号线,11538.0,41422.54,25959.63,4340.91
2025-06-13,4号线,66940.0,273258.11,,42951.5
2025-06-13,5号线,60987.0,246872.62,168815.83,44025.21
2025-06-13,6号线,27516.0,108197.98,77636.45,11512.74
2025-06-13,7号线,30388.0,120977.58,77228.12,16136.17
2025-06-13,8号线,65181.0,284145.69,185834.6,34291.76
2025-06-13,9号线,11403.0,46292.88,,5839.05
2025-06-13,14号线,24998.0,105415.7,65674.21,17866.07
2025-06-13,21号线,50872.0,219117.47,173401.45,29142.07
2025-06-14,1号线,147438.0,190389.15,152143.94,23849.34
2025-06-14,2号线,55843.0,205942.97,163273.82,22562.59
2025-06-14,3号线,78574.0,321850.82,236695.94,49004.13
2025-06-14,4号线,13547.0,54524.74,32747.79,6804.32
2025-06-14,5号线,31307.0,,78457.71,22061.52
2025-06-14,6号线,17460.0,67920.14,51759.26,7709.19
2025-06-14,7号线,23746.0,95985.2,63659.4,13673.02
2025-06-14,8号线,14644.0,61745.01,46765.28,6892.89
2025-06-14,9号线,37542.0,145754.82,106449.99,24961.99
2025-06-14,14号线,57326.0,199591.46,,27074.12
2025-06-14,21号线,63360.0,267486.12,166258.26,39790.74
2025-06-15,1号线,,327446.51,241003.65,53542.65
2025-06-15,2号线,49817.0,191224.82,130285.52,30155.53
2025-06-15,3号线,64135.0,251382.5,195453.07,36972.39
2025-06-15,4号线,22425.0,92077.47,57595.86,17120.27
2025-06-15,5号线,75118.0,,200056.18,36129.89
2025-06-15,6号线,49331.0,190400.39,129974.71,26763.05
2025-06-15,7号线,68403.0,261053.74,170049.97,43443.33
2025-06-15,8号线,77783.0,322636.81,250485.85,47920.62
2025-06-15,9号线,55568.0,213057.61,141239.36,25611.3
2025-06-15,14号线,28044.0,103805.08,68238.69,13168.5
2025-06-15,21号线,56656.0,212163.0,139771.34,25794.87
2025-06-16,1号线,40885.0,,106885.44,24279.16
2025-06-16,2号线,54806.0,226034.28,159938.22,29603.3
2025-06-16,3号线,66715.0,266704.61,208415.96,46414.95
2025-06-16,4号线,60240.0,,159097.03,
2025-06-16,5号线,62640.0,257419.84,199726.75,38296.83
2025-06-16,6号线,16081.0,65366.17,44686.03,12491.58
2025-06-16,7号线,59423.0,233313.12,18433.509000000002,45690.35
2025-06-16,8号线,42204.0,168890.18,102023.24,27098.24
2025-06-16,9号线,18488.0,,56454.77,12818.55
2025-06-16,14号线,33726.0,,,23850.0
2025-06-16,21号线,53753.0,222204.04,172746.15,30178.53
2025-06-17,1号线,47114.0,183294.05,119692.29,28157.49
2025-06-17,2号线,13922.0,55335.68,,6716.29
2025-06-17,3号线,44671.0,183794.47,114397.3,26480.48
2025-06-17,4号线,,289706.8,201933.28,57181.76
2025-06-17,5号线,78004.0,310279.74,220847.25,52965.72
2025-06-17,6号线,15673.0,65207.22,39571.15,7631.64
2025-06-17,7号线,59126.0,227626.47,160873.89,26036.7
2025-06-17,8号线,16278.0,61281.31,40898.19,9716.07
2025-06-17,9号线,46987.0,197801.14,142662.18,30140.12
2025-06-17,14号线,28167.0,117380.45,70711.63,17829.36
2025-06-17,21号线,74347.0,294870.22,,41744.17
2025-06-18,1号线,77300.0,286453.18,216811.15,47211.69
2025-06-18,2号线,50135.0,200847.58,140722.62,21446.43
2025-06-18,3号线,48795.0,217314.01,161560.76,39832.17
2025-06-18,4号线,89798.0,363803.14,282554.96,54414.65
2025-06-18,5号线,30194.0,126447.14,99706.17,23167.53
2025-06-18,6号线,37702.0,147375.62,98917.58,18924.56
2025-06-18,7号线,,90552.37,63572.24,17906.05
2025-06-18,8号线,18941.0,76560.45,47160.97,8343.76
2025-06-18,9号线,50356.0,,111289.99,
2025-06-18,14号线,169572.0,233040.75,162230.08,45013.33
2025-06-18,21号线,58321.0,225653.7,172945.27,30717.48
2025-06-19,1号线,67781.0,255864.4,164259.46,38171.79
2025-06-19,2号线,48384.0,213298.52,166314.78,24836.32
2025-06-19,3号线,,,49402.74,11671.94
2025-06-19,4号线,27223.0,108253.68,67688.21,21365.94
2025-06-19,5号线,23303.0,98634.03,62002.96,18325.11
2025-06-19,6号线,63368.0,277615.5,192762.67,41526.27
2025-06-19,7号线,27814.0,106889.15,84755.03,16131.95
2025-06-19,8号线,15513.0,57951.74,36358.54,8731.99
2025-06-19,9号线,53783.0,224309.16,156154.44,44682.74
2025-06-19,14号线,28519.0,119567.12,76972.39,
2025-06-19,21号线,46721.0,183914.5,125133.66,33945.93
2025-06-20,1号线,58272.0,243217.04,150135.24,42792.3
2025-06-20,2号线,28758.0,113640.39,90748.76,12809.35
2025-06-20,3号线,33017.0,136707.11,99804.31,18168.45
2025-06-20,4号线,33644.0,142322.79,87145.86,23560.34
2025-06-20,5号线,13192.0,55735.59,36883.42,7203.5
2025-06-20,6号线,11209.0,47496.49,31337.69,7408.62
2025-06-20,7号线,27117.0,109137.64,79827.58,15705.23
2025-06-20,8号线,45778.0,214370.93,134803.64,41165.06
2025-06-20,9号线,52001.0,193814.56,120349.63,28185.05
2025-06-20,14号线,67303.0,292218.95,208384.7,48189.26
2025-06-20,21号线,19571.0,75654.75,51045.26,9186.76
2025-06-21,1号线,45355.0,189114.05,126941.34,19048.94
2025-06-21,2号线,33556.0,132224.96,86540.37,24220.77
2025-06-21,3号线,17923.0,74574.39,53672.15,11207.36
2025-06-21,4号线,17956.0,72322.97,57039.06,9872.69
2025-06-21,5号线,28086.0,111756.35,78933.19,20919.29
2025-06-21,6号线,54695.0,219132.07,163572.91,38938.59
2025-06-21,7号线,24117.0,99650.62,61992.32,18555.98
2025-06-21,8号线,57581.0,255384.32,190082.0,25689.83
2025-06-21,9号线,22812.0,92402.33,59644.25,10823.31
2025-06-21,14号线,51639.0,202046.4,123769.29,34076.87
2025-06-21,21号线,17208.0,62201.91,42173.72,11591.81
2025-06-22,1号线,12300.0,,32906.25,9341.23
2025-06-22,2号线,25137.0,97757.24,58758.44,15297.24
2025-06-22,3号线,10573.0,42948.68,28697.3,7666.15
2025-06-22,4号线,16902.0,71837.22,56810.22,12752.26
2025-06-22,5号线,89630.0,369231.46,263730.18,39387.78
2025-06-22,6号线,57372.0,237129.36,146054.86,33900.08
2025-06-22,7号线,17202.0,73492.82,54199.08,10087.09
2025-06-22,8号线,65898.0,283574.06,204848.46,38949.46
2025-06-22,9号线,66745.0,264891.18,202270.1,42056.63
2025-06-22,14号线,85848.0,362207.85,,
2025-06-22,21号线,10802.0,43329.89,34470.77,4800.62
2025-06-23,1号线,28478.0,116464.09,82903.47,17843.84
2025-06-23,2号线,80477.0,313324.31,245298.95,
2025-06-23,3号线,28146.0,110907.65,72590.34,20756.87
2025-06-23,4号线,36039.0,144726.02,112092.44,21819.43
2025-06-23,5号线,52870.0,201781.5,149730.34,27520.97
2025-06-23,6号线,63876.0,250839.1,155894.16,46307.89
2025-06-23,7号线,10678.0,40395.75,,5724.29
2025-06-23,8号线,,215210.6,153717.18,42033.31
2025-06-23,9号线,61963.0,,157813.39,46654.47
2025-06-23,14号线,48732.0,195895.95,151197.6,24062.99
2025-06-23,21号线,75489.0,309916.87,210293.17,46623.3
2025-06-24,1号线,36992.0,153901.76,120978.07,21002.05
2025-06-24,2号线,14067.0,,41264.0,10349.93
2025-06-24,3号线,21938.0,91003.54,67754.17,10961.42
2025-06-24,4号线,58004.0,227809.52,171082.22,30283.94
2025-06-24,5号线,167499.0,245540.36,150812.09,36533.38
2025-06-24,6号线,85007.0,338279.38,258059.88,51407.23
2025-06-24,7号线,54011.0,204193.23,160517.5,36748.22
2025-06-24,8号线,16572.0,63202.29,49845.1,9655.87
2025-06-24,9号线,53114.0,207745.75,144410.51,33297.64
2025-06-24,14号线,25082.0,105300.21,77025.93,19955.09
2025-06-24,21号线,38772.0,159485.1,114350.58,26941.21
2025-06-25,1号线,43103.0,182516.09,118718.65,28960.4
2025-06-25,2号线,63853.0,270158.13,188098.89,43694.14
2025-06-25,3号线,31466.0,131158.22,79517.6,15349.04
2025-06-25,4号线,36445.0,126183.34,77299.19,23143.73
2025-06-25,5号线,68303.0,257733.92,196821.87,42290.38
2025-06-25,6号线,30684.0,129355.88,88008.4,24693.79
2025-06-25,7号线,27301.0,,,13481.55
2025-06-25,8号线,64288.0,252472.95,164910.04,36316.71
2025-06-25,9号线,,,158736.46,30554.5
2025-06-25,14号线,9898.0,38775.06,28475.97,5659.16
2025-06-25,21号线,,218804.31,172664.15,31572.09
2025-06-26,1号线,,129981.17,98575.29,20576.26
2025-06-26,2号线,73638.0,298371.26,179247.59,48675.61
2025-06-26,3号线,49923.0,180622.7,117295.05,32329.4
2025-06-26,4号线,69011.0,264529.22,,33499.39
2025-06-26,5号线,46956.0,159162.32,112076.66,23052.54
2025-06-26,6号线,74937.0,325439.15,203242.16,62742.53
2025-06-26,7号线,43883.0,187539.22,113231.71,20639.26
2025-06-26,8号线,25146.0,95526.34,57598.73,17586.83
2025-06-26,9号线,49126.0,215093.39,168413.23,32031.63
2025-06-26,14号线,49226.0,179929.93,137920.21,25223.29
2025-06-26,21号线,12161.0,49584.17,37755.29,8713.93
2025-06-27,1号线,27192.0,105523.43,66051.47,15340.51
2025-06-27,2号线,17280.0,66612.62,42347.81,11759.34
2025-06-27,3号线,31591.0,120220.83,75643.35,15498.61
2025-06-27,4号线,67979.0,282434.22,182164.76,30407.17
2025-06-27,5号线,9244.0,35168.28,24907.5,3600.23
2025-06-27,6号线,79709.0,334431.77,255861.79,60726.81
2025-06-27,7号线,78097.0,323440.16,233585.02,58875.58
2025-06-27,8号线,36374.0,137517.2,94744.0,22944.59
2025-06-27,9号线,41774.0,169614.2,133772.28,18632.03
2025-06-27,14号线,67613.0,286823.47,215004.86,32668.04
2025-06-27,21号线,24925.0,99611.56,67680.92,12637.73
2025-06-28,1号线,33688.0,128320.63,86432.85,19957.24
2025-06-28,2号线,36949.0,156507.58,114204.65,27003.66
2025-06-28,3号线,32085.0,143841.86,114762.38,21034.88
2025-06-28,4号线,45544.0,168413.26,131577.63,25769.18
2025-06-28,5号线,33363.0,130079.07,94507.05,25703.81
2025-06-28,6号线,18945.0,71810.55,55785.42,10571.35
2025-06-28,7号线,34527.0,140849.77,102854.07,26145.73
2025-06-28,8号线,74255.0,301685.14,185731.98,53944.89
2025-06-28,9号线,32928.0,133896.92,100021.62,15915.26
2025-06-28,14号线,48375.0,205173.73,131064.73,26361.8
2025-06-28,21号线,40186.0,165025.01,107111.29,26655.3
2025-06-29,1号线,24686.0,101578.16,61963.99,19032.03
2025-06-29,2号线,88040.0,366351.24,287411.57,38713.07
2025-06-29,3号线,10849.0,46642.27,28424.17,8764.6
2025-06-29,4号线,62824.0,229866.09,163165.57,44803.49
2025-06-29,5号线,17432.0,74728.92,44958.54,7542.04
2025-06-29,6号线,44369.0,177383.13,130799.75,22953.44
2025-06-29,7号线,54676.0,213046.71,145177.43,26253.18
2025-06-29,8号线,57728.0,224069.57,138334.41,38130.22
2025-06-29,9号线,13734.0,53967.67,42057.78,8858.22
2025-06-29,14号线,10208.0,40408.01,24310.64,4901.72
2025-06-29,21号线,20398.0,87722.55,69284.67,15589.93
2025-06-30,1号线,34082.0,150345.59,91996.84,19143.94
2025-06-30,2号线,58798.0,224377.56,147669.28,29112.82
2025-06-30,3号线,11261.0,46754.55,28061.2,8019.51
2025-06-30,4号线,69034.0,265094.52,162741.99,52281.06
2025-06-30,5号线,80778.0,356029.77,223210.43,40976.04
2025-06-30,6号线,,323448.79,203538.11,38455.79
2025-06-30,7号线,36241.0,134800.6,104369.96,22419.33
2025-06-30,8号线,39036.0,151609.58,104556.88,21931.87
2025-06-30,9号线,21123.0,,59125.63,14417.77
2025-06-30,14号线,11583.0,47774.16,,5313.64
2025-06-30,21号线,57755.0,236345.91,184314.37,38376.75
2025-07-01,1号线,97025.0,389144.6,256529.09,66560.25
2025-07-01,2号线,58611.0,248691.55,178256.62,30086.09
2025-07-01,3号线,72485.0,291706.38,207510.84,56270.77
2025-07-01,4号线,42027.0,169209.57,133964.76,19322.6
2025-07-01,5号线,33384.0,143414.51,91470.27,21073.83
2025-07-01,6号线,43968.0,167477.67,120932.07,32475.74
2025-07-01,7号线,24147.0,92769.05,72189.61,10153.22
2025-07-01,8号线,82528.0,316442.14,250871.77,36570.43
2025-07-01,9号线,77200.0,324193.98,233583.44,
2025-07-01,14号线,75627.0,286237.05,191662.54,42049.95
2025-07-01,21号线,9624.0,35037.41,24182.17,6401.0
2025-07-02,1号线,73269.0,312845.96,228082.08,57148.44
2025-07-02,2号线,72340.0,290033.17,208059.38,53156.67
2025-07-02,3号线,,125586.67,91960.42,21474.13
2025-07-02,4号线,61389.0,248800.9,173970.35,45399.28
2025-07-02,5号线,18820.0,73303.3,48926.11,12593.05
2025-07-02,6号线,58411.0,213538.03,134294.72,24213.96
2025-07-02,7号线,18339.0,72878.8,51171.69,10603.98
2025-07-02,8号线,57389.0,229897.99,,32114.17
2025-07-02,9号线,86978.0,,225754.57,52112.88
2025-07-02,14号线,70495.0,289902.8,202555.62,34943.96
2025-07-02,21号线,71711.0,303172.65,206413.28,43944.35
2025-07-03,1号线,13617.0,54930.29,40893.53,6539.21
2025-07-03,2号线,44629.0,172472.22,129064.51,23912.3
2025-07-03,3号线,19745.0,84260.51,54491.98,16805.98
2025-07-03,4号线,42405.0,176966.37,116616.08,33860.97
2025-07-03,5号线,67502.0,265410.95,160394.58,39376.18
2025-07-03,6号线,48558.0,196886.83,138129.9,22882.89
2025-07-03,7号线,37955.0,158157.18,101240.09,20360.05
2025-07-03,8号线,,150724.64,107397.0,29315.15
2025-07-03,9号线,65506.0,242027.34,187348.33,32895.43
2025-07-03,14号线,24350.0,93243.94,56832.52,11369.19
2025-07-03,21号线,50027.0,195927.91,132758.88,22725.94
2025-07-04,1号线,44504.0,178975.04,109845.97,26978.59
2025-07-04,2号线,17546.0,66900.6,41139.34,12807.72
2025-07-04,3号线,55454.0,244490.94,160656.22,31735.96
2025-07-04,4号线,73537.0,282938.88,,50000.37
2025-07-04,5号线,33998.0,137993.75,103315.99,21140.48
2025-07-04,6号线,64131.0,249027.28,174636.34,41634.67
2025-07-04,7号线,43960.0,175861.71,138636.53,32799.31
2025-07-04,8号线,37651.0,152367.9,117617.83,19164.15
2025-07-04,9号线,60569.0,198653.18,127737.38,25265.92
2025-07-04,14号线,72971.0,296419.2,208598.41,52734.98
2025-07-04,21号线,63923.0,262634.45,167359.34,29563.74
2025-07-05,1号线,65364.0,255049.44,169025.1,46896.06
2025-07-05,2号线,42830.0,179051.1,108087.98,23487.52
2025-07-05,3号线,29346.0,126034.91,,19128.05
2025-07-05,4号线,41271.0,155894.64,118244.73,20372.22
2025-07-05,5号线,52296.0,219632.08,146780.43,39085.21
2025-07-05,6号线,,233166.86,151218.73,46439.22
2025-07-05,7号线,83160.0,335517.59,201440.2,57902.66
2025-07-05,8号线,28116.0,114337.82,83101.99,20133.65
2025-07-05,9号线,30853.0,112713.33,86172.41,14329.91
2025-07-05,14号线,44665.0,191507.17,135492.2,38208.73
2025-07-05,21号线,10716.0,42422.75,33140.56,4417.27
2025-07-06,1号线,54294.0,224909.53,169509.81,24497.29
2025-07-06,2号线,40072.0,159156.81,114101.95,16522.36
2025-07-06,3号线,13824.0,56636.97,35520.81,7005.57
2025-07-06,4号线,55074.0,216683.99,148610.14,28273.21
2025-07-06,5号线,13240.0,53799.29,33496.58,9835.98
2025-07-06,6号线,61342.0,265405.11,183680.84,36212.14
2025-07-06,7号线,49813.0,208050.12,160733.8,30696.05
2025-07-06,8号线,32584.0,130138.78,90464.78,19997.43
2025-07-06,9号线,33911.0,147434.16,114863.38,17140.21
2025-07-06,14号线,21727.0,84746.87,56924.6,9477.63
2025-07-06,21号线,42932.0,183372.25,140219.16,30817.61
2025-07-07,1号线,61868.0,249949.96,191886.63,48729.91
2025-07-07,2号线,26429.0,104588.94,65985.02,14645.81
2025-07-07,3号线,47630.0,190877.45,145296.54,32315.01
2025-07-07,4号线,48593.0,191263.74,149598.76,22465.53
2025-07-07,5号线,46361.0,186580.41,119779.57,29836.06
2025-07-07,6号线,11390.0,45282.6,,7853.84
2025-07-07,7号线,39344.0,164962.93,129863.65,17402.02
2025-07-07,8号线,53772.0,216716.3,138006.72,28084.84
2025-07-07,9号线,42264.0,175537.68,133200.12,34562.01
2025-07-07,14号线,,121622.5,73985.3,
2025-07-07,21号线,80103.0,318075.72,,62453.67
2025-07-08,1号线,22593.0,89150.77,55219.13,14321.27
2025-07-08,2号线,69543.0,273140.93,165498.38,39166.64
2025-07-08,3号线,13210.0,52932.19,37284.11,8664.69
2025-07-08,4号线,66757.0,281266.8,212435.38,36883.62
2025-07-08,5号线,70683.0,289922.86,219583.41,46964.54
2025-07-08,6号线,18929.0,77765.33,61257.08,8195.68
2025-07-08,7号线,23896.0,91522.77,57381.08,17514.43
2025-07-08,8号线,47238.0,162131.77,119092.71,22489.79
2025-07-08,9号线,31868.0,120986.32,90541.48,21253.73
2025-07-08,14号线,32424.0,134311.0,103620.54,13433.59
2025-07-08,21号线,35121.0,144130.05,89638.17,25217.36
2025-07-09,1号线,11000.0,43474.74,30304.9,7956.65
2025-07-09,2号线,48028.0,204609.04,147454.59,26844.73
2025-07-09,3号线,23508.0,96462.5,62121.84,14268.89
2025-07-09,4号线,14512.0,57365.23,41112.92,11174.0
2025-07-09,5号线,66151.0,254419.53,174809.91,31808.71
2025-07-09,6号线,65333.0,268719.03,210377.16,47056.66
2025-07-09,7号线,50017.0,198358.61,133634.9,20906.4
2025-07-09,8号线,54342.0,223260.88,156425.92,22640.43
2025-07-09,9号线,74908.0,298541.36,215195.12,52221.94
2025-07-09,14号线,35744.0,146319.42,114487.04,27695.28
2025-07-09,21号线,13380.0,51258.63,35928.62,10126.5
2025-07-10,1号线,29141.0,112249.53,86808.49,17053.25
2025-07-10,2号线,13631.0,53155.85,37827.13,9377.19
2025-07-10,3号线,54701.0,221969.91,172465.03,37724.77
2025-07-10,4号线,60829.0,212953.72,148093.55,30827.69
2025-07-10,5号线,81118.0,329038.05,205416.14,52926.91
2025-07-10,6号线,18101.0,68995.93,50797.69,12089.16
2025-07-10,7号线,36262.0,140408.0,87867.44,21385.96
2025-07-10,8号线,20479.0,81560.8,64897.84,12955.39
2025-07-10,9号线,41857.0,159857.09,120434.06,22637.66
2025-07-10,14号线,21727.0,94021.78,,11536.48
2025-07-10,21号线,49924.0,178019.17,,34988.64
2025-07-11,1号线,17755.0,73309.29,47522.12,8563.56
2025-07-11,2号线,18895.0,74392.18,47778.9,11028.68
2025-07-11,3号线,43631.0,159552.39,105930.6,18629.68
2025-07-11,4号线,16356.0,,40469.74,10872.83
2025-07-11,5号线,29283.0,118429.63,88923.66,12085.87
2025-07-11,6号线,29833.0,122796.02,,22362.7
2025-07-11,7号线,52340.0,206239.43,128180.34,29701.11
2025-07-11,8号线,75932.0,291045.47,,45211.86
2025-07-11,9号线,79171.0,315768.35,214570.39,51309.91
2025-07-11,14号线,23200.0,,65062.32,11005.87
2025-07-11,21号线,52457.0,209242.03,158839.05,29650.75
2025-07-12,1号线,44554.0,176534.78,121998.39,31961.09
2025-07-12,2号线,27914.0,110556.6,69111.42,15681.87
2025-07-12,3号线,43969.0,174671.34,122929.83,19911.12
2025-07-12,4号线,25913.0,100686.77,61717.65,17747.58
2025-07-12,5号线,48350.0,181006.7,124760.2,25538.63
2025-07-12,6号线,41701.0,155098.04,112912.89,23183.97
2025-07-12,7号线,50455.0,198607.69,120024.5,30188.76
2025-07-12,8号线,15513.0,59404.11,44477.39,11796.51
2025-07-12,9号线,69967.0,269978.77,190133.51,31644.21
2025-07-12,14号线,59133.0,249890.11,198011.81,43053.59
2025-07-12,21号线,16326.0,-65503.71,43641.37,7327.61
2025-07-13,1号线,69353.0,303948.47,192479.12,51834.78
2025-07-13,2号线,72414.0,303062.39,240330.39,38197.9
2025-07-13,3号线,90585.0,356570.22,257246.12,50480.87
2025-07-13,4号线,68380.0,267973.84,186175.37,48224.0
2025-07-13,5号线,64950.0,274584.57,,34997.79
2025-07-13,6号线,19052.0,72798.23,51103.37,8224.47
2025-07-13,7号线,11966.0,47511.34,28618.6,7544.26
2025-07-13,8号线,15689.0,,39670.1,9091.27
2025-07-13,9号线,63588.0,248045.54,189166.64,39974.44
2025-07-13,14号线,55691.0,231883.58,168057.26,42438.94
2025-07-13,21号线,21554.0,84972.23,62322.26,16921.64
2025-07-14,1号线,63138.0,254728.19,186337.15,47968.36
2025-07-14,2号线,75161.0,331082.23,263426.87,62048.25
2025-07-14,3号线,13462.0,52099.43,38954.58,9409.59
2025-07-14,4号线,28989.0,117447.41,76004.62,22412.0
2025-07-14,5号线,18395.0,71051.78,55600.88,8475.08
2025-07-14,6号线,65011.0,268691.22,191023.0,29027.7
2025-07-14,7号线,33309.0,124268.28,80855.04,24302.17
2025-07-14,8号线,36100.0,131210.78,86339.11,21170.14
2025-07-14,9号线,65585.0,255010.23,161493.6,45554.2
2025-07-14,14号线,24993.0,98042.53,61306.86,15349.98
2025-07-14,21号线,22330.0,88556.06,70403.29,16590.74
2025-07-15,1号线,41982.0,174544.78,121748.42,27548.91
2025-07-15,2号线,34770.0,138290.08,104718.3,19041.85
2025-07-15,3号线,18016.0,73175.1,56897.35,14325.22
2025-07-15,4号线,28332.0,102296.85,68460.64,13690.24
2025-07-15,5号线,18145.0,77221.64,60301.97,11608.18
2025-07-15,6号线,16828.0,63889.02,46421.75,6727.68
2025-07-15,7号线,28426.0,124577.26,83377.88,12697.52
2025-07-15,8号线,19637.0,82468.4,60142.58,12744.36
2025-07-15,9号线,16954.0,68086.08,47696.2,10157.16
2025-07-15,14号线,34587.0,140952.66,95830.94,23186.85
2025-07-15,21号线,40091.0,170659.02,103827.94,20082.42
2025-07-16,1号线,27662.0,114197.26,73938.57,14716.22
2025-07-16,2号线,14558.0,60826.44,37496.26,8626.8
2025-07-16,3号线,30293.0,122879.39,85518.44,21451.53
2025-07-16,4号线,,236554.96,157243.26,43494.35
2025-07-16,5号线,73361.0,297086.52,183179.22,48774.93
2025-07-16,6号线,63360.0,272011.81,186761.54,31121.84
2025-07-16,7号线,78878.0,325524.17,217687.6,37566.02
2025-07-16,8号线,55558.0,211510.49,147041.32,42170.39
2025-07-16,9号线,43398.0,,113434.37,21985.21
2025-07-16,14号线,48776.0,181938.33,109899.35,27727.28
2025-07-16,21号线,28559.0,114374.46,89474.08,13287.03
2025-07-17,1号线,21415.0,81268.99,61739.98,12385.7
2025-07-17,2号线,50050.0,204145.23,127885.21,34988.75
2025-07-17,3号线,57083.0,235483.32,164778.53,46120.95
2025-07-17,4号线,9887.0,36541.52,22526.69,5870.49
2025-07-17,5号线,11897.0,50104.93,32532.91,5055.62
2025-07-17,6号线,64834.0,246310.73,155990.83,37651.79
2025-07-17,7号线,42014.0,177598.39,134843.36,
2025-07-17,8号线,26333.0,106327.66,69180.01,19223.32
2025-07-17,9号线,69079.0,286103.72,,37831.42
2025-07-17,14号线,23622.0,95939.44,,14718.93
2025-07-17,21号线,49095.0,195078.02,150785.79,28197.72
2025-07-18,1号线,25715.0,99818.92,68432.67,13282.23
2025-07-18,2号线,41834.0,189912.38,117918.66,30623.17
2025-07-18,3号线,40277.0,153769.68,102124.58,25507.1
2025-07-18,4号线,52151.0,208314.46,140903.21,32155.29
2025-07-18,5号线,33460.0,128024.15,78684.97,17644.22
2025-07-18,6号线,39874.0,165937.45,131797.4,18549.49
2025-07-18,7号线,71648.0,283104.03,172499.81,48272.44
2025-07-18,8号线,74113.0,314589.04,241945.34,40795.91
2025-07-18,9号线,38954.0,142562.45,104150.81,
2025-07-18,14号线,64347.0,257181.39,178601.21,39961.77
2025-07-18,21号线,30113.0,,92421.71,19893.14
2025-07-19,1号线,60828.0,252685.15,179292.24,40671.41
2025-07-19,2号线,17589.0,68045.1,43693.55,13260.94
2025-07-19,3号线,10503.0,,28030.81,7203.76
2025-07-19,4号线,18802.0,76396.76,49755.77,14748.22
2025-07-19,5号线,33376.0,117211.81,92106.83,
2025-07-19,6号线,27203.0,112934.47,67907.39,12533.28
2025-07-19,7号线,,124001.35,81924.47,
2025-07-19,8号线,36935.0,136968.18,97386.64,23866.12
2025-07-19,9号线,29341.0,110577.36,85090.8,18727.58
2025-07-19,14号线,29273.0,121923.12,79629.07,19164.73
2025-07-19,21号线,64654.0,257275.87,181561.63,33208.96
2025-07-20,1号线,19424.0,82221.76,55620.79,15906.28
2025-07-20,2号线,15686.0,59839.83,45867.57,10261.4
2025-07-20,3号线,90357.0,344366.81,224460.99,36838.88
2025-07-20,4号线,52759.0,208285.47,155285.55,22360.5
2025-07-20,5号线,12597.0,52765.6,33645.45,6781.85
2025-07-20,6号线,31019.0,118810.86,76659.12,21941.06
2025-07-20,7号线,25996.0,,60852.52,19387.09
2025-07-20,8号线,53111.0,214514.85,170232.98,31702.95
2025-07-20,9号线,55500.0,220942.36,148865.62,40493.76
2025-07-20,14号线,78543.0,303370.76,201240.82,53082.39
2025-07-20,21号线,52440.0,196583.9,155308.39,31030.42
2025-07-21,1号线,78296.0,318946.68,197419.75,63688.83
2025-07-21,2号线,17373.0,70369.72,52514.87,10727.51
2025-07-21,3号线,47609.0,203561.71,156838.81,
2025-07-21,4号线,50708.0,206337.34,143697.19,36794.52
2025-07-21,5号线,61777.0,241857.86,182707.22,
2025-07-21,6号线,12068.0,46788.16,28245.61,8571.07
2025-07-21,7号线,85329.0,325015.1,215897.85,56052.4
2025-07-21,8号线,13377.0,54850.09,41143.31,7344.91
2025-07-21,9号线,64106.0,267293.83,174303.24,43990.96
2025-07-21,14号线,74083.0,263823.04,189812.73,38846.94
2025-07-21,21号线,51648.0,212259.85,155711.14,38341.67
2025-07-22,1号线,25383.0,86704.31,57435.01,12847.46
2025-07-22,2号线,,249982.66,154241.48,30497.66
2025-07-22,3号线,19290.0,81526.7,55980.32,11225.05
2025-07-22,4号线,28606.0,108611.29,74040.04,14648.43
2025-07-22,5号线,37765.0,161342.9,110061.97,24615.86
2025-07-22,6号线,71191.0,264222.34,199561.39,42167.95
2025-07-22,7号线,62085.0,252311.1,193432.26,43034.68
2025-07-22,8号线,48231.0,196805.21,146511.59,
2025-07-22,9号线,81147.0,312673.83,219261.34,32068.84
2025-07-22,14号线,30163.0,122052.89,74300.08,19125.03
2025-07-22,21号线,26967.0,114140.53,88313.45,14742.13
