date,line,passengers,ticket_income,other_income,total_revenue,fixed_cost,variable_cost,maintenance_cost,total_cost,net_profit,punctuality_rate,energy_consumption,average_ticket_price,day_of_week,month
2025-01-24,1号线,22926.0,93166.23,12728.15,105894.38,30592.45,28213.97,9857.77,68664.19,37230.19,0.951,44817.23,4.06,4,1
2025-01-24,2号线,73117.0,,42180.68,328392.9,86906.76,107709.59,29956.85,224573.2,103819.7,0.9809,78505.21,3.91,4,1
2025-01-24,3号线,72621.0,292095.06,16504.88,308599.94,124295.06,86454.15,34190.43,244939.64,63660.3,0.9904,69492.53,4.02,4,1
2025-01-24,4号线,72294.0,,37052.36,314973.89,88991.3,115740.34,44745.27,249476.92,65496.97,0.9591,118059.15,3.84,4,1
2025-01-24,5号线,97826.0,414657.8,52874.38,467532.18,155279.0,108845.95,81670.36,345795.31,121736.87,0.9799,184187.9,4.24,4,1
2025-01-24,6号线,45311.0,166895.87,14298.86,181194.73,49813.3,,30520.87,139715.8,41478.93,0.957,77178.02,3.68,4,1
2025-01-24,7号线,62417.0,260750.12,14968.22,275718.34,91729.13,102738.68,,240653.71,35064.63,0.9932,89565.1,4.18,4,1
2025-01-24,8号线,61149.0,239577.09,,266830.37,92002.51,67325.04,41437.4,200764.95,66065.41,0.956,95995.81,3.92,4,1
2025-01-24,9号线,57110.0,237397.23,28740.8,266138.03,65267.19,89329.13,24699.6,179295.92,86842.1,0.9601,105290.59,4.16,4,1
2025-01-24,14号线,70074.0,280562.29,35226.03,,81273.47,101052.3,39570.03,221895.8,93892.52,0.9645,51983.13,4.0,4,1
2025-01-24,21号线,45724.0,191058.92,13726.45,204785.36,57351.74,61314.73,27828.39,146494.87,58290.5,0.9662,31235.52,,4,1
2025-01-25,1号线,29731.0,116975.66,15417.56,132393.22,43207.31,32310.66,16693.69,92211.65,40181.57,0.8766,33480.57,3.93,5,1
2025-01-25,2号线,12240.0,51199.64,3680.05,54879.68,16995.83,16223.78,,39201.22,15678.47,0.9532,10781.89,4.18,5,1
2025-01-25,3号线,69550.0,292179.37,22403.76,314583.13,109516.34,74444.87,58369.86,242331.06,72252.06,0.9517,70774.56,4.2,5,1
2025-01-25,4号线,61905.0,242401.43,17987.53,260388.96,90408.86,78760.81,48132.45,217302.12,43086.84,0.9619,98572.85,3.92,5,1
2025-01-25,5号线,80636.0,322191.12,41831.53,364022.65,94207.54,,58523.82,277538.04,86484.62,0.9848,144139.93,4.0,5,1
2025-01-25,6号线,10824.0,43444.43,5173.96,48618.39,15118.77,16553.72,5101.97,36774.45,11843.93,0.9569,10949.55,4.01,5,1
2025-01-25,7号线,,187045.98,12624.76,199670.74,82460.72,55795.6,22979.53,161235.85,38434.88,0.963,100514.79,3.71,5,1
2025-01-25,8号线,31735.0,131902.23,,148072.86,51038.45,37046.65,17796.38,105881.47,42191.39,0.989,,4.16,5,1
2025-01-25,9号线,24827.0,108189.08,15943.43,124132.52,33331.01,39637.83,20990.13,93958.96,,,29113.04,4.36,5,1
2025-01-25,14号线,64522.0,245770.79,30635.12,276405.9,84324.17,74800.08,32574.45,191698.7,84707.2,0.9829,87263.61,,5,1
2025-01-25,21号线,44117.0,182824.26,18040.04,200864.31,76292.71,54970.39,36178.96,167442.06,33422.24,0.9675,64748.54,4.14,5,1
2025-01-26,1号线,42787.0,170852.52,8958.07,179810.59,67299.79,59898.27,21882.32,149080.38,30730.21,0.997,82617.11,3.99,6,1
2025-01-26,2号线,47724.0,195731.16,20605.89,216337.05,79611.35,75136.51,26046.93,180794.8,35542.25,0.9538,45745.63,4.1,6,1
2025-01-26,3号线,15922.0,58118.26,7812.33,65930.6,22973.06,16229.89,8105.7,47308.65,18621.95,0.9604,23989.92,3.65,6,1
2025-01-26,4号线,28233.0,106478.1,12745.6,119223.7,44629.4,37941.67,18535.37,101106.44,18117.26,0.9647,48392.54,3.77,6,1
2025-01-26,5号线,64134.0,305954.22,36774.68,,129960.12,102460.76,50481.34,,59826.67,0.9669,68198.46,4.77,6,1
2025-01-26,6号线,18449.0,78228.85,10474.32,,,21123.39,15503.71,,23836.41,0.9519,,4.24,6,1
2025-01-26,7号线,25500.0,96503.5,10836.29,107339.79,30347.44,42416.07,11733.1,,22843.17,0.9766,33429.29,3.78,6,1
2025-01-26,8号线,49200.0,192015.62,14417.7,206433.32,57604.34,74253.58,33488.34,165346.27,41087.05,0.9714,75411.29,,6,1
2025-01-26,9号线,75732.0,315525.39,21546.16,337071.55,119994.63,84452.41,34514.48,238961.51,98110.03,0.9758,112512.53,4.17,6,1
2025-01-26,14号线,23386.0,102167.43,12851.09,115018.52,26736.02,39626.44,13853.62,80216.09,34802.43,0.9523,13121.73,4.37,6,1
2025-01-26,21号线,75324.0,310333.32,35681.31,346014.63,85073.89,122620.06,,253147.66,92866.97,0.9943,67139.33,4.12,6,1
2025-01-27,1号线,75858.0,339054.87,22477.11,361531.98,108295.85,153216.48,,317751.15,43780.84,0.9513,104582.65,4.47,0,1
2025-01-27,2号线,75198.0,316320.58,41476.09,357796.67,127530.08,98535.82,35696.79,261762.7,96033.97,0.991,111084.53,,0,1
2025-01-27,3号线,29267.0,118283.16,6189.43,,44196.04,34319.74,21821.77,100337.55,24135.03,0.9559,45220.61,4.04,0,1
2025-01-27,4号线,37711.0,150250.19,16054.54,166304.73,54927.31,51689.38,21387.68,128004.37,38300.36,0.9564,32998.06,3.98,0,1
2025-01-27,5号线,47368.0,187556.51,23460.9,211017.41,79735.25,64998.84,26801.71,171535.8,39481.61,0.9951,59583.19,3.96,0,1
2025-01-27,6号线,48158.0,184515.11,26912.29,211427.41,65141.96,49256.85,19438.4,133837.21,77590.2,0.9978,72966.83,3.83,0,1
2025-01-27,7号线,50397.0,212324.85,17594.61,229919.46,78271.72,68166.41,27458.08,173896.21,56023.24,0.9896,84890.08,4.21,0,1
2025-01-27,8号线,37266.0,152079.44,20332.47,172411.91,69211.98,51498.09,25671.47,146381.54,26030.37,0.9713,31074.8,4.08,0,1
2025-01-27,9号线,76929.0,321140.75,47742.05,368882.81,93978.07,103931.26,34838.56,232747.89,136134.91,0.9906,147770.83,4.17,0,1
2025-01-27,14号线,38872.0,163802.55,14381.66,178184.21,65723.76,55758.15,24270.08,145751.99,,0.9665,44768.02,4.21,0,1
2025-01-27,21号线,16877.0,61044.42,8074.9,69119.32,25067.34,20605.78,10787.74,56460.86,12658.46,0.9619,18570.34,3.62,0,1
2025-01-28,1号线,38234.0,146481.28,21648.48,168129.75,51463.51,49208.26,26397.53,127069.3,41060.46,0.9522,72146.22,3.83,1,1
2025-01-28,2号线,34408.0,130294.0,9339.59,139633.59,36777.13,43365.01,15195.09,95337.22,44296.37,0.9848,37033.42,3.79,1,1
2025-01-28,3号线,62692.0,240633.23,23189.79,263823.02,74238.55,83490.81,28590.14,186319.51,77503.51,0.9539,122976.14,3.84,1,1
2025-01-28,4号线,28666.0,114380.32,12613.65,126993.98,34077.12,40950.96,16141.43,91169.51,35824.47,0.9538,,3.99,1,1
2025-01-28,5号线,71088.0,305346.54,,347058.83,85387.77,123361.97,59015.2,267764.93,79293.9,0.9688,121974.92,4.3,1,1
2025-01-28,6号线,17281.0,74087.74,4174.93,78262.67,23113.37,33625.45,11624.97,,9898.88,0.9507,10593.92,4.29,1,1
2025-01-28,7号线,22774.0,91309.99,12323.63,103633.62,30936.65,37892.59,17757.65,86586.89,17046.72,0.9565,43978.34,4.01,1,1
2025-01-28,8号线,28002.0,110563.64,8498.72,119062.37,33599.61,49477.89,11574.87,94652.37,24410.0,0.9738,48921.1,3.95,1,1
2025-01-28,9号线,42763.0,180915.24,16345.38,197260.63,54991.69,73853.9,33951.52,162797.12,34463.51,0.9878,61170.95,4.23,1,1
2025-01-28,14号线,48404.0,194095.9,20473.54,214569.44,58574.41,81488.6,31766.6,171829.61,42739.83,0.9774,56940.8,4.01,1,1
2025-01-28,21号线,60838.0,226559.48,14660.06,241219.54,102437.02,72574.0,44168.24,219179.26,22040.28,0.9629,72318.35,3.72,1,1
2025-01-29,1号线,21588.0,83751.7,8687.26,92438.96,29501.92,30458.43,11235.82,71196.17,21242.78,0.97,33385.87,,2,1
2025-01-29,2号线,64736.0,245230.15,28632.04,273862.19,83035.62,,36145.98,227267.99,46594.2,0.952,48772.27,3.79,2,1
2025-01-29,3号线,46905.0,183036.07,25519.2,208555.27,55085.79,74299.6,24819.53,154204.93,54350.34,0.9661,29945.83,3.9,2,1
2025-01-29,4号线,30294.0,122472.46,6871.66,129344.12,43206.64,51674.7,23525.4,118406.74,10937.38,0.9874,23531.82,4.04,2,1
2025-01-29,5号线,10018.0,35459.87,3413.14,38873.01,14100.33,11560.24,4854.15,30514.72,8358.29,,15728.5,3.54,2,1
2025-01-29,6号线,29352.0,121230.01,10354.82,131584.83,35227.2,38249.63,22636.25,96113.08,35471.75,0.9869,22701.59,4.13,2,1
2025-01-29,7号线,9888.0,38257.91,5319.87,43577.78,13206.89,12253.73,4283.98,29744.6,13833.18,0.9895,,3.87,2,1
2025-01-29,8号线,,174616.05,18587.15,193203.21,59111.44,65136.34,27703.46,151951.24,41251.97,0.995,59944.95,4.11,2,1
2025-01-29,9号线,28613.0,113340.38,9807.99,123148.36,33921.29,34253.72,13887.97,82062.98,41085.38,0.9544,48893.82,3.96,2,1
2025-01-29,14号线,40432.0,162902.18,16139.51,179041.69,53321.92,44592.06,32174.27,130088.26,,0.9859,52664.91,4.03,2,1
2025-01-29,21号线,54079.0,221665.13,15505.63,237170.76,96268.39,79644.79,37925.85,213839.04,23331.73,0.9854,89320.62,4.1,2,1
2025-01-30,1号线,46548.0,188684.58,10412.06,199096.64,61390.77,69976.72,28917.6,160285.09,38811.55,0.9532,92395.0,4.05,3,1
2025-01-30,2号线,14366.0,59648.35,6535.3,66183.66,21709.89,22209.23,10499.47,54418.58,11765.07,0.9674,27213.42,,3,1
2025-01-30,3号线,22596.0,90787.99,11267.88,,29742.14,28021.41,9682.51,67446.06,34609.82,0.957,38252.79,4.02,3,1
2025-01-30,4号线,39232.0,154424.55,15798.64,170223.19,55580.08,62232.71,25714.73,143527.53,26695.66,0.9696,67671.24,3.94,3,1
2025-01-30,5号线,36629.0,130177.05,13053.12,143230.17,38372.95,47579.77,22749.86,108702.59,34527.58,0.9692,48179.2,3.55,3,1
2025-01-30,6号线,47579.0,175752.27,21627.18,197379.45,64983.12,55636.65,23424.54,144044.31,53335.14,0.9939,59147.14,3.69,3,1
2025-01-30,7号线,35690.0,144531.8,10818.05,155349.85,49996.59,41106.85,18958.55,110062.0,45287.84,0.9785,58663.23,4.05,3,1
2025-01-30,8号线,54340.0,207064.29,22859.03,,70027.37,69899.29,30169.27,170095.93,59827.39,,60503.94,3.81,3,1
2025-01-30,9号线,14952.0,63861.9,4801.13,68663.03,22134.23,25046.28,9852.13,57032.64,11630.39,0.9954,,4.27,3,1
2025-01-30,14号线,,74228.3,4744.05,,22548.38,31117.94,14191.36,67857.68,11114.67,0.9863,,,3,1
2025-01-30,21号线,58810.0,242182.81,15803.37,257986.18,97895.03,92097.35,41346.38,231338.77,26647.41,0.9712,94370.43,4.12,3,1
2025-01-31,1号线,52538.0,205210.47,27446.71,232657.18,60598.3,69321.29,24344.55,154264.14,78393.04,0.9614,74175.33,3.91,4,1
2025-01-31,2号线,21351.0,83581.13,6966.48,90547.61,30490.01,33079.35,8396.83,71966.19,18581.43,0.996,21767.75,3.91,4,1
2025-01-31,3号线,18039.0,78177.5,5010.06,83187.56,21945.95,,11354.81,61773.11,21414.44,0.9709,33773.86,4.33,4,1
2025-01-31,4号线,55865.0,236047.11,16004.84,252051.95,84240.35,58006.1,39267.32,181513.77,70538.19,0.9707,35084.59,4.23,4,1
2025-01-31,5号线,91562.0,367332.43,26077.13,393409.57,130602.17,94725.16,64281.72,289609.06,103800.51,0.9595,50800.84,4.01,4,1
2025-01-31,6号线,31407.0,119342.7,11708.57,131051.27,42049.58,42150.22,18312.61,102512.42,28538.86,0.9551,31455.5,3.8,4,1
2025-01-31,7号线,22007.0,90350.9,8210.5,98561.4,23941.26,35161.69,,73956.63,24604.77,0.9858,32754.91,4.11,4,1
2025-01-31,8号线,69804.0,263453.53,34246.75,297700.28,69325.95,89784.74,29088.13,188198.81,109501.47,0.9619,45314.11,3.77,4,1
2025-01-31,9号线,44969.0,180429.74,26061.45,206491.18,58825.71,78548.09,35412.03,172785.82,33705.36,,28347.9,4.01,4,1
2025-01-31,14号线,12016.0,52304.9,4403.12,56708.01,18401.27,22319.89,9506.12,50227.28,6480.74,0.9795,10839.58,4.35,4,1
2025-01-31,21号线,27511.0,106357.31,7652.52,114009.83,42554.34,28976.44,19793.82,91324.6,22685.23,0.9557,37103.12,3.87,4,1
2025-02-01,1号线,78528.0,316472.58,24326.53,340799.11,110203.85,106593.38,32358.35,249155.58,91643.53,0.9629,55679.03,4.03,5,2
2025-02-01,2号线,61806.0,251520.53,13038.59,,92994.39,66554.09,32001.14,191549.63,73009.49,0.9788,56310.39,4.07,5,2
2025-02-01,3号线,49607.0,172848.49,11062.62,183911.12,58224.79,70381.49,19127.05,147733.33,36177.79,0.9866,43460.49,3.48,5,2
2025-02-01,4号线,51123.0,209709.58,18520.26,228229.84,82710.14,81467.79,29752.98,193930.91,34298.93,0.9583,82157.24,4.1,5,2
2025-02-01,5号线,29680.0,117398.99,11002.56,128401.55,42007.82,30034.07,,93609.01,34792.54,0.9805,57103.14,3.96,5,2
2025-02-01,6号线,66424.0,,,282395.27,90571.54,109607.43,32578.81,232757.78,49637.49,0.9526,82667.95,4.04,5,2
2025-02-01,7号线,57495.0,217919.52,18556.72,236476.25,73069.44,78351.39,29296.75,180717.57,55758.67,0.9799,68391.58,3.79,5,2
2025-02-01,8号线,36070.0,148122.14,16148.73,,,57770.01,18843.29,128296.56,35974.31,0.9959,25437.57,4.11,5,2
2025-02-01,9号线,60774.0,,33567.33,300315.0,86913.42,77760.87,52233.75,216908.04,83406.96,0.9862,88477.67,4.39,5,2
2025-02-01,14号线,26587.0,110253.38,,123152.11,33294.14,48142.87,11594.2,93031.21,30120.91,1.0,35459.34,4.15,5,2
2025-02-01,21号线,26347.0,110937.48,16022.33,126959.81,43087.22,43985.31,21866.42,108938.95,18020.86,0.9922,25784.51,4.21,5,2
2025-02-02,1号线,76881.0,300415.96,17332.6,317748.56,104653.34,89415.9,,227732.86,90015.7,0.9862,45977.49,3.91,6,2
2025-02-02,2号线,68018.0,290961.84,29683.0,320644.84,103421.42,109658.96,50564.97,263645.35,56999.48,0.9709,81139.64,4.28,6,2
2025-02-02,3号线,81508.0,326798.46,27801.13,354599.59,137411.54,110875.76,65292.18,313579.48,41020.11,0.974,117474.07,4.01,6,2
2025-02-02,4号线,63076.0,249770.97,30778.57,,66777.82,99887.87,38028.11,204693.81,75855.74,0.9649,112226.88,3.96,6,2
2025-02-02,5号线,34615.0,130101.2,,148965.37,53355.89,42389.41,15849.63,111594.93,37370.43,0.9709,62953.52,3.76,6,2
2025-02-02,6号线,35293.0,143871.28,20756.77,164628.04,60858.62,53984.28,17720.22,132563.12,32064.92,0.9756,29858.04,4.08,6,2
2025-02-02,7号线,68684.0,273306.69,35550.91,308857.59,113769.29,102540.4,49911.42,266221.11,42636.48,0.9759,95876.76,3.98,6,2
2025-02-02,8号线,38937.0,146608.94,9586.7,156195.64,62059.99,48138.28,24865.18,135063.45,21132.19,0.9612,50830.76,3.77,6,2
2025-02-02,9号线,54063.0,206754.52,11255.23,218009.76,77203.08,58136.75,30530.96,165870.79,52138.96,,102578.28,3.82,6,2
2025-02-02,14号线,67545.0,259395.8,31735.0,291130.81,87341.8,87630.45,32677.48,,83481.07,0.961,102998.57,3.84,6,2
2025-02-02,21号线,60698.0,243227.75,,268615.34,99528.97,74199.81,40427.18,214155.95,54459.4,,109392.44,4.01,6,2
2025-02-03,1号线,84048.0,344719.07,38560.67,383279.74,140343.29,,57917.66,312835.44,70444.3,0.994,,4.1,0,2
2025-02-03,2号线,55933.0,230879.02,24385.02,255264.04,99507.62,80979.81,23113.76,203601.19,51662.85,0.9597,35022.3,4.13,0,2
2025-02-03,3号线,69072.0,278421.04,36714.81,315135.85,80041.85,107986.76,,216123.31,99012.55,,79319.6,4.03,0,2
2025-02-03,4号线,26095.0,96856.84,13920.54,110777.38,40946.59,35222.18,10678.56,86847.33,23930.06,0.965,,3.71,0,2
2025-02-03,5号线,60514.0,253735.38,34800.74,288536.12,109276.24,74474.64,26534.18,210285.05,78251.07,0.9875,42065.06,4.19,0,2
2025-02-03,6号线,36597.0,131491.26,12437.79,143929.06,45088.35,54066.78,22133.86,121288.99,22640.07,0.9713,43077.62,3.59,0,2
2025-02-03,7号线,83994.0,,41619.87,394181.48,120569.99,106533.95,38160.6,265264.54,128916.94,0.9975,61028.93,4.2,0,2
2025-02-03,8号线,43254.0,178494.27,13819.3,192313.57,77518.49,52372.72,24946.26,154837.47,37476.1,0.9947,36546.68,4.13,0,2
2025-02-03,9号线,12403.0,48897.71,4750.57,53648.28,18479.26,17850.99,7641.49,43971.74,9676.53,0.9602,7897.57,3.94,0,2
2025-02-03,14号线,19777.0,80878.87,5105.44,85984.3,,36106.72,13152.69,73990.16,11994.15,0.9808,33518.18,,0,2
2025-02-03,21号线,67527.0,278294.5,18390.41,296684.91,105030.58,93026.76,34106.11,232163.44,64521.47,0.9795,77647.28,4.12,0,2
2025-02-04,1号线,38658.0,154435.7,15133.75,169569.46,49347.92,45551.18,21505.07,116404.17,53165.29,0.9847,69204.92,3.99,1,2
2025-02-04,2号线,31369.0,128419.14,7741.01,136160.15,49511.93,46780.89,14715.83,111008.66,25151.49,0.8724,25582.18,4.09,1,2
2025-02-04,3号线,44482.0,178167.19,10473.85,188641.04,55725.49,62807.76,27040.64,145573.89,43067.15,0.9539,48724.91,4.01,1,2
2025-02-04,4号线,35509.0,,,150895.15,60945.88,42297.98,14064.83,117308.69,33586.46,0.9948,49434.39,3.8,1,2
2025-02-04,5号线,37354.0,,19011.54,167143.07,61098.32,55847.1,24075.89,141021.3,26121.77,0.983,49662.22,3.97,1,2
2025-02-04,6号线,21224.0,90487.58,11144.36,101631.94,27452.41,,13812.05,79751.76,21880.18,0.9624,15691.26,4.26,1,2
2025-02-04,7号线,35446.0,127416.59,11896.32,139312.9,38999.87,56416.78,23850.25,119266.91,20046.0,0.951,52456.34,3.59,1,2
2025-02-04,8号线,42064.0,173003.15,9180.46,182183.61,57497.86,69840.35,18549.37,145887.59,36296.02,0.9934,,4.11,1,2
2025-02-04,9号线,11376.0,47850.5,4808.23,52658.74,18183.42,17564.26,8458.65,44206.33,8452.41,0.9794,6189.59,4.21,1,2
2025-02-04,14号线,46070.0,183925.18,14287.82,198213.0,74393.95,69093.51,26149.03,169636.49,28576.51,0.9605,66085.11,3.99,1,2
2025-02-04,21号线,69749.0,269431.87,19871.77,289303.64,125181.07,85462.52,31784.42,242428.01,46875.63,0.9927,86378.33,3.86,1,2
2025-02-05,1号线,44230.0,169422.81,19697.46,189120.26,51017.3,70727.17,26758.89,148503.35,40616.91,0.9656,48589.7,3.83,2,2
2025-02-05,2号线,65006.0,275116.14,40437.15,315553.29,101895.41,105733.26,31112.16,238740.83,76812.46,0.9537,49055.92,4.23,2,2
2025-02-05,3号线,25174.0,98540.53,6573.07,105113.59,30904.65,40382.43,16818.67,88105.75,17007.85,0.9868,37652.92,3.91,2,2
2025-02-05,4号线,20566.0,87605.97,5360.78,92966.75,30767.24,37009.49,10563.89,78340.62,14626.13,0.9766,39176.35,4.26,2,2
2025-02-05,5号线,32789.0,135282.49,8161.71,143444.2,,41562.96,14726.25,100766.2,42678.01,0.9699,39997.52,4.13,2,2
2025-02-05,6号线,76715.0,313803.24,31869.73,345672.98,120835.03,121918.04,45650.21,288403.27,57269.71,0.957,41806.64,4.09,2,2
2025-02-05,7号线,39437.0,161734.51,10612.43,172346.94,46091.5,57041.72,27993.49,131126.7,41220.24,0.9628,58857.69,4.1,2,2
2025-02-05,8号线,25313.0,101116.35,13798.43,,36327.0,29280.27,18513.16,,30794.35,,47538.24,3.99,2,2
2025-02-05,9号线,,198105.4,21889.73,219995.13,61510.68,71163.43,22966.11,155640.21,64354.92,0.9997,73948.47,4.36,2,2
2025-02-05,14号线,78322.0,300985.91,28237.67,329223.58,131521.61,95132.27,57960.1,284613.98,,0.9659,141242.05,3.84,2,2
2025-02-05,21号线,13877.0,52653.02,4562.18,57215.2,15168.95,16483.5,6974.34,38626.8,18588.4,,16278.28,3.79,2,2
2025-02-06,1号线,16479.0,63935.31,7469.0,71404.31,20587.7,18709.45,10251.7,49548.85,,0.969,29579.81,3.88,3,2
2025-02-06,2号线,46039.0,173277.96,15497.38,188775.34,57359.0,55135.47,25587.88,138082.34,50693.0,0.9858,59015.15,3.76,3,2
2025-02-06,3号线,37221.0,150977.25,8458.76,159436.01,57478.8,40459.61,29093.84,127032.24,32403.77,0.9551,45737.45,4.06,3,2
2025-02-06,4号线,20665.0,83809.41,9059.23,92868.64,27527.73,38339.86,12841.78,78709.37,14159.27,0.97,40608.54,4.06,3,2
2025-02-06,5号线,54709.0,204239.36,21798.72,226038.08,68376.85,83129.79,22606.78,174113.43,,0.9742,,3.73,3,2
2025-02-06,6号线,32071.0,125529.71,16559.74,142089.45,57224.79,41978.91,20104.99,119308.69,22780.76,,45427.66,3.91,3,2
2025-02-06,7号线,40261.0,167094.23,,180040.79,,47106.64,29751.55,137924.03,42116.76,0.9834,,4.15,3,2
2025-02-06,8号线,,346192.22,47178.97,393371.2,97247.66,122100.72,60129.22,279477.59,113893.6,0.9512,134969.51,3.75,3,2
2025-02-06,9号线,46199.0,173801.15,9706.01,183507.15,48494.07,64715.96,28364.62,,41932.51,0.9799,69934.28,3.76,3,2
2025-02-06,14号线,49312.0,193179.52,,218654.24,60664.89,55854.08,25907.11,142426.08,76228.15,0.9953,81805.36,3.92,3,2
2025-02-06,21号线,21024.0,79829.15,4545.66,84374.81,25954.5,25561.75,10816.82,62333.07,22041.74,0.99,17882.34,3.8,3,2
2025-02-07,1号线,26029.0,96012.57,9187.05,105199.61,30957.08,39710.7,11817.51,82485.29,22714.32,0.9689,27185.11,3.69,4,2
2025-02-07,2号线,18298.0,,4928.89,77916.8,27976.54,24024.37,14288.3,66289.22,11627.59,,11802.48,3.99,4,2
2025-02-07,3号线,88949.0,334189.51,24550.97,358740.48,121731.65,131948.26,64404.26,318084.18,40656.3,0.9996,168158.21,3.76,4,2
2025-02-07,4号线,55290.0,208386.02,26838.08,235224.1,73854.27,55050.37,26195.11,155099.75,,0.9753,40856.88,3.77,4,2
2025-02-07,5号线,23362.0,,12830.7,102121.45,30648.6,29357.22,9711.64,,32403.99,0.9698,,3.82,4,2
2025-02-07,6号线,47716.0,204244.25,20447.97,224692.23,69849.24,75841.27,28411.25,174101.75,50590.47,0.9814,72120.62,4.28,4,2
2025-02-07,7号线,56504.0,229651.44,13340.9,242992.34,83660.81,90416.38,29962.14,204039.34,38953.0,0.9847,57586.03,4.06,4,2
2025-02-07,8号线,72334.0,296203.36,42142.55,338345.91,92306.24,93266.63,55153.5,240726.36,97619.55,0.9882,,4.09,4,2
2025-02-07,9号线,19447.0,79155.31,5798.53,84953.84,22906.3,32157.84,11921.64,66985.78,17968.06,0.9561,27059.26,4.07,4,2
2025-02-07,14号线,41982.0,173239.74,8968.41,182208.15,69459.43,63985.36,17329.73,150774.53,31433.62,0.9693,56535.55,4.13,4,2
2025-02-07,21号线,49269.0,196458.59,23477.49,219936.08,93666.73,63298.43,20781.01,177746.17,42189.92,0.9571,33605.27,3.99,4,2
2025-02-08,1号线,39294.0,152241.24,22785.9,175027.13,52475.72,40765.7,22979.63,116221.05,58806.09,0.9653,56420.04,3.87,5,2
2025-02-08,2号线,23465.0,97286.42,11227.59,108514.01,34740.92,,13666.78,87450.63,21063.39,0.9741,17958.49,4.15,5,2
2025-02-08,3号线,79015.0,313305.32,23805.35,337110.67,120428.54,97716.19,31931.84,,87034.11,0.9768,65013.76,3.97,5,2
2025-02-08,4号线,34102.0,143748.0,7800.24,151548.24,43617.72,48348.12,15303.65,107269.49,44278.75,0.9823,42593.42,4.22,5,2
2025-02-08,5号线,34611.0,138166.5,13485.3,151651.8,43655.41,48216.36,24004.45,115876.22,35775.58,0.973,58060.81,3.99,5,2
2025-02-08,6号线,65198.0,251264.2,14483.29,265747.49,90326.08,107812.38,45450.77,243589.23,22158.26,0.9627,108995.12,3.85,5,2
2025-02-08,7号线,32775.0,129292.61,17874.18,147166.79,42355.56,58218.34,18755.44,119329.34,27837.45,0.9722,18738.98,3.94,5,2
2025-02-08,8号线,76544.0,324971.41,17404.52,342375.94,123982.39,123134.36,35921.29,283038.03,59337.9,0.9731,152122.21,4.25,5,2
2025-02-08,9号线,66056.0,240726.15,13690.41,254416.56,82861.05,88036.03,44065.75,214962.83,39453.72,0.9757,122094.69,3.64,5,2
2025-02-08,14号线,75377.0,321274.24,19963.55,341237.79,113651.61,103654.41,38735.63,256041.65,,0.9822,97647.38,,5,2
2025-02-08,21号线,19371.0,84454.74,9767.01,94221.75,26945.31,36363.19,15301.25,78609.76,15611.99,0.9964,16212.04,4.36,5,2
2025-02-09,1号线,34935.0,124861.09,9661.64,134522.73,49560.12,35062.06,14529.88,99152.06,35370.67,0.9748,18133.79,3.57,6,2
2025-02-09,2号线,77469.0,300841.91,42687.26,343529.17,104653.71,127678.68,55550.89,287883.28,55645.89,0.973,136577.68,3.88,6,2
2025-02-09,3号线,,119478.54,14972.9,134451.43,33120.48,39853.62,15771.88,,45705.45,0.9864,19542.4,4.05,6,2
2025-02-09,4号线,62256.0,256324.94,31599.78,287924.71,91381.98,88345.51,47181.81,226909.3,61015.41,0.9754,58914.26,4.12,6,2
2025-02-09,5号线,62614.0,239732.64,15842.69,255575.33,95105.62,90789.71,34372.88,220268.21,35307.12,0.9871,114093.74,3.83,6,2
2025-02-09,6号线,47767.0,182942.64,19302.0,,76000.7,63038.3,22026.95,161065.95,41178.69,0.9594,49346.98,3.83,6,2
2025-02-09,7号线,55750.0,252269.71,33619.49,285889.2,78088.03,116061.15,46416.72,240565.9,45323.3,0.9879,84604.43,4.53,6,2
2025-02-09,8号线,44627.0,171186.1,14864.25,186050.36,64998.74,67727.01,34174.47,166900.22,19150.14,0.9943,62012.18,3.84,6,2
2025-02-09,9号线,74316.0,291142.95,40010.68,331153.63,99028.57,98230.88,40827.76,238087.22,93066.41,0.9552,62288.56,,6,2
2025-02-09,14号线,20073.0,85143.11,6554.49,91697.6,35372.55,27232.63,15368.24,77973.42,13724.18,0.9539,11799.44,4.24,6,2
2025-02-09,21号线,54974.0,214467.21,13347.94,227815.15,82610.98,68386.66,,180453.9,47361.24,0.9686,32644.29,3.9,6,2
2025-02-10,1号线,35716.0,146983.9,18897.01,165880.91,,57963.9,24049.17,124622.85,41258.06,0.992,38421.47,4.12,0,2
2025-02-10,2号线,25343.0,101618.71,11033.86,112652.58,33277.96,,17277.74,81608.36,31044.21,0.9965,42420.96,4.01,0,2
2025-02-10,3号线,68005.0,250330.44,17175.21,267505.65,108682.28,85210.18,46109.2,240001.66,27503.99,0.9741,47618.46,,0,2
2025-02-10,4号线,,120920.09,8769.41,129689.5,30999.22,41722.83,12784.64,85506.69,44182.81,0.9961,36256.01,4.03,0,2
2025-02-10,5号线,30005.0,114664.37,8594.62,123259.0,33835.04,40627.52,21857.95,96320.51,26938.49,0.9725,49960.3,3.82,0,2
2025-02-10,6号线,49074.0,196158.4,12539.33,208697.74,60855.6,59297.43,37396.37,,51148.33,0.9674,90774.63,4.0,0,2
2025-02-10,7号线,25142.0,109065.46,9744.43,118809.89,38589.71,29641.38,20527.6,88758.69,30051.2,0.9812,31219.37,4.34,0,2
2025-02-10,8号线,33983.0,,20576.58,160362.63,52001.87,47674.82,20463.73,120140.42,,0.9557,24701.23,4.11,0,2
2025-02-10,9号线,31439.0,124723.67,18465.55,143189.22,40935.45,50954.82,19271.12,111161.39,32027.83,,53054.88,3.97,0,2
2025-02-10,14号线,50661.0,203516.83,13549.63,217066.46,82929.93,57834.54,30216.07,170980.54,46085.92,0.9835,60461.03,4.02,0,2
2025-02-10,21号线,20992.0,88179.21,7547.91,95727.12,39778.81,27007.6,9804.96,76591.37,19135.75,0.9749,21194.91,4.2,0,2
2025-02-11,1号线,27322.0,104078.63,7336.31,111414.94,45008.98,33190.53,15813.56,94013.07,17401.87,0.9935,23447.59,3.81,1,2
2025-02-11,2号线,43578.0,177622.78,10553.49,188176.27,59245.78,,27576.18,153971.86,34204.41,0.9695,73974.36,4.08,1,2
2025-02-11,3号线,81867.0,335743.51,49168.85,384912.36,100046.95,126943.87,59615.02,286605.83,98306.53,0.9644,138296.42,4.1,1,2
2025-02-11,4号线,75886.0,311690.27,32198.5,343888.77,91367.02,,59691.49,271389.68,72499.09,0.9897,73999.66,4.11,1,2
2025-02-11,5号线,17834.0,70366.14,7727.0,78093.14,18136.16,26459.85,10604.54,55200.55,22892.59,0.9866,30862.92,3.95,1,2
2025-02-11,6号线,213459.0,300868.83,18727.1,319595.92,130807.82,109190.19,44689.82,284687.83,34908.09,0.9999,140148.19,4.23,1,2
2025-02-11,7号线,40464.0,182812.82,10592.3,193405.12,74290.75,61698.35,34556.34,170545.45,22859.67,0.9929,69945.88,4.52,1,2
2025-02-11,8号线,9573.0,40474.41,3882.57,44356.98,13250.21,14848.48,7372.97,35471.66,8885.32,0.9914,9599.92,4.23,1,2
2025-02-11,9号线,86307.0,354665.39,22768.52,377433.91,103280.19,116657.56,43974.04,263911.8,113522.11,0.9874,127451.39,4.11,1,2
2025-02-11,14号线,57031.0,223200.85,25314.15,248515.0,65896.71,89062.14,44173.79,199132.64,49382.36,0.9663,87228.39,3.91,1,2
2025-02-11,21号线,9217.0,37796.74,,39961.25,11478.58,16152.97,7528.14,35159.69,4801.56,0.9933,7588.31,4.1,1,2
2025-02-12,1号线,21536.0,,10188.34,90660.84,35349.17,28035.87,15058.05,78443.1,12217.74,0.963,40074.03,3.74,2,2
2025-02-12,2号线,29581.0,119212.24,16267.27,135479.5,41859.89,40326.35,17409.26,99595.5,35884.01,0.9988,19703.34,4.03,2,2
2025-02-12,3号线,18694.0,73643.28,4620.78,,24145.12,20441.1,14480.06,59066.28,19197.77,0.9913,28956.5,3.94,2,2
2025-02-12,4号线,,266345.47,36562.68,302908.15,86188.37,117800.01,34132.74,238121.12,64787.03,0.977,40723.74,,2,2
2025-02-12,5号线,59947.0,232833.81,13370.27,,68089.51,84827.75,42481.34,195398.6,50805.48,0.9799,35772.59,3.88,2,2
2025-02-12,6号线,62714.0,262133.68,17964.81,280098.49,78327.61,110053.27,49603.62,,42113.99,,34618.47,4.18,2,2
2025-02-12,7号线,69787.0,269593.91,20281.74,289875.65,85554.45,107116.19,44720.91,237391.55,52484.1,0.9869,89875.86,3.86,2,2
2025-02-12,8号线,53481.0,216502.3,13802.54,230304.84,,90058.11,31705.32,201039.41,29265.43,0.9585,102799.17,,2,2
2025-02-12,9号线,64645.0,268701.73,23766.97,292468.7,93912.24,94843.4,29670.71,218426.36,74042.35,0.9975,90566.13,4.16,2,2
2025-02-12,14号线,23111.0,91447.92,10096.51,101544.43,31935.93,22986.25,9508.44,64430.62,37113.81,0.9735,27171.56,3.96,2,2
2025-02-12,21号线,45206.0,180072.63,12731.0,192803.63,65451.29,64589.24,23061.6,153102.13,39701.5,0.8011,37457.84,3.98,2,2
2025-02-13,1号线,45118.0,187469.31,13469.85,200939.16,62237.96,67597.74,26968.18,156803.87,44135.29,0.9639,77829.6,4.16,3,2
2025-02-13,2号线,14841.0,63313.54,3353.52,,26288.45,,9970.49,59100.05,7567.0,0.9725,28110.93,4.27,3,2
2025-02-13,3号线,54130.0,196405.38,,220249.63,69885.9,64102.68,37466.51,171455.08,48794.55,0.9912,104611.14,3.63,3,2
2025-02-13,4号线,,58142.96,7730.62,65873.57,14247.28,20662.96,9986.47,44896.71,20976.86,0.9628,21326.15,4.08,3,2
2025-02-13,5号线,10786.0,41592.64,5203.98,46796.62,10753.64,15208.7,5901.78,31864.11,14932.51,0.9677,20629.18,3.86,3,2
2025-02-13,6号线,41550.0,177924.85,,198138.82,74510.41,53369.9,17972.74,145853.05,52285.77,0.9937,65896.62,4.28,3,2
2025-02-13,7号线,71528.0,310240.39,,351192.51,128051.75,109531.44,61777.03,299360.21,51832.29,0.9724,44818.63,4.34,3,2
2025-02-13,8号线,62342.0,-258502.97,34784.27,293287.24,103822.78,88977.7,42712.23,235512.71,57774.53,0.9836,56922.72,4.15,3,2
2025-02-13,9号线,48015.0,202154.62,19207.18,221361.8,67288.64,63152.8,27983.04,158424.49,62937.31,0.9549,88082.46,4.21,3,2
2025-02-13,14号线,65310.0,239524.53,20947.69,260472.22,76930.36,100585.38,40441.44,217957.18,42515.03,0.9571,,3.67,3,2
2025-02-13,21号线,55412.0,198198.53,17557.9,215756.43,,59154.96,19952.85,153891.86,61864.57,0.9551,98118.54,3.58,3,2
2025-02-14,1号线,11226.0,47504.19,3170.24,50674.43,20102.79,13717.23,5250.44,39070.47,11603.96,0.9989,14569.88,4.23,4,2
2025-02-14,2号线,17441.0,68473.33,8601.71,77075.04,21278.75,21996.73,7007.23,50282.72,26792.32,0.995,11758.87,3.93,4,2
2025-02-14,3号线,13303.0,49964.29,2938.91,52903.19,20813.33,19106.71,7721.39,47641.43,5261.76,0.9515,26022.17,3.76,4,2
2025-02-14,4号线,46021.0,185399.68,23395.62,208795.3,74678.8,57092.59,28583.16,160354.55,48440.75,0.9651,40912.78,4.03,4,2
2025-02-14,5号线,67085.0,250601.39,33347.24,283948.63,93808.29,90503.39,30950.2,215261.88,68686.75,0.9791,134141.2,3.74,4,2
2025-02-14,6号线,46791.0,209007.57,28849.62,237857.19,74609.41,67590.1,41672.94,183872.44,53984.75,0.981,37524.89,4.47,4,2
2025-02-14,7号线,28863.0,112174.86,16422.72,128597.58,46253.15,33234.51,13772.27,93259.92,35337.66,0.9767,52096.38,3.89,4,2
2025-02-14,8号线,39559.0,171124.4,16544.0,187668.4,42581.61,62069.21,28761.83,133412.65,54255.74,0.9975,50214.36,4.33,4,2
2025-02-14,9号线,77894.0,310775.35,24420.22,335195.56,98289.24,,42741.86,265799.72,69395.84,0.9693,98684.94,3.99,4,2
2025-02-14,14号线,89019.0,341272.11,32197.52,373469.62,138335.62,127477.99,49688.51,315502.12,,0.9903,108133.61,3.83,4,2
2025-02-14,21号线,50361.0,211144.43,15963.52,,55577.74,81259.99,27700.02,,62570.19,0.961,80630.21,4.19,4,2
2025-02-15,1号线,37396.0,157658.12,20807.68,178465.81,53453.7,61086.31,25926.41,140466.43,37999.38,0.9764,63202.64,4.22,5,2
2025-02-15,2号线,35784.0,149266.64,19914.33,,49321.63,40665.71,25940.59,115927.93,53253.03,0.9877,59164.7,4.17,5,2
2025-02-15,3号线,17607.0,70939.44,6378.17,77317.61,28590.71,23904.96,7834.58,,16987.35,,9450.52,4.03,5,2
2025-02-15,4号线,70561.0,277897.99,15904.56,293802.54,125096.04,,54125.86,265786.04,28016.51,,43415.7,3.94,5,2
2025-02-15,5号线,66462.0,274199.71,33181.18,307380.89,101739.2,89008.37,31401.25,222148.82,85232.07,0.9932,73238.4,4.13,5,2
2025-02-15,6号线,27194.0,112587.16,10993.43,123580.59,39158.34,48797.25,14878.35,102833.94,20746.65,0.9989,38214.09,4.14,5,2
2025-02-15,7号线,65116.0,264827.26,25141.37,289968.62,106519.31,99445.27,,,44198.28,0.9536,99231.95,4.07,5,2
2025-02-15,8号线,45456.0,186910.06,19068.0,205978.07,60943.23,81256.39,29017.81,171217.43,34760.63,0.9636,56594.68,4.11,5,2
2025-02-15,9号线,20092.0,84128.75,5796.8,89925.55,31864.82,25383.89,9277.28,66526.0,23399.55,0.9797,37041.41,4.19,5,2
2025-02-15,14号线,,300527.64,25852.41,326380.05,90509.76,108816.41,33114.91,232441.08,93938.97,0.9657,132209.08,3.83,5,2
2025-02-15,21号线,43158.0,162368.4,10002.26,172370.66,52211.94,75614.9,27198.98,155025.81,17344.85,0.9965,76233.13,3.76,5,2
2025-02-16,1号线,36709.0,155911.42,22619.2,178530.63,,56825.56,27456.59,151127.01,27403.61,0.9553,61404.46,4.25,6,2
2025-02-16,2号线,55383.0,221197.8,13514.69,234712.49,90108.99,80913.19,32648.08,203670.27,31042.22,0.9501,99048.9,3.99,6,2
2025-02-16,3号线,9603.0,40982.96,5613.69,46596.65,16649.74,13838.74,5619.43,36107.91,10488.74,0.9898,15662.82,4.27,6,2
2025-02-16,4号线,72047.0,,42146.61,327965.47,73336.63,105341.56,49649.5,228327.68,99637.79,0.9734,98615.26,3.97,6,2
2025-02-16,5号线,64715.0,240577.55,,265016.91,,80410.19,26740.49,173882.14,91134.76,0.9507,69157.11,3.72,6,2
2025-02-16,6号线,29618.0,123288.32,15240.91,138529.23,45378.83,51990.49,12716.23,110085.55,28443.68,0.9633,47012.2,4.16,6,2
2025-02-16,7号线,13701.0,55396.75,7051.57,62448.32,18502.93,18190.37,9827.34,46520.64,15927.69,0.9563,7198.8,4.04,6,2
2025-02-16,8号线,59915.0,241963.55,19195.18,261158.73,87648.15,70382.26,24621.06,182651.46,78507.27,0.9674,63366.64,4.04,6,2
2025-02-16,9号线,67262.0,279625.79,32872.25,,101085.83,97358.0,52548.82,,61505.4,0.9803,63005.42,4.16,6,2
2025-02-16,14号线,17896.0,68618.64,5123.09,73741.74,20902.4,21170.37,8427.98,50500.75,23240.99,0.9737,10500.78,3.83,6,2
2025-02-16,21号线,31673.0,128153.4,11093.99,139247.39,45205.7,56362.74,13784.24,115352.69,23894.7,0.957,45407.06,4.05,6,2
2025-02-17,1号线,50051.0,190800.36,26834.56,217634.92,65756.09,86184.08,29140.27,181080.45,36554.47,0.9905,96152.62,3.81,0,2
2025-02-17,2号线,,192556.47,,215472.55,69085.41,48783.37,32542.04,150410.82,65061.73,0.9615,25097.66,4.35,0,2
2025-02-17,3号线,,125504.68,7232.07,132736.75,39974.93,47893.5,21080.02,108948.45,23788.3,0.973,41033.31,4.04,0,2
2025-02-17,4号线,95200.0,351159.23,49080.64,400239.86,145149.3,126223.85,52018.39,,76848.32,0.9997,122888.82,3.69,0,2
2025-02-17,5号线,64417.0,261943.28,28645.09,290588.37,70801.13,99961.88,37641.14,208404.15,82184.22,0.9991,50577.75,4.07,0,2
2025-02-17,6号线,35466.0,145921.97,9655.24,155577.21,57501.39,58573.93,25643.02,141718.34,13858.87,0.9624,51813.09,4.11,0,2
2025-02-17,7号线,33315.0,136040.23,17473.29,153513.52,46604.29,51428.05,24968.93,123001.27,30512.25,0.9902,18959.07,4.08,0,2
2025-02-17,8号线,31124.0,121681.83,11300.62,132982.44,36828.19,53918.75,13329.02,,28906.49,0.9831,,3.91,0,2
2025-02-17,9号线,,139320.5,15819.06,,40927.46,56951.33,20641.02,118519.81,36619.75,0.9529,39418.82,4.12,0,2
2025-02-17,14号线,33926.0,131685.35,11306.22,142991.57,45493.14,40128.72,20596.56,,36773.16,0.9596,63691.27,3.88,0,2
2025-02-17,21号线,41907.0,173138.98,11222.49,184361.46,59916.11,51886.46,33871.53,145674.09,38687.37,0.9716,66160.25,4.13,0,2
2025-02-18,1号线,13577.0,61460.97,5242.93,66703.9,26743.52,19460.09,7882.34,54085.95,12617.95,0.9946,15330.77,4.53,1,2
2025-02-18,2号线,10451.0,42250.56,4621.38,46871.94,11183.59,16324.13,5474.38,32982.11,13889.83,0.9682,9853.86,4.04,1,2
2025-02-18,3号线,40696.0,164403.28,,178084.77,67504.32,57799.86,30181.58,155485.77,22599.01,0.9827,29601.97,4.04,1,2
2025-02-18,4号线,30465.0,123807.64,7773.47,131581.11,46911.35,37902.53,,97659.81,33921.3,0.8625,39109.91,4.06,1,2
2025-02-18,5号线,40322.0,166494.5,15608.56,182103.06,61503.51,45172.13,16817.45,123493.09,58609.97,0.9596,38915.84,4.13,1,2
2025-02-18,6号线,34174.0,142304.33,11426.05,153730.39,50937.69,58591.83,20244.63,129774.15,23956.24,0.9908,,4.16,1,2
2025-02-18,7号线,16185.0,69344.21,4011.26,,25342.17,24455.82,11518.17,61316.16,12039.31,0.9584,27044.29,4.28,1,2
2025-02-18,8号线,20162.0,75021.46,10872.17,85893.63,27502.36,24740.6,10215.75,62458.7,23434.93,0.978,33692.67,3.72,1,2
2025-02-18,9号线,46356.0,183745.86,23951.61,207697.46,49600.15,67269.4,20179.61,137049.17,70648.29,0.9925,47139.7,3.96,1,2
2025-02-18,14号线,28271.0,116137.41,17171.21,133308.62,44392.8,33311.07,15511.43,93215.3,40093.32,0.9864,37971.04,4.11,1,2
2025-02-18,21号线,36536.0,149747.71,13286.17,163033.88,60630.68,43668.61,22562.08,126861.37,36172.51,0.9173,25084.68,,1,2
2025-02-19,1号线,12021.0,47225.63,4941.83,52167.46,20765.08,14227.9,8581.5,43574.48,8592.99,0.9752,18965.3,3.93,2,2
2025-02-19,2号线,10825.0,42644.1,4797.59,47441.69,15050.38,17434.1,7152.07,39636.55,7805.14,0.9751,6563.6,3.94,2,2
2025-02-19,3号线,22041.0,85343.79,7279.47,92623.26,29419.19,26696.62,11152.53,67268.33,25354.93,0.9866,24394.78,3.87,2,2
2025-02-19,4号线,10120.0,42366.33,3526.81,45893.14,11963.88,,7140.61,36227.35,9665.79,0.9972,14801.53,4.19,2,2
2025-02-19,5号线,12995.0,52863.81,5820.85,58684.66,23908.29,16067.29,9437.61,49413.18,9271.48,0.9971,24327.9,4.07,2,2
2025-02-19,6号线,36109.0,138958.3,8522.36,147480.66,42476.35,,27384.19,115744.01,31736.65,0.9852,40950.96,3.85,2,2
2025-02-19,7号线,35062.0,135600.29,10678.0,,50191.56,44268.68,17201.35,111661.59,34616.7,0.9802,21579.58,3.87,2,2
2025-02-19,8号线,76411.0,308481.79,34662.52,343144.31,101050.67,89718.6,49327.61,240096.89,103047.42,0.9508,148812.18,4.04,2,2
2025-02-19,9号线,37143.0,164443.64,16867.91,181311.55,54334.68,66434.58,26040.59,146809.84,34501.71,0.8261,25093.78,4.43,2,2
2025-02-19,14号线,57064.0,234043.22,29777.34,263820.56,96808.06,87573.86,23560.71,207942.63,55877.93,0.9525,82242.34,4.1,2,2
2025-02-19,21号线,52413.0,217226.61,26626.03,243852.63,89593.37,81566.06,,197671.58,,0.9607,78488.04,4.14,2,2
2025-02-20,1号线,30920.0,125521.94,11778.79,137300.73,57426.23,38403.55,18988.04,114817.82,,0.9773,46565.93,4.06,3,2
2025-02-20,2号线,13311.0,53945.46,6682.35,60627.8,13901.78,20615.44,10128.1,44645.32,15982.49,0.9607,12062.55,4.05,3,2
2025-02-20,3号线,14668.0,60719.0,6661.46,67380.45,21583.44,20006.3,7379.45,48969.19,18411.27,0.9667,26804.98,4.14,3,2
2025-02-20,4号线,60222.0,243378.48,30128.25,273506.72,88779.95,87269.51,42417.98,218467.44,55039.28,0.9686,113286.61,4.04,3,2
2025-02-20,5号线,36731.0,154815.78,21052.22,175868.0,48709.37,70969.21,29651.2,149329.79,26538.21,0.9706,66504.57,4.21,3,2
2025-02-20,6号线,69150.0,300379.0,,343521.85,85372.95,,49542.18,256355.85,87166.0,0.9646,80620.55,4.34,3,2
2025-02-20,7号线,18040.0,67419.59,3561.85,70981.44,,25638.85,9907.48,55855.72,15125.72,0.9856,9330.99,3.74,3,2
2025-02-20,8号线,76627.0,307814.97,37570.83,345385.81,137205.66,105508.37,53768.4,296482.43,48903.37,0.9903,39228.93,4.02,3,2
2025-02-20,9号线,12308.0,45146.35,3854.55,49000.89,18059.46,13864.01,6125.84,38049.31,10951.58,0.9654,23024.36,3.67,3,2
2025-02-20,14号线,51812.0,193120.19,26579.51,219699.69,56938.27,78463.47,37486.96,172888.71,46810.99,0.9777,65008.45,3.73,3,2
2025-02-20,21号线,87227.0,350760.26,33737.65,384497.91,131589.67,140907.32,,319666.58,64831.33,0.8444,103694.05,4.02,3,2
2025-02-21,1号线,29756.0,123450.6,6197.12,129647.72,41853.75,35118.96,14385.51,91358.22,38289.5,0.9757,22080.27,4.15,4,2
2025-02-21,2号线,72819.0,297465.12,21487.73,318952.85,100545.15,99010.6,32880.17,232435.92,86516.93,0.9623,42715.5,4.08,4,2
2025-02-21,3号线,52846.0,198428.61,29491.39,227920.0,71861.22,76936.05,31191.24,179988.51,47931.49,0.9936,80244.95,3.75,4,2
2025-02-21,4号线,17488.0,66238.31,3458.58,69696.89,27675.41,19309.88,10435.25,57420.54,12276.35,0.9748,33221.79,3.79,4,2
2025-02-21,5号线,49202.0,188875.97,26360.94,215236.92,53395.95,67720.85,26288.88,147405.68,67831.24,0.971,25938.61,3.84,4,2
2025-02-21,6号线,23771.0,99191.06,7160.61,106351.66,36707.91,30903.07,18703.66,86314.65,20037.02,0.9866,36747.9,4.17,4,2
2025-02-21,7号线,71765.0,292645.6,24395.77,317041.37,125590.25,99356.25,43460.64,268407.14,48634.23,0.9592,127918.32,4.08,4,2
2025-02-21,8号线,14938.0,59159.03,4619.62,63778.65,19058.97,24100.79,6007.65,49167.41,14611.25,0.974,11540.87,3.96,4,2
2025-02-21,9号线,45800.0,185135.36,17281.87,202417.23,74919.81,50063.92,33394.99,158378.72,,0.9661,38021.65,4.04,4,2
2025-02-21,14号线,37334.0,155392.64,8473.86,163866.5,49289.57,55584.31,21280.74,126154.63,37711.88,0.969,65224.42,4.16,4,2
2025-02-21,21号线,51186.0,204677.24,21458.75,226135.99,,91373.03,36285.38,192024.07,,0.9792,85631.11,4.0,4,2
2025-02-22,1号线,47816.0,180460.93,12762.96,193223.89,73611.47,62041.08,18310.08,153962.62,39261.27,0.9831,48793.55,3.77,5,2
2025-02-22,2号线,46284.0,187153.96,21600.05,208754.01,81295.26,59396.43,29891.39,170583.08,38170.93,0.9816,34005.55,4.04,5,2
2025-02-22,3号线,80376.0,310965.44,21312.72,332278.16,109501.84,101097.14,49397.01,259995.99,72282.17,0.9934,127517.86,3.87,5,2
2025-02-22,4号线,32546.0,,14733.2,141797.1,48076.52,37889.8,23148.89,109115.22,32681.88,0.9846,29164.24,3.9,5,2
2025-02-22,5号线,56846.0,235728.87,22703.39,258432.26,75810.86,90553.58,43042.15,209406.6,49025.67,0.9912,33806.91,4.15,5,2
2025-02-22,6号线,55263.0,220744.12,,248289.43,71907.18,95271.54,39152.56,206331.28,41958.15,0.9732,49516.01,3.99,5,2
2025-02-22,7号线,33910.0,138053.64,9678.46,147732.1,52533.08,51939.63,19727.66,124200.37,23531.73,0.9718,,4.07,5,2
2025-02-22,8号线,82526.0,344876.3,48389.38,393265.67,160550.26,113092.78,62996.9,336639.93,56625.74,0.9837,41970.9,4.18,5,2
2025-02-22,9号线,29991.0,118499.96,15212.29,133712.25,36763.86,34867.61,16121.05,87752.52,45959.73,0.9827,25433.19,3.95,5,2
2025-02-22,14号线,38503.0,162585.54,8216.2,170801.74,59864.04,42000.51,,126441.56,44360.19,0.9701,41810.04,4.22,5,2
2025-02-22,21号线,,83610.67,9170.85,,,23484.13,10274.71,66949.88,25831.65,0.9671,27677.19,3.9,5,2
2025-02-23,1号线,34175.0,142750.56,13629.31,156379.87,54878.63,47706.44,15036.6,117621.67,38758.2,0.9687,65360.99,4.18,6,2
2025-02-23,2号线,,216345.23,14196.72,,83228.83,74644.3,27590.25,185463.38,45078.57,0.959,79943.17,4.22,6,2
2025-02-23,3号线,17307.0,76968.67,9123.83,86092.5,24617.89,36168.03,8163.34,68949.26,17143.25,0.9727,20462.22,4.45,6,2
2025-02-23,4号线,14690.0,60399.81,3948.28,64348.1,21682.4,20458.5,8467.37,50608.27,13739.83,0.9961,20195.61,4.11,6,2
2025-02-23,5号线,35189.0,134871.15,9856.31,144727.46,58241.06,41634.81,14384.38,114260.25,30467.21,0.9623,54051.0,3.83,6,2
2025-02-23,6号线,33632.0,132233.57,16362.93,148596.5,46999.14,,15823.78,118598.18,29998.32,0.9999,18330.75,3.93,6,2
2025-02-23,7号线,66067.0,282866.21,17762.21,300628.42,104671.74,118270.59,50234.54,273176.86,27451.57,0.9698,99362.32,4.28,6,2
2025-02-23,8号线,44170.0,160376.15,10715.02,171091.17,60164.17,61382.01,22712.76,144258.94,26832.23,0.9971,27042.28,3.63,6,2
2025-02-23,9号线,46333.0,181043.27,14472.3,195515.57,61407.79,76123.29,24010.93,161542.02,33973.55,0.9628,47861.04,3.91,6,2
2025-02-23,14号线,73765.0,317197.93,40618.97,357816.9,92243.61,107970.51,46897.59,247111.71,110705.19,0.9502,56162.1,4.3,6,2
2025-02-23,21号线,47841.0,183393.15,10214.61,193607.76,58664.07,62612.48,33421.22,154697.78,38909.99,0.9863,65132.24,3.83,6,2
2025-02-24,1号线,38679.0,146677.93,7565.99,154243.92,55729.38,54723.81,28461.67,138914.86,15329.07,,,3.79,0,2
2025-02-24,2号线,25404.0,103296.78,12380.44,115677.22,37933.35,40566.38,11602.63,90102.36,,0.9952,46611.91,4.07,0,2
2025-02-24,3号线,79599.0,298414.94,34160.91,332575.84,95268.98,118355.2,44452.62,258076.8,74499.05,0.9686,118801.58,3.75,0,2
2025-02-24,4号线,11549.0,46867.81,3200.31,50068.12,17368.27,13364.3,5711.83,36444.39,13623.73,0.9964,22577.02,4.06,0,2
2025-02-24,5号线,20539.0,79847.05,11130.56,90977.61,24284.21,27661.06,15481.5,67426.77,,0.9787,,3.89,0,2
2025-02-24,6号线,,165614.38,18606.41,,61822.1,57053.68,29010.28,147886.06,36334.73,0.9688,31538.53,4.45,0,2
2025-02-24,7号线,47860.0,193832.06,28076.63,221908.69,75203.58,52491.01,23978.67,151673.26,70235.43,0.9962,80343.49,4.05,0,2
2025-02-24,8号线,49697.0,177709.51,17544.64,,64957.4,68700.61,20516.42,154174.44,41079.72,1.0,82207.45,3.58,0,2
2025-02-24,9号线,43560.0,190379.54,,200763.84,74055.11,65850.99,33561.88,173467.99,27295.85,0.9835,52380.69,4.37,0,2
2025-02-24,14号线,49366.0,,30749.5,236239.56,88549.5,69800.4,39626.37,197976.27,38263.29,0.9608,49563.99,4.16,0,2
2025-02-24,21号线,69431.0,282299.62,19012.77,301312.39,,106762.26,36163.99,239889.43,61422.96,0.9696,112905.53,4.07,0,2
2025-02-25,1号线,33713.0,125228.06,17874.49,143102.55,45703.35,50884.89,22980.17,119568.41,23534.14,0.9875,38657.64,3.71,1,2
2025-02-25,2号线,33627.0,123469.92,9800.74,133270.66,33196.96,48108.39,16448.73,97754.08,35516.58,0.9799,49770.49,3.67,1,2
2025-02-25,3号线,77651.0,287428.77,24443.32,311872.09,120552.99,86374.31,43296.27,250223.57,61648.52,0.9728,117809.83,3.7,1,2
2025-02-25,4号线,42206.0,152485.34,9793.45,162278.79,53536.1,62184.44,19489.6,135210.14,27068.66,0.9544,83886.29,3.61,1,2
2025-02-25,5号线,62674.0,236222.13,13992.87,250215.0,80285.35,105320.55,25082.27,210688.16,39526.84,0.9575,122346.83,3.77,1,2
2025-02-25,6号线,15404.0,56592.84,7096.0,63688.83,21369.49,20078.13,9910.41,51358.03,12330.81,0.9909,25194.35,3.67,1,2
2025-02-25,7号线,20297.0,87190.73,10612.16,97802.89,38499.4,28898.38,10894.12,78291.9,19510.99,0.9879,,4.3,1,2
2025-02-25,8号线,76642.0,292051.29,32236.53,324287.82,124748.78,93104.65,56664.4,274517.83,49769.99,0.9587,94172.03,3.81,1,2
2025-02-25,9号线,55588.0,201777.42,18842.86,220620.28,57647.1,75523.65,32205.33,165376.09,55244.19,0.9773,103039.0,3.63,1,2
2025-02-25,14号线,72365.0,307572.33,32805.83,340378.16,128519.24,113328.26,56008.34,297855.84,,0.97,71655.25,,1,2
2025-02-25,21号线,42984.0,169300.48,9745.97,179046.45,60451.1,67539.67,18601.67,146592.44,32454.01,0.9793,36081.32,3.94,1,2
2025-02-26,1号线,46371.0,191068.17,19723.81,210791.98,48745.56,67135.12,31692.81,147573.5,63218.48,0.9784,43799.1,4.12,2,2
2025-02-26,2号线,82874.0,325590.56,24096.0,349686.56,84667.49,112756.2,58021.89,255445.58,94240.98,0.9514,106524.56,3.93,2,2
2025-02-26,3号线,30216.0,111513.33,14727.52,126240.86,37120.28,37799.03,20335.04,95254.35,30986.5,,51626.21,3.69,2,2
2025-02-26,4号线,71972.0,283703.39,30233.94,313937.33,83183.47,107370.71,54269.41,244823.6,69113.73,0.9788,118237.43,3.94,2,2
2025-02-26,5号线,48309.0,189482.19,27167.0,216649.19,79995.23,69034.59,21196.31,170226.13,46423.06,0.9516,58617.86,3.92,2,2
2025-02-26,6号线,23461.0,88019.88,12570.14,100590.02,36250.94,27462.06,11725.21,75438.21,25151.8,0.962,29759.12,3.75,2,2
2025-02-26,7号线,64969.0,266209.36,27969.64,294179.0,78736.18,85078.58,36062.48,199877.24,94301.77,0.9907,92109.57,4.1,2,2
2025-02-26,8号线,83009.0,326113.5,25374.88,351488.37,102132.72,128211.75,50149.18,280493.64,70994.73,0.9778,45134.71,3.93,2,2
2025-02-26,9号线,,270395.03,16108.22,286503.25,88195.18,,46240.65,236505.54,49997.72,0.9631,67354.45,3.89,2,2
2025-02-26,14号线,61467.0,254383.92,,286242.91,93492.64,91180.96,35695.42,220369.02,,0.9714,98177.84,4.14,2,2
2025-02-26,21号线,48455.0,201115.65,14825.13,215940.78,51001.55,69992.01,39080.29,,55866.94,0.975,55755.03,4.15,2,2
2025-02-27,1号线,50164.0,204291.07,28281.14,232572.21,81599.84,,24825.54,184237.25,48334.95,0.9856,77505.52,4.07,3,2
2025-02-27,2号线,36177.0,139700.0,18236.86,157936.86,55093.63,38388.19,23345.17,116827.0,41109.86,,32519.24,3.86,3,2
2025-02-27,3号线,36719.0,136857.24,9553.94,146411.18,38798.24,55112.75,17852.92,111763.92,34647.26,0.971,45727.76,3.73,3,2
2025-02-27,4号线,50206.0,197980.95,24891.81,222872.75,72771.95,52785.05,28076.56,153633.56,69239.19,0.9697,32652.39,3.94,3,2
2025-02-27,5号线,34280.0,130589.26,17370.34,,47384.06,32975.54,16127.7,96487.3,,0.9632,31532.08,3.81,3,2
2025-02-27,6号线,48483.0,201104.12,21597.57,222701.7,58720.95,63977.6,20902.6,143601.15,79100.55,0.9792,,4.15,3,2
2025-02-27,7号线,37888.0,143596.44,7269.68,,39841.78,56773.14,22490.29,119105.21,31760.9,0.9783,61650.57,3.79,3,2
2025-02-27,8号线,44929.0,160601.16,21397.91,181999.07,54982.36,43002.75,22903.67,120888.79,61110.28,0.9613,77545.57,3.57,3,2
2025-02-27,9号线,49414.0,192675.86,16030.6,208706.46,67463.38,59214.32,24657.62,151335.32,57371.14,0.988,78632.19,3.9,3,2
2025-02-27,14号线,84870.0,299247.33,39064.71,338312.05,104447.89,84758.27,47041.56,236247.71,102064.34,0.9575,76574.94,3.53,3,2
2025-02-27,21号线,16341.0,62536.77,5577.72,68114.49,20623.05,17607.94,6470.51,44701.5,23413.0,0.9821,14539.28,3.83,3,2
2025-02-28,1号线,39616.0,149800.48,17198.67,,53787.0,39751.77,16644.89,110183.65,56815.5,,52228.67,3.78,4,2
2025-02-28,2号线,11672.0,,5377.98,51293.79,15588.52,18737.69,6246.73,40572.93,10720.86,0.9996,8570.78,3.93,4,2
2025-02-28,3号线,,69789.3,,76542.67,28269.77,,8998.91,62961.41,13581.27,0.9714,15911.9,4.37,4,2
2025-02-28,4号线,46935.0,191845.06,25386.34,217231.4,77176.67,73783.64,32404.31,183364.62,33866.78,0.9508,81083.53,4.09,4,2
2025-02-28,5号线,41487.0,139069.09,17813.63,,49612.9,39252.49,22975.51,111840.91,,0.9756,24540.01,3.35,4,2
2025-02-28,6号线,56438.0,230845.25,25260.05,256105.3,79906.88,73574.25,38700.83,192181.96,63923.34,0.9788,64542.13,4.09,4,2
2025-02-28,7号线,71577.0,285514.25,32897.96,318412.21,85450.81,104348.76,47427.93,237227.5,81184.71,0.9606,48887.89,3.99,4,2
2025-02-28,8号线,72315.0,271404.09,14325.9,285729.99,,88040.78,30570.59,215742.79,69987.2,0.9921,88518.64,3.75,4,2
2025-02-28,9号线,43649.0,182633.75,23843.31,206477.06,61181.19,66392.1,29831.61,157404.9,49072.16,0.9796,32686.62,4.18,4,2
2025-02-28,14号线,28574.0,102256.28,13295.43,115551.7,44965.93,33563.21,11529.25,90058.39,25493.31,0.9926,56781.69,3.58,4,2
2025-02-28,21号线,20457.0,82829.65,9743.76,92573.41,34627.03,29984.48,14844.66,79456.16,13117.25,0.9648,10262.63,4.05,4,2
2025-03-01,1号线,58286.0,228768.16,27100.47,255868.63,91435.67,66065.1,23848.39,181349.16,74519.47,0.9564,40182.76,3.92,5,3
2025-03-01,2号线,34961.0,117554.18,13458.81,131013.0,35703.64,42311.47,22267.88,100283.0,30730.0,0.9946,18195.49,3.36,5,3
2025-03-01,3号线,20595.0,79258.39,10709.0,89967.39,28250.99,19508.49,12208.17,59967.65,29999.75,0.9757,,3.85,5,3
2025-03-01,4号线,81863.0,309653.8,27556.08,,122530.02,124501.59,37955.12,284986.74,52223.14,0.9541,142816.9,3.78,5,3
2025-03-01,5号线,55703.0,220763.84,21277.53,242041.37,62809.67,72554.4,41753.47,177117.54,64923.83,0.9659,68712.64,3.96,5,3
2025-03-01,6号线,20393.0,84778.97,9890.46,94669.43,,32866.18,14738.87,71789.54,22879.89,,34793.38,4.16,5,3
2025-03-01,7号线,31315.0,125258.04,6584.69,131842.72,41426.09,49240.0,,105529.71,26313.01,,55582.21,4.0,5,3
2025-03-01,8号线,13526.0,61365.69,4773.3,66138.99,22329.33,17954.33,7965.73,48249.39,17889.6,0.9916,26554.37,4.54,5,3
2025-03-01,9号线,54490.0,220771.42,11956.52,232727.94,80251.58,80371.73,40181.89,200805.2,31922.73,0.9626,52400.65,4.05,5,3
2025-03-01,14号线,61029.0,259818.8,29644.43,289463.23,95607.13,98229.22,35460.65,229297.0,60166.23,0.9851,81455.22,4.26,5,3
2025-03-01,21号线,51112.0,211572.86,31210.81,242783.67,,68442.32,40708.9,198643.32,44140.35,0.9983,73712.67,4.14,5,3
2025-03-02,1号线,46991.0,202912.61,15236.28,218148.89,58727.45,79751.47,,177737.03,40411.87,0.9985,50128.06,4.32,6,3
2025-03-02,2号线,56539.0,217991.0,31413.56,249404.55,77809.15,57621.57,24287.25,159717.96,89686.59,0.9993,28285.32,3.86,6,3
2025-03-02,3号线,30629.0,117742.19,16960.81,134703.0,38191.11,33901.17,21355.18,93447.45,41255.55,0.9576,37248.67,3.84,6,3
2025-03-02,4号线,,37537.15,2486.98,40024.13,15540.02,13500.0,4869.93,33909.94,6114.19,0.981,14473.42,4.01,6,3
2025-03-02,5号线,73519.0,311581.59,26343.63,337925.22,135264.03,106019.34,49135.84,290419.21,47506.01,0.954,99160.65,4.24,6,3
2025-03-02,6号线,60490.0,232247.43,21663.38,253910.81,75800.36,70212.18,26742.03,172754.57,81156.24,0.997,98762.05,3.84,6,3
2025-03-02,7号线,,255620.36,36190.43,291810.79,79986.09,89490.75,45792.08,215268.91,76541.88,0.9598,96933.29,4.0,6,3
2025-03-02,8号线,56377.0,216335.12,21985.78,238320.9,67893.73,63650.37,30404.23,161948.34,76372.56,0.9836,68888.01,3.84,6,3
2025-03-02,9号线,70065.0,298216.15,15295.72,313511.88,88764.16,110554.41,55881.98,255200.55,58311.33,0.9676,99181.65,4.26,6,3
2025-03-02,14号线,14747.0,58554.36,5171.61,63725.97,18684.94,23467.89,,53292.23,,0.9524,25523.1,3.97,6,3
2025-03-02,21号线,42641.0,179637.5,23818.72,203456.22,71847.62,64669.09,27928.01,164444.73,39011.49,0.9799,,4.21,6,3
2025-03-03,1号线,37408.0,140828.37,7337.46,148165.83,47877.35,37023.32,20819.16,105719.82,42446.01,0.9894,34604.12,3.76,0,3
2025-03-03,2号线,9985.0,41564.66,5631.2,47195.86,17661.35,12248.65,5757.13,35667.13,11528.73,0.9635,7900.57,4.16,0,3
2025-03-03,3号线,43615.0,174542.56,18606.56,193149.12,61710.49,45498.98,27470.66,134680.14,58468.99,0.998,24993.24,4.0,0,3
2025-03-03,4号线,82318.0,337904.29,,370045.52,122929.14,140822.99,51527.03,315279.15,54766.37,0.9727,96916.96,4.1,0,3
2025-03-03,5号线,42679.0,170025.64,12681.32,,50090.5,56117.16,25819.44,132027.1,50679.85,0.9842,82091.82,3.98,0,3
2025-03-03,6号线,53114.0,199656.21,16594.36,216250.57,70021.65,56555.3,21072.03,147648.98,68601.58,0.9826,72735.83,3.76,0,3
2025-03-03,7号线,17425.0,71468.36,6383.18,77851.54,23843.91,29452.29,9400.69,62696.88,15154.66,0.959,29557.52,4.1,0,3
2025-03-03,8号线,72643.0,271507.83,20109.78,291617.61,118071.74,87319.9,54098.33,259489.97,32127.64,0.9612,79834.57,3.74,0,3
2025-03-03,9号线,33142.0,142142.64,18627.34,160769.98,38980.35,46779.31,16982.83,102742.48,58027.5,0.9686,42515.44,4.29,0,3
2025-03-03,14号线,51312.0,209603.3,18921.72,228525.02,,71035.03,32458.92,175652.29,,0.9568,77644.5,4.08,0,3
2025-03-03,21号线,32495.0,140577.15,12779.66,153356.81,45462.96,51086.9,15851.06,112400.92,40955.9,0.9865,50402.61,4.33,0,3
2025-03-04,1号线,12674.0,46304.35,4499.58,50803.93,16910.68,16202.43,5378.05,38491.16,12312.77,0.9605,20448.32,3.65,1,3
2025-03-04,2号线,25454.0,101637.04,12651.14,114288.18,36281.57,38916.41,13523.43,88721.41,25566.77,0.9757,17709.79,3.99,1,3
2025-03-04,3号线,26132.0,103162.01,7043.4,110205.41,29291.54,33862.77,17475.82,80630.14,29575.27,0.9954,22574.58,3.95,1,3
2025-03-04,4号线,10970.0,43089.93,4186.83,47276.76,14208.1,19759.46,5060.52,39028.09,8248.67,,12188.2,3.93,1,3
2025-03-04,5号线,,294339.61,18298.96,312638.57,99809.33,93014.7,43989.68,236813.71,75824.86,0.9813,134791.29,3.74,1,3
2025-03-04,6号线,68472.0,276545.42,21260.75,297806.17,86877.62,110693.24,32654.07,230224.93,67581.25,0.9653,91252.68,4.04,1,3
2025-03-04,7号线,47096.0,189728.58,23205.16,212933.74,80624.03,64766.52,22337.25,167727.8,45205.94,0.9789,24580.04,4.03,1,3
2025-03-04,8号线,33664.0,144621.28,11476.2,156097.48,50644.27,61104.01,18928.07,130676.34,25421.13,0.9779,52533.44,4.3,1,3
2025-03-04,9号线,15869.0,65869.29,9860.3,75729.59,26367.85,22099.65,12724.24,61191.73,14537.85,0.994,9106.13,,1,3
2025-03-04,14号线,14353.0,54373.15,5503.73,59876.88,22804.75,19733.82,5656.38,48194.95,11681.93,0.981,24480.95,3.79,1,3
2025-03-04,21号线,74014.0,301915.24,35977.9,337893.14,135447.91,,53313.96,281676.07,56217.08,0.9565,111580.79,4.08,1,3
2025-03-05,1号线,15604.0,59145.96,3828.09,62974.04,19451.84,24625.04,8085.02,52161.91,10812.14,0.9818,,3.79,2,3
2025-03-05,2号线,45711.0,177008.74,15403.87,192412.61,73700.45,60238.08,33795.44,167733.97,24678.65,0.9923,35390.37,3.87,2,3
2025-03-05,3号线,41822.0,168210.77,9796.7,178007.47,57159.2,52763.69,30486.36,140409.25,,0.9773,,4.02,2,3
2025-03-05,4号线,45585.0,187361.62,27074.21,214435.83,63261.8,54652.18,31670.16,149584.14,64851.68,0.975,66945.56,4.11,2,3
2025-03-05,5号线,53961.0,204404.81,10325.3,,61255.74,63990.64,24061.04,149307.42,65422.68,0.9841,46052.17,3.79,2,3
2025-03-05,6号线,16140.0,63184.01,7847.31,71031.32,21193.91,18380.59,10773.13,50347.64,20683.68,0.9937,12158.06,3.91,2,3
2025-03-05,7号线,75682.0,302089.4,35545.19,337634.59,101755.14,91251.9,54996.95,248003.98,89630.6,0.9789,72791.79,3.99,2,3
2025-03-05,8号线,22516.0,91765.44,12286.05,104051.49,36367.84,31710.9,10143.76,78222.5,25828.99,0.9681,40954.79,4.08,2,3
2025-03-05,9号线,48797.0,203949.58,17331.55,221281.13,77671.93,57999.73,21841.29,157512.94,63768.19,0.9848,70484.46,4.18,2,3
2025-03-05,14号线,,,7240.64,82460.78,19402.9,28310.68,8781.65,56495.23,25965.55,0.9708,12204.92,3.67,2,3
2025-03-05,21号线,18189.0,67673.74,6550.69,74224.43,25248.95,,10354.51,62722.81,11501.61,0.9948,32373.94,3.72,2,3
2025-03-06,1号线,15963.0,62940.5,5166.5,68107.0,24523.32,22708.67,9522.11,56754.1,11352.9,0.9718,30027.0,3.94,3,3
2025-03-06,2号线,,309360.41,18728.84,328089.26,109934.29,105300.42,57605.26,272839.98,55249.28,0.9641,148498.89,3.61,3,3
2025-03-06,3号线,56988.0,,23271.62,253139.1,74088.61,83625.12,25725.4,183439.13,69699.97,0.9811,89931.46,4.03,3,3
2025-03-06,4号线,45138.0,182077.02,22764.38,204841.4,51485.79,61694.34,22443.48,135623.61,69217.79,0.9541,53186.27,4.03,3,3
2025-03-06,5号线,11210.0,46115.05,5402.78,51517.83,14531.6,21230.18,8177.04,43938.82,7579.01,0.9519,19192.66,4.11,3,3
2025-03-06,6号线,77559.0,285020.03,17026.15,302046.18,123176.58,104391.14,52943.34,280511.06,21535.12,0.9503,85719.87,3.67,3,3
2025-03-06,7号线,67525.0,255022.95,14317.63,269340.58,72253.33,90192.22,36421.24,198866.79,70473.79,0.9719,132770.65,3.78,3,3
2025-03-06,8号线,22629.0,90126.47,5049.13,95175.59,25734.14,,17605.33,73606.32,21569.27,0.966,16890.97,3.98,3,3
2025-03-06,9号线,35066.0,134055.57,18894.19,152949.76,36686.32,47067.48,14351.13,98104.92,54844.84,0.9772,21628.18,3.82,3,3
2025-03-06,14号线,31103.0,123362.45,12124.69,135487.14,34266.98,43180.02,17765.07,95212.07,40275.07,0.9918,38993.78,3.97,3,3
2025-03-06,21号线,39330.0,150312.26,13427.71,163739.97,50318.31,48556.15,20698.81,119573.27,44166.7,0.9846,,3.82,3,3
2025-03-07,1号线,39052.0,154639.71,17990.2,172629.92,47885.86,65147.27,21822.82,134855.95,37773.96,0.9897,32442.96,3.96,4,3
2025-03-07,2号线,64946.0,265136.97,23655.99,288792.96,95135.27,66232.4,31262.17,192629.83,96163.13,0.9882,43060.74,4.08,4,3
2025-03-07,3号线,21494.0,83544.98,5781.45,89326.43,23971.63,31879.71,13598.36,69449.7,19876.73,0.9959,39359.89,3.89,4,3
2025-03-07,4号线,38381.0,155200.07,18180.23,173380.3,69402.03,49180.88,24240.14,142823.05,30557.25,0.9912,58846.35,4.04,4,3
2025-03-07,5号线,62578.0,231341.98,24623.93,255965.91,107687.08,75894.02,38351.07,221932.16,34033.74,0.9763,102563.23,3.7,4,3
2025-03-07,6号线,81294.0,322817.23,44667.7,367484.93,,109111.0,35828.29,241150.29,126334.64,0.9513,124792.01,3.97,4,3
2025-03-07,7号线,11487.0,47573.7,3340.38,50914.09,16277.53,15695.74,5171.6,37144.88,13769.21,0.9772,9734.07,4.14,4,3
2025-03-07,8号线,,98397.39,6016.88,104414.27,38568.78,36455.81,13213.18,88237.77,16176.5,0.9857,21795.58,3.88,4,3
2025-03-07,9号线,76480.0,321156.62,21396.4,342553.02,132425.77,94603.65,38392.93,265422.35,77130.67,0.9686,125406.97,4.2,4,3
2025-03-07,14号线,42964.0,172411.91,14035.08,186446.99,61685.85,61725.4,18181.04,141592.29,44854.7,0.9936,27095.85,4.01,4,3
2025-03-07,21号线,20498.0,85595.07,5908.94,91504.01,36198.87,25844.55,15658.63,77702.06,13801.95,0.965,23496.6,4.18,4,3
2025-03-08,1号线,75812.0,299926.95,43219.24,343146.2,105844.54,95901.65,53804.95,255551.13,87595.06,0.9903,134002.22,3.96,5,3
2025-03-08,2号线,23248.0,92798.54,10053.99,102852.53,28012.69,28826.54,12875.49,69714.72,33137.81,0.974,34698.94,3.99,5,3
2025-03-08,3号线,44912.0,181610.96,17845.12,,,66575.51,31756.65,151326.08,,0.9858,86936.26,4.04,5,3
2025-03-08,4号线,55892.0,234038.36,26172.29,260210.66,99429.77,86027.01,35939.74,221396.52,38814.14,0.9755,63892.74,4.19,5,3
2025-03-08,5号线,,214094.17,13983.44,228077.61,89692.71,74693.07,33198.74,197584.51,30493.1,0.9866,94151.18,,5,3
2025-03-08,6号线,35050.0,135017.28,13464.65,148481.93,46315.38,59989.79,20464.25,126769.42,21712.51,0.9921,49813.05,3.85,5,3
2025-03-08,7号线,46604.0,182859.45,21584.44,204443.9,51302.96,61494.42,24797.44,,66849.08,0.987,78459.43,3.92,5,3
2025-03-08,8号线,44117.0,170050.67,22727.8,192778.47,64714.89,54935.38,29725.13,149375.41,43403.06,0.9869,42325.93,3.85,5,3
2025-03-08,9号线,35188.0,141947.3,,149794.52,54601.47,45544.85,17869.81,118016.12,31778.4,0.9651,45698.88,4.03,5,3
2025-03-08,14号线,43136.0,,10883.52,186024.51,68297.72,57197.32,19687.73,145182.77,40841.74,0.9664,53092.57,,5,3
2025-03-08,21号线,73082.0,328893.04,33524.49,362417.53,102014.99,130095.13,43888.89,275999.01,86418.52,0.9593,45855.26,4.5,5,3
2025-03-09,1号线,18934.0,83053.84,7034.68,90088.52,31926.85,22502.55,12941.21,67370.61,22717.91,0.9751,18779.23,4.39,6,3
2025-03-09,2号线,57368.0,231107.03,12501.36,243608.4,62830.34,90439.71,42805.93,196075.98,47532.41,0.9532,56617.27,4.03,6,3
2025-03-09,3号线,29947.0,114802.66,14729.18,129531.84,43665.71,35722.06,16937.82,96325.59,33206.25,,20105.09,3.83,6,3
2025-03-09,4号线,75074.0,300728.29,,319349.7,75008.07,109154.72,47419.07,231581.86,87767.84,0.9917,50822.0,4.01,6,3
2025-03-09,5号线,83397.0,334784.97,29905.05,364690.02,113915.89,103753.95,36845.19,254515.03,110174.99,0.9673,123484.28,4.01,6,3
2025-03-09,6号线,47260.0,186032.02,23562.74,209594.76,74314.93,50951.52,20454.12,145720.58,63874.18,0.9933,66220.16,3.94,6,3
2025-03-09,7号线,34942.0,154782.46,12102.72,166885.18,49972.78,57818.26,27207.3,134998.34,31886.84,0.9528,42924.55,4.43,6,3
2025-03-09,8号线,52863.0,204109.51,25549.83,229659.34,,60091.7,22500.36,166001.8,63657.54,0.9766,94677.72,3.86,6,3
2025-03-09,9号线,21710.0,84494.87,5290.35,89785.23,34314.36,32141.99,13313.56,79769.91,10015.32,0.9703,39506.92,3.89,6,3
2025-03-09,14号线,16594.0,63517.17,8542.87,72060.04,20583.15,20976.77,8360.23,49920.15,22139.89,0.9701,15714.69,3.83,6,3
2025-03-09,21号线,57906.0,250383.51,,263912.58,75152.47,86384.44,40477.55,202014.45,61898.13,0.9574,114479.1,,6,3
2025-03-10,1号线,59871.0,235153.74,25053.65,260207.39,71649.53,105612.23,33521.3,210783.06,49424.33,0.9723,103276.45,3.93,0,3
2025-03-10,2号线,76592.0,297830.21,33392.32,331222.53,85977.24,116727.87,48682.03,251387.14,79835.39,0.9593,89452.64,3.89,0,3
2025-03-10,3号线,,278124.44,39595.6,317720.04,107216.83,71625.84,,224106.53,93613.51,0.9618,70940.12,3.79,0,3
2025-03-10,4号线,73331.0,283874.83,15527.74,299402.57,105021.9,119497.76,54462.0,278981.66,20420.91,0.962,105839.32,3.87,0,3
2025-03-10,5号线,48755.0,184348.85,20429.75,204778.6,67709.77,70780.17,25693.72,164183.66,40594.94,0.9614,28652.68,3.78,0,3
2025-03-10,6号线,19449.0,72258.59,10506.0,82764.6,30344.9,22602.48,8080.23,61027.61,21736.98,,10210.54,3.72,0,3
2025-03-10,7号线,34908.0,128297.14,8096.3,136393.44,46748.77,36808.93,24812.38,108370.08,28023.36,0.9875,33723.68,3.68,0,3
2025-03-10,8号线,43382.0,154825.23,22277.45,177102.68,52833.47,62274.84,22350.0,137458.31,39644.36,0.9878,66534.18,3.57,0,3
2025-03-10,9号线,74809.0,304909.75,17142.18,322051.93,110878.78,85526.55,35322.21,231727.54,,0.9701,93819.86,4.08,0,3
2025-03-10,14号线,35073.0,145860.32,11637.6,157497.92,51785.05,41351.91,16468.67,,47892.29,,26279.41,4.16,0,3
2025-03-10,21号线,54445.0,212316.67,16024.57,228341.25,60969.58,68648.97,30790.93,160409.49,67931.76,0.9761,37402.14,3.9,0,3
2025-03-11,1号线,77915.0,294394.94,15517.75,309912.7,118193.91,94117.65,42049.95,254361.51,55551.18,0.9143,143360.23,3.78,1,3
2025-03-11,2号线,49449.0,181308.16,17902.48,199210.64,83496.48,58245.36,32366.95,174108.79,25101.85,0.9965,,3.67,1,3
2025-03-11,3号线,21229.0,80287.19,7265.74,87552.93,31612.88,21096.46,10268.8,62978.15,24574.78,0.9789,13243.89,3.78,1,3
2025-03-11,4号线,49871.0,212784.48,13093.97,225878.45,74835.62,55554.5,22860.17,153250.29,72628.16,0.9856,54327.67,4.27,1,3
2025-03-11,5号线,73451.0,295956.25,42865.4,338821.65,74426.01,103513.77,53588.31,231528.09,107293.56,0.998,95949.79,4.03,1,3
2025-03-11,6号线,35726.0,139823.37,9971.39,149794.76,59145.96,43997.22,24450.89,127594.07,22200.69,0.9618,65161.48,3.91,1,3
2025-03-11,7号线,22542.0,89502.92,5285.68,94788.6,29646.35,25912.71,11594.41,67153.46,27635.14,0.9926,38902.68,3.97,1,3
2025-03-11,8号线,28471.0,103006.87,13329.24,116336.11,40146.78,37763.08,15288.0,93197.86,23138.25,0.9905,24412.02,3.62,1,3
2025-03-11,9号线,,126016.84,13498.91,139515.75,49731.31,37107.34,24787.12,111625.77,27889.98,0.9785,51152.51,4.44,1,3
2025-03-11,14号线,38254.0,157420.41,12003.07,169423.48,55079.14,51613.12,17810.74,124503.0,44920.48,0.9562,53532.49,4.12,1,3
2025-03-11,21号线,73650.0,296717.72,41214.45,337932.18,98407.29,129320.57,39255.45,266983.31,70948.87,0.9633,,4.03,1,3
2025-03-12,1号线,19532.0,73357.98,6020.74,79378.72,21328.75,27316.88,10937.82,59583.45,19795.27,0.9987,21810.8,3.76,2,3
2025-03-12,2号线,67942.0,276560.49,13902.92,290463.41,119372.83,90057.12,38859.74,248289.68,42173.73,0.9748,34762.52,4.07,2,3
2025-03-12,3号线,72783.0,278066.48,22514.18,300580.66,124653.86,87499.39,39412.91,251566.16,49014.5,0.956,,3.82,2,3
2025-03-12,4号线,63161.0,242355.43,29455.01,271810.43,85374.94,102581.01,26406.22,214362.17,57448.26,0.9861,32280.82,3.84,2,3
2025-03-12,5号线,48480.0,178427.03,23197.97,201625.0,63618.94,78282.53,34876.53,176778.0,24847.0,0.9658,43641.3,3.68,2,3
2025-03-12,6号线,30307.0,120366.61,,134142.38,39375.9,50817.28,12188.28,102381.46,31760.92,,60293.21,3.97,2,3
2025-03-12,7号线,35045.0,133758.76,10755.47,144514.23,55560.18,43244.14,23625.08,122429.4,22084.83,0.9723,55740.05,3.82,2,3
2025-03-12,8号线,78729.0,340173.7,42582.88,382756.58,136818.2,129544.51,39336.4,305699.1,77057.48,0.9737,78781.35,4.32,2,3
2025-03-12,9号线,,167924.48,16658.14,184582.62,47347.38,55125.69,20702.71,123175.79,61406.83,0.9752,37093.08,4.46,2,3
2025-03-12,14号线,22071.0,87807.29,10603.79,98411.08,29056.04,39920.9,16399.79,85376.73,13034.35,0.9904,36453.5,3.98,2,3
2025-03-12,21号线,63362.0,252551.85,,271886.15,99227.01,77536.47,44569.75,221333.23,50552.92,0.9912,39785.16,3.99,2,3
2025-03-13,1号线,19914.0,77481.22,9233.0,86714.22,30712.05,24228.77,8781.85,63722.67,22991.56,0.9552,14303.69,3.89,3,3
2025-03-13,2号线,25570.0,101867.27,13529.87,115397.14,39051.57,35302.5,19028.8,93382.86,22014.27,0.9556,14676.25,3.98,3,3
2025-03-13,3号线,22238.0,88387.52,11677.25,100064.77,32897.84,22495.22,12256.67,67649.73,32415.04,0.9753,30204.94,,3,3
2025-03-13,4号线,36992.0,137924.54,10531.25,148455.79,42008.99,50151.14,27552.8,119712.93,28742.86,0.9512,57153.88,3.73,3,3
2025-03-13,5号线,71453.0,265915.54,15736.29,281651.82,95466.32,82579.15,27167.14,205212.61,76439.21,0.9757,93516.73,3.72,3,3
2025-03-13,6号线,226449.0,324507.66,18309.97,342817.64,,100387.86,35599.08,244105.92,98711.72,0.9929,90234.88,4.3,3,3
2025-03-13,7号线,10434.0,43006.66,2434.42,45441.08,16934.5,11550.13,6559.88,35044.51,10396.57,0.9739,,4.12,3,3
2025-03-13,8号线,27341.0,114536.2,7161.39,121697.59,39760.5,35103.65,15069.17,89933.31,31764.28,0.9799,49338.03,4.19,3,3
2025-03-13,9号线,62512.0,222161.8,29353.34,251515.13,61376.5,75340.5,37118.02,173835.02,,0.9919,113501.83,3.55,3,3
2025-03-13,14号线,93477.0,362592.77,41011.03,403603.8,97915.99,143853.79,45478.53,287248.32,116355.49,0.9757,131674.56,3.88,3,3
2025-03-13,21号线,,262361.17,28398.89,290760.07,70937.45,91272.76,46087.59,208297.8,82462.27,0.9592,42726.54,3.6,3,3
2025-03-14,1号线,73585.0,285608.04,24265.67,309873.71,,104883.77,37892.73,256068.46,53805.25,0.9513,117945.19,3.88,4,3
2025-03-14,2号线,51287.0,213263.11,25365.88,238628.99,71828.97,85428.75,40373.13,197630.85,40998.14,0.9653,84052.13,4.16,4,3
2025-03-14,3号线,56402.0,239632.18,31977.91,271610.09,74530.35,106701.65,40816.0,222048.0,49562.09,0.9925,52408.88,4.25,4,3
2025-03-14,4号线,32945.0,129550.89,9197.05,138747.94,43834.06,34751.82,25313.42,103899.3,34848.64,,47171.96,3.93,4,3
2025-03-14,5号线,72090.0,280027.54,18106.99,298134.53,103748.94,92305.04,53535.25,249589.22,48545.3,0.9578,109947.64,,4,3
2025-03-14,6号线,37430.0,149614.29,7515.48,157129.77,70144.71,47392.71,17436.35,134973.77,22156.0,0.9528,65485.71,4.0,4,3
2025-03-14,7号线,54916.0,,25887.47,249718.55,101396.2,73004.74,24699.2,199100.13,50618.42,0.9984,64763.81,4.08,4,3
2025-03-14,8号线,35578.0,132510.56,17468.97,149979.54,42947.32,48990.09,14192.38,106129.79,43849.75,0.9757,45180.17,3.72,4,3
2025-03-14,9号线,,257386.82,,294031.79,89980.56,69476.24,30033.14,189489.94,104541.85,0.9828,81815.48,4.11,4,3
2025-03-14,14号线,10756.0,40359.6,3732.39,44091.99,13271.46,15065.18,4603.38,32940.02,11151.97,0.9503,12912.87,3.75,4,3
2025-03-14,21号线,72172.0,279484.81,39412.84,318897.65,82767.0,90906.49,49767.84,223441.33,95456.32,0.9715,83477.57,3.87,4,3
2025-03-15,1号线,36970.0,149077.0,,170735.42,46059.26,56782.24,28928.35,131769.85,38965.57,0.9737,67046.12,4.03,5,3
2025-03-15,2号线,43302.0,179450.17,21881.94,201332.12,54170.63,79378.15,22559.62,156108.4,45223.71,0.9813,31140.41,4.14,5,3
2025-03-15,3号线,36484.0,147088.59,19202.36,166290.94,38823.79,54646.63,,108282.87,58008.07,0.9839,31200.98,4.03,5,3
2025-03-15,4号线,54263.0,217205.56,31806.57,249012.12,58948.75,77271.53,42951.06,179171.34,69840.78,0.955,49247.82,4.0,5,3
2025-03-15,5号线,38649.0,148321.87,13629.73,161951.6,46136.13,45601.79,20756.64,112494.56,49457.03,0.9953,27309.43,3.84,5,3
2025-03-15,6号线,77442.0,323348.07,26058.45,349406.52,121609.96,123261.9,40215.06,285086.93,64319.59,0.9806,152994.61,4.18,5,3
2025-03-15,7号线,52969.0,229371.13,18346.81,247717.94,58381.65,85104.29,36291.96,179777.91,67940.03,0.9929,53877.66,4.33,5,3
2025-03-15,8号线,40221.0,162723.41,18388.05,181111.46,53669.79,57338.25,26105.79,137113.83,43997.63,0.9547,21116.32,4.05,5,3
2025-03-15,9号线,65893.0,254744.93,25628.48,280373.41,82325.59,108021.62,33626.74,223973.96,56399.45,0.9926,118323.03,,5,3
2025-03-15,14号线,32281.0,130029.76,13330.05,143359.81,41553.95,52902.79,18663.08,113119.82,30239.99,0.9873,23186.67,4.03,5,3
2025-03-15,21号线,50467.0,197629.75,11251.22,208880.97,68312.43,64167.49,28462.25,160942.17,47938.8,0.9869,27441.68,3.92,5,3
2025-03-16,1号线,45211.0,154492.71,13266.95,167759.66,59317.88,39688.97,25132.92,124139.77,43619.89,0.9743,60979.59,3.42,6,3
2025-03-16,2号线,47667.0,204651.82,15355.85,220007.67,71435.51,54698.77,24920.96,151055.24,68952.44,0.9743,90678.82,4.29,6,3
2025-03-16,3号线,12478.0,50222.82,5639.79,55862.61,16594.04,17314.61,5520.22,39428.87,16433.74,0.961,9319.18,4.02,6,3
2025-03-16,4号线,50816.0,207336.31,12112.86,219449.17,84626.7,57146.71,,173231.96,46217.2,0.9643,70060.66,4.08,6,3
2025-03-16,5号线,64107.0,248197.0,19593.57,267790.57,97539.46,,48758.01,245439.88,22350.69,,71736.85,3.87,6,3
2025-03-16,6号线,64637.0,258659.82,26727.54,285387.36,105606.11,70639.44,,207820.13,,0.9923,93910.93,4.0,6,3
2025-03-16,7号线,48361.0,181379.94,24040.82,205420.76,46832.65,62252.57,30476.38,139561.6,65859.16,0.9895,68887.16,3.75,6,3
2025-03-16,8号线,43517.0,168623.32,24402.37,193025.69,61856.93,66665.58,23613.28,152135.79,40889.91,0.9742,80345.37,3.87,6,3
2025-03-16,9号线,69779.0,297090.66,21304.47,318395.13,97138.75,93926.78,53883.64,244949.16,73445.96,0.9574,133369.61,4.26,6,3
2025-03-16,14号线,18815.0,79716.36,11641.51,91357.87,23764.5,34351.12,8106.91,66222.53,25135.34,0.9507,25405.66,4.24,6,3
2025-03-16,21号线,79279.0,308328.25,43264.33,351592.58,111840.81,94225.72,60226.26,266292.79,85299.79,0.9834,54573.54,3.89,6,3
2025-03-17,1号线,52152.0,225176.77,15140.58,240317.35,,60353.15,37114.92,178948.43,61368.91,,101357.78,4.32,0,3
2025-03-17,2号线,10376.0,42959.74,6353.52,49313.26,16352.79,16328.35,7809.32,40490.45,8822.81,0.9877,7249.77,4.14,0,3
2025-03-17,3号线,58327.0,239701.16,,251701.26,92636.71,63680.82,31086.74,187404.27,64297.0,0.9882,36081.9,4.11,0,3
2025-03-17,4号线,,75738.86,8628.19,84367.05,25662.78,31730.83,9343.83,66737.44,17629.61,0.9937,12282.16,4.26,0,3
2025-03-17,5号线,35290.0,,17155.53,160076.84,54059.33,43914.42,16591.17,114564.92,45511.92,0.9753,60767.18,,0,3
2025-03-17,6号线,27231.0,106707.85,11571.36,118279.2,40096.09,31584.42,16318.48,87998.99,30280.21,0.9903,27446.58,,0,3
2025-03-17,7号线,63854.0,270316.78,28998.84,299315.62,80673.87,99535.51,40329.32,220538.69,78776.93,0.9743,63922.22,4.23,0,3
2025-03-17,8号线,51755.0,203804.91,14479.52,218284.42,69517.25,59717.0,29497.71,158731.96,59552.47,0.9645,32244.2,3.94,0,3
2025-03-17,9号线,,53849.02,4003.5,57852.52,17879.44,18493.94,6775.43,43148.81,14703.71,0.9603,21114.81,3.99,0,3
2025-03-17,14号线,14826.0,54549.76,7884.12,62433.87,20916.07,14935.01,9397.66,45248.74,17185.13,0.9731,25611.19,3.68,0,3
2025-03-17,21号线,39816.0,166169.63,23361.98,189531.61,52621.25,71098.14,21921.52,145640.91,43890.7,0.9747,24801.69,4.17,0,3
2025-03-18,1号线,24922.0,98696.85,,110564.15,37210.06,,12531.96,82504.57,28059.58,0.9633,37584.6,3.96,1,3
2025-03-18,2号线,68881.0,270291.64,33179.28,303470.93,88392.94,120558.43,43323.6,252274.96,51195.96,0.9833,,3.92,1,3
2025-03-18,3号线,14356.0,,5510.01,62527.31,19591.9,21887.08,10273.52,51752.5,10774.81,0.9938,24042.57,3.97,1,3
2025-03-18,4号线,18701.0,84337.81,9106.56,93444.36,31065.06,30081.4,16413.71,77560.17,,0.9531,14605.86,4.51,1,3
2025-03-18,5号线,10962.0,42124.63,4185.0,46309.63,19680.44,13982.35,7016.49,40679.29,5630.34,0.9095,20094.66,3.84,1,3
2025-03-18,6号线,40112.0,161658.67,16602.47,178261.14,63547.39,60491.35,24441.8,148480.55,29780.59,0.9599,39238.6,4.03,1,3
2025-03-18,7号线,,49653.62,,56121.98,21984.29,,5074.51,44500.64,11621.34,0.9568,9025.8,3.95,1,3
2025-03-18,8号线,67427.0,269324.91,30667.29,299992.2,92266.96,123184.84,,242443.12,57549.08,0.9547,130309.07,3.99,1,3
2025-03-18,9号线,17083.0,68867.87,6774.47,75642.34,24030.31,27858.6,13268.54,65157.44,10484.91,0.9841,31315.34,4.03,1,3
2025-03-18,14号线,40909.0,154472.0,10093.4,164565.4,55168.87,61390.76,27853.93,144413.56,20151.83,0.9576,69450.4,3.78,1,3
2025-03-18,21号线,78885.0,309505.45,20936.18,330441.63,123663.95,,32412.18,241593.51,88848.12,,98982.43,3.92,1,3
2025-03-19,1号线,22186.0,83725.34,9634.48,93359.82,36898.13,27455.6,13766.23,78119.95,15239.87,0.996,14249.49,3.77,2,3
2025-03-19,2号线,8880.0,35536.2,1814.31,37350.5,9421.58,,4220.02,26744.31,10606.2,0.9946,8265.03,4.0,2,3
2025-03-19,3号线,71159.0,271736.11,31877.67,303613.79,98733.33,66331.23,52108.14,217172.7,86441.09,0.9736,91049.9,3.82,2,3
2025-03-19,4号线,23784.0,100986.82,8109.91,109096.72,42430.15,37984.07,11082.06,91496.27,17600.45,0.9964,14233.28,4.25,2,3
2025-03-19,5号线,28144.0,119910.24,12485.1,132395.34,48505.81,37992.47,22177.04,108675.32,23720.02,0.9531,,4.26,2,3
2025-03-19,6号线,75037.0,303121.44,28863.68,331985.12,89169.71,118899.89,59611.58,267681.19,,0.9976,73504.84,4.04,2,3
2025-03-19,7号线,27241.0,113492.11,9210.02,122702.13,38952.63,31032.45,19572.37,89557.45,33144.68,0.9743,45407.05,4.17,2,3
2025-03-19,8号线,47696.0,217912.98,23994.21,241907.19,74825.34,56511.4,29698.62,161035.36,80871.82,0.9742,,4.57,2,3
2025-03-19,9号线,21247.0,79263.17,9392.73,,28455.55,24089.02,8595.07,61139.64,27516.26,0.9538,24209.82,3.73,2,3
2025-03-19,14号线,62725.0,220734.93,26867.45,247602.37,68410.75,66357.18,,157670.64,,0.9622,101434.23,3.52,2,3
2025-03-19,21号线,32344.0,120578.08,13809.06,134387.13,42018.25,,15041.67,94292.33,40094.8,0.9709,19717.8,3.73,2,3
2025-03-20,1号线,88267.0,340179.92,22973.51,363153.43,89393.26,132965.37,68013.41,290372.03,72781.4,0.9888,103287.88,3.85,3,3
2025-03-20,2号线,37367.0,149000.05,14389.32,163389.36,49049.54,60424.07,15867.0,125340.61,38048.75,0.9728,51313.01,3.99,3,3
2025-03-20,3号线,60915.0,228284.46,19138.64,247423.09,102670.01,72205.15,37986.81,212861.97,34561.12,0.9605,34059.18,3.75,3,3
2025-03-20,4号线,38923.0,156546.55,10546.1,167092.65,51440.99,44168.16,17317.89,112927.04,54165.6,0.9946,62250.18,4.02,3,3
2025-03-20,5号线,13287.0,-56357.67,6389.57,,17606.46,23520.38,9734.48,50861.32,11885.92,0.9781,23565.37,4.24,3,3
2025-03-20,6号线,67077.0,265803.63,18699.58,284503.21,112552.56,83302.67,50035.97,245891.2,38612.01,0.9944,66648.42,3.96,3,3
2025-03-20,7号线,52811.0,203655.78,14362.22,218018.0,66852.44,85812.24,24607.27,177271.95,40746.05,0.9656,96585.15,,3,3
2025-03-20,8号线,61633.0,254578.19,16224.35,270802.54,77783.72,88680.77,48050.15,214514.65,56287.9,0.9551,98316.67,4.13,3,3
2025-03-20,9号线,,179244.8,25834.17,205078.97,74188.63,54537.98,30856.08,159582.69,45496.29,0.9887,57628.04,4.18,3,3
2025-03-20,14号线,10616.0,42193.13,5120.78,47313.9,14727.4,17965.26,7206.34,39899.0,7414.91,0.9599,7601.11,3.97,3,3
2025-03-20,21号线,22846.0,,5515.3,105867.71,27647.71,38347.33,16095.73,82090.77,23776.94,0.975,32005.19,4.39,3,3
2025-03-21,1号线,46611.0,202329.98,15482.87,217812.85,66110.3,56950.12,27259.69,,67492.74,0.9634,80040.36,4.34,4,3
2025-03-21,2号线,13432.0,56333.91,6908.25,63242.15,16312.64,20432.81,10965.95,47711.4,15530.75,0.9898,17738.23,4.19,4,3
2025-03-21,3号线,40428.0,172755.84,21206.87,193962.71,64333.98,57979.9,30225.61,,41423.22,0.9703,79063.33,4.27,4,3
2025-03-21,4号线,57583.0,236313.25,26084.09,262397.33,74413.89,87431.0,40520.54,202365.43,60031.9,0.9609,112231.12,4.1,4,3
2025-03-21,5号线,49558.0,195543.62,21660.09,217203.7,82240.92,,38384.39,176215.85,40987.85,0.9518,73722.45,3.95,4,3
2025-03-21,6号线,76170.0,306781.02,39853.37,346634.39,116444.21,115657.02,56616.77,288718.0,57916.39,0.9923,121166.99,4.03,4,3
2025-03-21,7号线,28444.0,110601.16,7597.27,,29365.47,41680.25,19825.7,90871.42,27327.02,0.9512,49858.52,3.89,4,3
2025-03-21,8号线,59848.0,234922.54,19407.09,,67449.04,84433.26,26205.75,178088.05,76241.58,0.9934,74781.56,,4,3
2025-03-21,9号线,30947.0,118513.24,17389.78,135903.02,34290.28,41285.61,21391.25,96967.14,38935.88,0.9543,41428.9,3.83,4,3
2025-03-21,14号线,40225.0,154059.33,15155.03,169214.36,53029.6,62523.27,20294.07,135846.94,33367.42,0.9513,,3.83,4,3
2025-03-21,21号线,66557.0,258857.54,22163.23,281020.77,,85294.98,29893.94,215077.32,65943.45,0.9693,75234.33,3.89,4,3
2025-03-22,1号线,34380.0,151504.28,22343.39,173847.67,54272.05,41764.16,,120834.76,53012.92,0.9688,64922.32,4.41,5,3
2025-03-22,2号线,21035.0,81524.22,4476.89,86001.11,24366.57,31237.9,11989.77,67594.24,18406.86,0.9727,20035.7,3.88,5,3
2025-03-22,3号线,39054.0,154567.6,21668.98,176236.58,45815.76,,27344.67,120985.56,55251.03,0.9972,31962.43,3.96,5,3
2025-03-22,4号线,13089.0,51893.11,6652.35,,17401.18,22230.56,9857.62,49489.36,9056.1,0.9803,7665.47,3.96,5,3
2025-03-22,5号线,31696.0,123569.97,12377.99,135947.96,43104.16,35972.46,,96021.41,39926.55,0.9703,38910.31,3.9,5,3
2025-03-22,6号线,15117.0,58737.39,7740.35,66477.74,22420.95,21553.32,8447.09,52421.36,14056.37,0.9974,9130.01,3.89,5,3
2025-03-22,7号线,31450.0,129875.94,9438.53,139314.47,,42444.67,21789.05,110288.51,29025.96,0.9545,39195.95,4.13,5,3
2025-03-22,8号线,36010.0,148395.48,10358.05,158753.53,56327.13,59190.97,21234.52,136752.62,22000.9,0.9714,49634.09,4.12,5,3
2025-03-22,9号线,18609.0,80659.02,7162.99,87822.02,30300.85,23885.9,,68772.78,19049.23,0.9536,35337.74,4.33,5,3
2025-03-22,14号线,19912.0,83188.76,,87694.63,34345.42,26321.9,15583.84,76251.16,11443.47,0.9804,25581.68,4.18,5,3
2025-03-22,21号线,47702.0,194387.26,15733.09,210120.36,67729.44,57968.65,,161939.71,48180.64,0.8559,49016.89,4.08,5,3
2025-03-23,1号线,69011.0,283820.88,22248.1,,96245.63,97618.87,36429.77,230294.27,75774.7,0.9679,97655.05,4.11,6,3
2025-03-23,2号线,45438.0,166076.65,13332.1,179408.74,61190.8,63213.82,22901.24,147305.86,32102.88,0.9965,59870.25,3.66,6,3
2025-03-23,3号线,71436.0,255308.93,16095.99,271404.91,70675.5,104909.02,31103.6,206688.12,64716.8,,61824.85,3.57,6,3
2025-03-23,4号线,31708.0,122095.79,11326.45,133422.24,38993.8,36107.98,22314.0,97415.78,36006.46,0.9669,20120.36,3.85,6,3
2025-03-23,5号线,37536.0,160439.94,13550.7,173990.64,44705.98,58732.94,31020.34,134459.26,39531.38,0.9972,18983.66,4.27,6,3
2025-03-23,6号线,68351.0,260208.48,,299098.31,107690.33,93286.58,38435.65,239412.55,59685.76,,75995.47,3.81,6,3
2025-03-23,7号线,42703.0,168634.6,22544.14,191178.74,52078.54,49150.39,24444.99,125673.92,65504.82,0.9643,39315.91,3.95,6,3
2025-03-23,8号线,17941.0,77640.22,5934.04,83574.27,25004.36,29656.15,12505.76,67166.27,16408.0,0.9903,10312.43,4.33,6,3
2025-03-23,9号线,46279.0,179920.37,26795.18,206715.55,55258.29,79206.8,26149.92,160615.01,46100.54,0.9741,58066.28,3.89,6,3
2025-03-23,14号线,33741.0,137359.78,11036.91,148396.7,46789.73,50750.7,25080.36,122620.79,25775.91,0.9734,31324.11,4.07,6,3
2025-03-23,21号线,24870.0,105247.92,13560.14,,,30911.64,16159.91,,31811.5,0.9912,33506.41,4.23,6,3
2025-03-24,1号线,50310.0,206968.96,21431.03,228399.99,85276.31,59961.42,21829.31,167067.04,61332.94,0.9905,85538.52,4.11,0,3
2025-03-24,2号线,11458.0,44555.28,5240.12,49795.39,13704.08,14786.72,5406.95,33897.76,15897.64,0.9545,14520.59,3.89,0,3
2025-03-24,3号线,24403.0,100434.46,11755.32,112189.78,31174.15,36926.2,11108.97,79209.32,32980.46,0.9796,38527.45,4.12,0,3
2025-03-24,4号线,18874.0,70590.13,4035.89,74626.01,21684.61,27006.36,11287.44,59978.41,14647.6,0.9954,31556.12,3.74,0,3
2025-03-24,5号线,49502.0,183390.42,20794.45,204184.87,49778.68,70349.02,35019.99,155147.69,49037.17,0.9979,30521.38,3.7,0,3
2025-03-24,6号线,63687.0,243327.85,15872.04,259199.88,73046.73,88277.3,31788.32,193112.35,66087.53,0.9866,63971.18,3.82,0,3
2025-03-24,7号线,12931.0,,3903.75,,18010.84,14532.2,,41562.01,,0.9661,15494.32,3.94,0,3
2025-03-24,8号线,15411.0,60422.8,8463.79,68886.59,24856.19,17560.44,8825.25,51241.87,17644.71,0.9746,28423.35,3.92,0,3
2025-03-24,9号线,37104.0,146651.18,17313.15,163964.33,59188.23,44329.63,21727.68,125245.54,38718.79,0.9881,61143.9,3.95,0,3
2025-03-24,14号线,31992.0,130268.45,19251.77,149520.23,39938.81,50807.92,18446.93,109193.67,40326.56,0.9646,24286.28,4.07,0,3
2025-03-24,21号线,17403.0,76627.94,10467.55,87095.49,20632.15,26859.9,13886.36,61378.41,25717.08,0.9939,23044.06,,0,3
2025-03-25,1号线,101943.0,142771.72,8473.79,151245.51,50427.97,53456.73,18853.91,122738.61,28506.9,0.9974,41210.67,4.2,1,3
2025-03-25,2号线,48923.0,189560.54,19670.38,209230.92,50247.76,75076.34,30196.67,155520.77,53710.15,0.9645,89203.88,3.87,1,3
2025-03-25,3号线,63124.0,248797.51,,273024.74,73540.06,76739.69,,193887.16,,0.9229,65632.38,3.94,1,3
2025-03-25,4号线,55914.0,235243.14,21165.29,256408.42,109950.69,76172.74,36023.72,222147.16,34261.27,0.9649,38563.68,4.21,1,3
2025-03-25,5号线,41363.0,163736.74,18709.02,182445.76,57406.51,43312.23,25822.33,126541.07,55904.69,0.9584,44196.73,3.96,1,3
2025-03-25,6号线,23073.0,88476.35,7544.3,96020.65,28879.29,33207.96,15227.87,77315.12,18705.53,0.9939,12930.62,,1,3
2025-03-25,7号线,15822.0,64567.85,4259.11,68826.95,,18194.83,10937.0,54181.46,14645.5,0.9728,24660.78,4.08,1,3
2025-03-25,8号线,46340.0,186386.18,23610.81,,55848.48,62945.59,34131.89,152925.97,57071.03,0.9767,23186.75,4.02,1,3
2025-03-25,9号线,19801.0,82379.13,,91495.71,26919.42,22763.41,9611.7,59294.53,32201.19,,36707.35,4.16,1,3
2025-03-25,14号线,23896.0,92003.56,13428.77,105432.33,36491.85,28843.38,16715.15,82050.38,23381.95,0.9747,13384.24,3.85,1,3
2025-03-25,21号线,47780.0,178315.05,25266.55,203581.59,,49353.72,33227.76,156415.44,47166.15,0.9931,42955.75,3.73,1,3
2025-03-26,1号线,15303.0,61226.02,7274.99,,,21333.74,6602.17,54759.75,13741.26,0.9568,17925.24,4.0,2,3
2025-03-26,2号线,21975.0,79594.75,11046.46,90641.21,25582.12,26517.32,11649.1,63748.54,26892.67,0.9702,26154.11,3.62,2,3
2025-03-26,3号线,47954.0,194027.04,21361.55,215388.58,59656.54,,21944.74,168571.59,46816.99,0.9577,,,2,3
2025-03-26,4号线,74909.0,283399.69,19345.58,302745.27,,84551.05,42614.58,216872.99,85872.28,,120411.97,3.78,2,3
2025-03-26,5号线,,146120.44,7787.46,153907.9,52381.3,48735.92,,120078.96,33828.94,0.9642,22009.54,3.7,2,3
2025-03-26,6号线,34596.0,149372.11,12250.16,161622.27,51608.61,39304.34,19561.78,110474.74,51147.53,0.9638,67517.9,4.32,2,3
2025-03-26,7号线,40272.0,166620.37,12408.97,179029.34,58900.24,43304.39,17131.76,119336.4,59692.94,0.986,75607.76,4.14,2,3
2025-03-26,8号线,80543.0,299870.88,16967.59,316838.47,126219.25,108164.85,54107.93,288492.03,28346.44,0.9954,55069.03,3.72,2,3
2025-03-26,9号线,50693.0,216834.31,12355.21,229189.52,66268.32,67407.14,38285.4,171960.86,57228.66,0.9876,94663.44,4.28,2,3
2025-03-26,14号线,57626.0,232381.0,16207.39,248588.38,83355.18,,44565.07,184229.71,64358.67,0.9887,85534.53,4.03,2,3
2025-03-26,21号线,64983.0,271171.78,33999.89,305171.67,,118654.9,,259976.34,,0.9809,107544.29,4.17,2,3
2025-03-27,1号线,15647.0,60836.96,4954.77,,,20711.18,8893.19,51702.01,14089.72,0.9705,22591.59,3.89,3,3
2025-03-27,2号线,25608.0,96620.7,12137.82,108758.51,,38155.74,10937.8,80972.2,27786.32,0.9909,26104.77,3.77,3,3
2025-03-27,3号线,9751.0,39476.21,5015.21,44491.41,12133.28,15311.02,7862.42,35306.73,9184.69,0.9617,10865.94,4.05,3,3
2025-03-27,4号线,73953.0,306542.82,26973.45,333516.27,120326.03,120139.85,48819.03,289284.91,44231.35,0.978,90933.17,4.15,3,3
2025-03-27,5号线,57807.0,225831.76,28593.85,254425.61,93819.67,66148.72,25543.38,185511.77,68913.84,0.9685,40654.24,3.91,3,3
2025-03-27,6号线,30265.0,116593.14,15094.88,131688.02,39025.02,40413.07,16126.75,95564.84,36123.18,0.9634,38244.97,3.85,3,3
2025-03-27,7号线,63618.0,251074.89,26130.81,277205.7,118436.19,81087.72,36121.76,235645.67,,0.9929,83949.4,3.95,3,3
2025-03-27,8号线,55995.0,202236.24,15869.23,218105.47,71786.03,52514.12,35687.49,159987.65,58117.82,0.9571,86446.33,3.61,3,3
2025-03-27,9号线,40675.0,169419.74,16604.96,186024.71,,63893.85,17890.76,147512.4,38512.31,0.9661,47196.53,4.17,3,3
2025-03-27,14号线,32590.0,117943.57,14393.52,132337.09,35179.76,36777.79,12311.91,84269.46,48067.63,0.9595,49045.68,3.62,3,3
2025-03-27,21号线,34265.0,131401.51,12456.25,143857.76,39587.18,41347.05,13778.27,94712.51,49145.26,0.9563,23468.99,3.83,3,3
2025-03-28,1号线,68492.0,271359.19,34147.43,305506.62,93387.08,,29701.79,208877.89,96628.73,0.9527,48680.59,3.96,4,3
2025-03-28,2号线,58380.0,236791.68,31788.43,268580.11,84666.6,70834.84,46137.09,201638.52,66941.59,0.9553,72342.86,4.06,4,3
2025-03-28,3号线,47323.0,191167.19,28029.43,219196.61,78262.63,61411.28,25789.46,165463.36,53733.25,0.9646,50177.07,4.04,4,3
2025-03-28,4号线,14090.0,53571.57,3489.96,57061.53,18209.36,19076.65,7512.84,44798.85,12262.68,0.9632,7159.1,3.8,4,3
2025-03-28,5号线,10719.0,43616.94,5965.23,49582.18,12152.44,15063.85,5760.63,32976.93,16605.25,0.9701,8701.32,4.07,4,3
2025-03-28,6号线,22468.0,95364.75,10262.77,105627.51,31525.91,30200.57,10469.69,72196.17,33431.34,0.9528,13954.04,4.24,4,3
2025-03-28,7号线,27882.0,104420.77,9359.0,113779.77,39759.59,34037.01,20299.83,94096.43,19683.34,,25140.13,3.75,4,3
2025-03-28,8号线,13639.0,53842.13,2919.32,56761.45,21185.8,21248.69,7157.35,49591.84,7169.61,0.9584,22377.47,3.95,4,3
2025-03-28,9号线,32299.0,123836.14,9530.86,133366.99,,43052.36,15283.84,107070.95,26296.04,0.9597,51598.28,3.83,4,3
2025-03-28,14号线,30370.0,120078.96,14099.51,134178.48,40335.48,36252.75,22825.9,99414.13,34764.35,0.9802,20695.36,3.95,4,3
2025-03-28,21号线,19540.0,80833.71,7525.48,88359.19,25235.95,32783.42,8804.59,66823.96,21535.23,,29918.77,4.14,4,3
2025-03-29,1号线,52971.0,208592.1,,234077.89,52486.94,73678.16,28130.78,154295.88,79782.01,0.9795,70980.64,3.94,5,3
2025-03-29,2号线,37694.0,155797.1,18549.44,174346.54,52099.0,49166.05,16601.75,117866.8,56479.74,0.9682,31105.9,4.13,5,3
2025-03-29,3号线,14823.0,55744.68,4203.97,59948.65,21570.48,16605.54,8064.52,46240.54,13708.11,0.9772,14187.71,3.76,5,3
2025-03-29,4号线,73987.0,293527.92,20195.18,313723.1,112649.16,99645.14,42381.2,254675.51,59047.59,0.9777,95496.69,3.97,5,3
2025-03-29,5号线,36734.0,137690.68,,150910.4,44285.2,56663.66,17710.11,118658.98,32251.42,0.9512,67778.63,3.75,5,3
2025-03-29,6号线,65320.0,280881.49,35730.64,,119870.71,90993.21,54930.29,265794.22,50817.92,0.9584,114333.59,4.3,5,3
2025-03-29,7号线,40046.0,171336.46,23495.94,194832.4,67164.18,44817.0,27482.45,139463.63,55368.77,0.9702,33550.97,4.28,5,3
2025-03-29,8号线,75151.0,302262.94,41363.96,343626.9,133701.47,102151.08,47075.31,282927.87,60699.03,0.9849,70425.71,4.02,5,3
2025-03-29,9号线,36937.0,150060.23,7694.57,,,44679.17,25021.28,,27776.38,0.9671,26128.06,4.06,5,3
2025-03-29,14号线,64026.0,250597.28,32907.18,283504.46,96348.02,66521.4,47054.98,209924.4,73580.06,0.9967,114485.76,3.91,5,3
2025-03-29,21号线,18635.0,,10170.68,85491.35,20523.08,25849.42,8078.7,54451.2,31040.15,0.9771,32598.96,4.04,5,3
2025-03-30,1号线,19130.0,,8503.1,85336.79,,21720.93,10195.39,62672.76,22664.03,0.9998,10212.61,4.02,6,3
2025-03-30,2号线,27600.0,119060.71,14863.07,133923.79,44252.35,35225.89,18445.7,97923.95,35999.84,0.9861,41032.46,4.31,6,3
2025-03-30,3号线,32156.0,137127.12,14365.66,151492.78,52323.5,46755.9,21739.8,120819.2,30673.58,0.9542,21830.95,4.26,6,3
2025-03-30,4号线,24784.0,93357.44,6495.31,99852.74,36864.97,28342.54,9677.71,74885.22,24967.52,0.9646,44917.18,3.77,6,3
2025-03-30,5号线,32460.0,,9345.61,135906.67,58995.27,41274.87,18464.87,118735.01,17171.65,0.9553,44113.93,3.9,6,3
2025-03-30,6号线,13887.0,61252.28,4218.03,65470.31,22308.43,22167.93,8879.12,53355.49,12114.82,0.9905,22264.76,4.41,6,3
2025-03-30,7号线,22431.0,95370.82,8030.44,103401.26,35575.73,27229.23,13281.22,76086.18,27315.08,0.9867,14380.28,4.25,6,3
2025-03-30,8号线,50101.0,201806.97,13492.8,215299.77,78046.63,73159.82,20349.3,171555.75,43744.02,0.9958,,4.03,6,3
2025-03-30,9号线,63604.0,241232.61,29687.99,270920.6,89431.41,87880.83,34193.47,211505.71,59414.89,0.9596,111942.87,3.79,6,3
2025-03-30,14号线,73192.0,274863.2,38591.76,313454.96,81034.93,93595.68,43434.67,218065.28,95389.68,,105191.04,3.76,6,3
2025-03-30,21号线,,,5806.41,83715.58,29772.15,31026.85,10885.37,71684.37,12031.2,0.9872,39187.47,3.89,6,3
2025-03-31,1号线,78063.0,,25122.18,321623.33,98326.05,85046.22,51280.38,234652.64,86970.69,0.9573,86584.75,3.8,0,3
2025-03-31,2号线,21131.0,91535.01,13580.11,105115.12,35189.94,30774.26,12133.71,78097.91,27017.22,0.9663,30322.39,4.33,0,3
2025-03-31,3号线,54342.0,,13072.15,223951.32,78683.44,79727.55,34588.27,192999.26,30952.05,0.989,28805.56,3.88,0,3
2025-03-31,4号线,,113223.42,6908.58,120132.0,46931.08,39298.48,13471.92,,20430.53,0.9925,44342.62,4.06,0,3
2025-03-31,5号线,67195.0,253292.59,31066.25,284358.85,105479.02,80499.63,26125.76,212104.41,72254.44,0.9882,51196.97,3.77,0,3
2025-03-31,6号线,15614.0,71156.28,10422.19,81578.47,21116.21,29801.47,12447.48,63365.16,18213.31,0.9969,20217.22,4.56,0,3
2025-03-31,7号线,33286.0,135675.46,9082.07,144757.53,49770.54,,17261.79,,32543.46,0.9785,53508.14,4.08,0,3
2025-03-31,8号线,61442.0,227230.26,20778.61,248008.87,,82657.1,38132.02,217007.42,31001.46,0.9639,122578.32,3.7,0,3
2025-03-31,9号线,34900.0,148929.87,15699.91,164629.78,50170.79,40651.43,15355.52,106177.74,58452.04,0.992,19199.88,4.27,0,3
2025-03-31,14号线,,154725.37,11190.6,,55567.63,39507.28,30235.37,125310.29,40605.68,0.9993,55807.18,3.69,0,3
2025-03-31,21号线,85593.0,344370.99,41584.02,385955.01,,106768.07,48954.2,259350.21,126604.8,0.959,165998.32,4.02,0,3
2025-04-01,1号线,11948.0,48336.81,2797.24,51134.05,16153.28,14865.92,8049.4,39068.6,12065.46,0.9868,11372.67,4.05,1,4
2025-04-01,2号线,56161.0,201173.53,28595.19,229768.72,52182.1,70390.27,20393.63,142965.99,86802.73,0.9908,102998.05,3.58,1,4
2025-04-01,3号线,81707.0,338595.13,35873.32,374468.44,108084.17,160176.79,54265.62,322526.58,51941.86,0.9789,155599.59,4.14,1,4
2025-04-01,4号线,24940.0,103883.59,12663.65,116547.24,35146.72,35037.55,11457.8,81642.08,34905.17,0.9624,24607.23,4.17,1,4
2025-04-01,5号线,48700.0,195011.65,10351.7,205363.34,79016.14,58202.57,28383.98,165602.69,39760.66,0.9417,60087.25,4.0,1,4
2025-04-01,6号线,76777.0,325270.38,24837.82,350108.2,141425.32,97902.17,,284604.08,65504.12,0.9967,61814.66,,1,4
2025-04-01,7号线,60981.0,233304.43,34677.2,267981.63,65635.18,76112.2,26201.3,167948.68,100032.95,0.9553,96300.58,3.83,1,4
2025-04-01,8号线,85650.0,342991.98,38246.74,381238.72,110266.74,111938.78,48540.7,270746.22,110492.5,,118194.39,4.0,1,4
2025-04-01,9号线,55006.0,229815.18,28211.64,258026.82,76200.75,79207.02,32446.51,187854.28,70172.53,0.9972,55221.58,4.18,1,4
2025-04-01,14号线,20867.0,77957.05,5131.81,83088.86,24551.32,25437.91,,64618.34,18470.52,0.9846,22423.76,3.74,1,4
2025-04-01,21号线,65524.0,287688.59,37996.06,325684.66,92283.9,84198.13,42137.45,218619.47,107065.18,0.9747,44405.13,4.39,1,4
2025-04-02,1号线,82767.0,313250.23,31188.88,344439.11,114983.76,122476.2,40589.49,278049.45,66389.67,0.9616,58314.04,3.78,2,4
2025-04-02,2号线,18329.0,70749.24,6383.53,77132.77,20258.1,22396.83,11141.87,53796.8,23335.97,0.9715,36230.25,3.86,2,4
2025-04-02,3号线,30681.0,134183.12,15393.79,149576.91,40099.98,57955.09,18611.87,116666.93,32909.97,0.9729,40634.94,4.37,2,4
2025-04-02,4号线,10826.0,49476.5,7149.19,56625.7,18329.61,18598.4,6846.52,43774.52,12851.17,0.9913,9882.56,4.57,2,4
2025-04-02,5号线,,126775.81,12556.57,139332.38,44063.95,53522.17,21628.69,119214.82,20117.56,0.9789,30802.8,3.42,2,4
2025-04-02,6号线,76605.0,331124.17,26235.07,357359.24,113361.13,88271.05,43362.67,244994.86,112364.38,0.9903,115196.72,4.32,2,4
2025-04-02,7号线,,327378.07,31848.18,359226.24,130474.39,116301.9,47364.07,294140.36,65085.88,0.9718,,4.32,2,4
2025-04-02,8号线,82548.0,322823.24,21591.5,,140776.83,108668.13,57221.15,306666.11,37748.63,0.9798,83027.03,3.91,2,4
2025-04-02,9号线,43558.0,165030.6,16096.41,181127.01,55937.56,62397.99,22433.25,140768.8,40358.21,0.9951,32489.06,3.79,2,4
2025-04-02,14号线,9207.0,39223.01,4680.47,43903.48,13855.87,11022.49,4232.09,,14793.04,0.9957,16755.77,4.26,2,4
2025-04-02,21号线,75580.0,313533.39,,347968.95,79698.48,116509.39,46041.16,242249.03,105719.92,0.9516,85443.42,4.15,2,4
2025-04-03,1号线,35308.0,144205.53,9427.43,153632.96,65825.93,46823.09,,134514.15,19118.81,0.9866,,4.08,3,4
2025-04-03,2号线,67664.0,256838.16,32926.7,,92087.32,73302.21,36950.58,202340.11,87424.75,0.9896,118948.76,3.8,3,4
2025-04-03,3号线,38505.0,147043.16,11368.78,158411.95,,54405.97,16421.84,113906.79,44505.16,0.9954,25287.02,3.82,3,4
2025-04-03,4号线,32489.0,136313.82,16269.19,152583.01,41778.84,60634.78,17139.63,119553.26,33029.76,0.9724,47272.77,4.2,3,4
2025-04-03,5号线,58939.0,242295.29,18705.26,261000.55,87100.74,72837.84,43692.22,203630.8,57369.75,0.9625,59215.53,4.11,3,4
2025-04-03,6号线,62082.0,242456.87,17641.95,260098.82,83390.01,81775.59,44277.89,209443.5,50655.32,0.9677,90845.49,3.91,3,4
2025-04-03,7号线,59934.0,236907.65,32103.58,269011.23,68908.24,77925.64,30120.0,176953.87,92057.36,0.999,54085.28,3.95,3,4
2025-04-03,8号线,56620.0,246949.15,13117.32,260066.47,87911.63,65234.03,42167.13,,64753.68,0.9564,43229.85,4.36,3,4
2025-04-03,9号线,11332.0,46861.55,3201.57,50063.12,18694.57,16674.65,6365.5,41734.72,8328.39,0.993,7750.43,4.14,3,4
2025-04-03,14号线,79894.0,317197.31,23411.86,340609.18,112829.79,87203.39,32032.07,,,0.962,55514.2,3.97,3,4
2025-04-03,21号线,69941.0,295497.6,32786.3,328283.9,117132.33,109412.17,36935.99,263480.48,64803.42,0.9743,67889.86,4.22,3,4
2025-04-04,1号线,13663.0,54138.66,7853.39,61992.04,21771.53,18107.76,8990.95,48870.24,13121.8,0.9942,24511.6,3.96,4,4
2025-04-04,2号线,19492.0,79649.56,5504.2,85153.75,30368.57,31842.86,8626.36,70837.79,14315.97,0.9908,38640.81,4.09,4,4
2025-04-04,3号线,55069.0,225883.55,26762.08,,61404.58,83046.76,36743.54,181194.88,71450.75,0.9509,67409.55,4.1,4,4
2025-04-04,4号线,35342.0,149217.5,19307.15,168524.66,68279.72,45925.6,23799.5,138004.82,30519.84,,19199.7,4.22,4,4
2025-04-04,5号线,34856.0,134503.18,11750.27,146253.45,52059.41,45013.45,26509.29,123582.16,22671.29,0.9698,67820.24,3.86,4,4
2025-04-04,6号线,57797.0,228298.98,12241.56,240540.54,79570.47,76380.26,32025.24,187975.97,,,55378.15,3.95,4,4
2025-04-04,7号线,35347.0,135578.26,8177.36,143755.62,56407.52,39425.17,24726.79,120559.48,23196.14,0.9591,55424.52,3.84,4,4
2025-04-04,8号线,54891.0,210949.51,20913.69,231863.2,82042.91,68661.73,31222.43,181927.07,49936.13,0.9546,29051.28,3.84,4,4
2025-04-04,9号线,50482.0,220397.64,28708.13,249105.78,70029.22,70795.78,40024.95,180849.96,68255.82,0.9819,47060.74,4.37,4,4
2025-04-04,14号线,73859.0,291124.65,23136.11,314260.75,71247.99,106710.76,54390.73,232349.48,81911.27,0.967,146719.37,3.94,4,4
2025-04-04,21号线,49488.0,201277.28,16806.83,218084.1,68834.17,87090.97,,184003.12,34080.98,0.9658,75021.63,4.07,4,4
2025-04-05,1号线,17068.0,74422.62,10649.12,85071.74,23147.73,31680.79,7463.41,62291.93,22779.81,0.9886,19676.78,4.36,5,4
2025-04-05,2号线,27494.0,108073.52,13625.47,121698.99,27516.96,40734.95,12687.94,80939.85,40759.14,0.969,34637.63,3.93,5,4
2025-04-05,3号线,69412.0,263286.12,18234.71,281520.83,82474.42,114116.16,49268.13,245858.7,35662.13,0.9675,92108.06,3.79,5,4
2025-04-05,4号线,78944.0,284913.93,26860.69,311774.62,,104060.56,31654.93,221080.01,90694.61,0.9551,45292.46,3.61,5,4
2025-04-05,5号线,30389.0,128739.29,10723.34,139462.63,41574.77,36297.75,18174.74,96047.25,43415.38,0.9795,56821.62,4.24,5,4
2025-04-05,6号线,64533.0,265595.57,19845.44,285441.01,118284.7,79113.83,31984.04,229382.58,56058.43,0.959,44852.98,4.12,5,4
2025-04-05,7号线,13596.0,58257.85,4908.08,63165.93,17740.44,24339.15,9880.71,51960.3,11205.63,0.9794,17416.25,,5,4
2025-04-05,8号线,70148.0,266190.7,,280169.43,92176.55,77083.27,32628.67,201888.49,78280.94,0.9898,48496.98,3.79,5,4
2025-04-05,9号线,61641.0,246700.78,17006.59,263707.37,101000.06,81223.48,26419.59,,,0.9809,90404.83,4.0,5,4
2025-04-05,14号线,41801.0,171813.26,12282.15,184095.41,45698.94,66290.15,29357.33,141346.43,42748.99,0.9589,42077.81,4.11,5,4
2025-04-05,21号线,28803.0,114189.54,10228.47,124418.01,,37375.53,,87508.5,36909.51,0.9873,51460.83,3.96,5,4
2025-04-06,1号线,53563.0,202968.35,14429.57,217397.93,76885.95,66959.33,34741.73,178587.01,38810.92,0.9779,99382.23,3.79,6,4
2025-04-06,2号线,,92486.64,11892.01,104378.65,34645.16,35701.58,13242.28,83589.02,20789.63,0.9743,25797.22,4.28,6,4
2025-04-06,3号线,35926.0,145629.43,7462.42,,52421.8,38594.26,14951.43,105967.49,47124.36,0.9866,64953.4,4.05,6,4
2025-04-06,4号线,34118.0,139632.43,14639.08,154271.51,37422.67,47732.83,25866.05,,43249.96,0.9641,44226.77,4.09,6,4
2025-04-06,5号线,36462.0,142865.83,13620.41,156486.24,45060.7,44447.71,17621.02,,49356.81,0.9724,61431.07,3.92,6,4
2025-04-06,6号线,41057.0,154027.39,13679.68,167707.08,50067.14,65254.53,24347.68,,28037.72,0.9788,46606.19,3.75,6,4
2025-04-06,7号线,31444.0,114879.73,12204.57,127084.3,37637.25,32822.68,21019.18,91479.11,35605.19,0.9646,37907.55,3.65,6,4
2025-04-06,8号线,41506.0,167712.13,21604.0,189316.13,71822.29,60980.07,28773.74,161576.1,27740.03,,74194.47,4.04,6,4
2025-04-06,9号线,70277.0,274782.12,36614.68,311396.8,120518.48,90859.71,37270.53,248648.73,62748.07,0.9533,35305.55,3.91,6,4
2025-04-06,14号线,43992.0,175623.44,,186749.45,48199.61,69477.65,25503.74,143181.0,43568.45,0.9785,72193.39,3.99,6,4
2025-04-06,21号线,39271.0,160675.04,10128.0,170803.05,47909.83,55823.97,16252.7,119986.49,50816.55,0.9993,37815.97,,6,4
2025-04-07,1号线,50809.0,202275.57,24833.5,227109.07,68934.15,60191.94,26979.82,156105.91,71003.16,0.9874,29447.31,3.98,0,4
2025-04-07,2号线,,69274.39,,74414.28,25159.32,30051.79,9073.06,64284.17,10130.11,0.9818,26878.68,4.11,0,4
2025-04-07,3号线,50872.0,219117.47,32039.05,251156.52,100624.37,72777.08,29142.07,202543.52,48613.0,0.9902,101408.57,4.31,0,4
2025-04-07,4号线,42929.0,166295.71,9904.15,,48585.93,71524.7,32661.38,152772.01,23427.84,0.9526,79921.94,3.87,0,4
2025-04-07,5号线,31809.0,128806.15,18757.02,147563.18,37669.16,56361.71,21300.11,115330.98,32232.19,0.9964,60379.87,4.05,0,4
2025-04-07,6号线,,133836.21,10540.27,144376.48,49225.02,56268.3,24993.6,130486.93,13889.55,0.957,17787.58,4.01,0,4
2025-04-07,7号线,48980.0,189110.32,,,67830.49,56249.92,37296.9,161377.31,40088.81,0.8894,91784.33,3.86,0,4
2025-04-07,8号线,14692.0,,5330.35,63651.3,17660.43,17896.64,6698.26,42255.33,21395.97,0.9678,10933.26,3.97,0,4
2025-04-07,9号线,63360.0,267486.12,32035.38,299521.5,84123.2,82135.06,39790.74,206049.0,93472.5,0.9811,123739.42,4.22,0,4
2025-04-07,14号线,18352.0,74453.16,4737.09,79190.25,30453.81,22278.91,9856.82,62589.55,16600.7,,25303.34,4.06,0,4
2025-04-07,21号线,69519.0,293180.82,38202.8,,94589.44,104659.46,44376.83,243625.73,87757.89,0.9548,130130.99,4.22,0,4
2025-04-08,1号线,19066.0,75549.77,8031.04,83580.81,22554.79,25299.28,15055.79,62909.86,20670.95,0.9628,28527.1,3.96,1,4
2025-04-08,2号线,77783.0,322636.81,33619.83,356256.64,146235.56,,47920.62,298406.47,57850.17,0.9724,70908.46,4.15,1,4
2025-04-08,3号线,,219600.05,32924.99,252525.05,63724.22,76760.56,28124.39,168609.16,83915.88,0.983,52228.87,3.96,1,4
2025-04-08,4号线,78555.0,302180.31,29116.52,331296.82,116003.96,118791.07,,271707.17,59589.66,0.9881,99734.67,3.85,1,4
2025-04-08,5号线,14510.0,56764.66,6558.89,63323.56,17043.03,25380.66,9090.22,,11809.64,0.9533,15238.53,3.91,1,4
2025-04-08,6号线,15591.0,68012.61,4452.68,72465.29,24771.34,25750.51,12658.73,63180.58,9284.72,0.9844,13639.03,4.36,1,4
2025-04-08,7号线,10106.0,,2571.71,45002.67,14822.84,18366.79,8457.19,,3355.85,0.9979,,4.2,1,4
2025-04-08,8号线,66197.0,268473.28,39896.94,308370.22,108847.73,97582.53,42482.07,248912.33,59457.89,0.99,67401.24,4.06,1,4
2025-04-08,9号线,61497.0,215536.26,22470.69,238006.95,83200.55,56470.6,40835.45,180506.6,57500.35,0.9778,118108.7,,1,4
2025-04-08,14号线,34165.0,142295.78,14893.04,157188.82,49105.31,47048.0,,116332.71,40856.11,0.9653,64599.51,4.16,1,4
2025-04-08,21号线,43663.0,165383.13,16530.86,181913.99,52646.85,71984.77,32427.13,157058.76,24855.22,0.9739,80579.68,3.79,1,4
2025-04-09,1号线,77999.0,-327619.67,32695.67,360315.34,114209.09,109364.71,33928.69,257502.49,102812.85,0.9854,59764.61,4.2,2,4
2025-04-09,2号线,15673.0,65207.22,,71726.03,20529.04,19042.11,7631.64,,24523.24,0.9699,29098.53,4.16,2,4
2025-04-09,3号线,16278.0,61281.31,4998.43,66279.75,17070.41,23827.78,9716.07,50614.26,15665.49,0.9594,18589.95,3.76,2,4
2025-04-09,4号线,55143.0,194831.0,25024.25,219855.25,,61397.92,31708.86,162239.8,57615.45,0.9953,98999.32,3.53,2,4
2025-04-09,5号线,47352.0,-195291.53,18095.55,213387.08,74240.09,54242.12,32498.97,160981.18,52405.9,0.9763,72792.26,4.12,2,4
2025-04-09,6号线,10772.0,42989.97,3819.79,46809.76,18497.7,13776.3,5245.06,37519.06,9290.7,0.9702,8855.84,3.99,2,4
2025-04-09,7号线,53580.0,234157.6,23655.7,257813.31,87928.13,59729.87,42298.3,189956.3,67857.01,0.974,62795.39,4.37,2,4
2025-04-09,8号线,53000.0,205775.93,15088.55,220864.49,71120.68,58942.9,26383.68,156447.25,64417.23,0.9809,86972.58,3.88,2,4
2025-04-09,9号线,48488.0,198314.24,,227225.2,73626.85,55334.13,23273.61,152234.59,74990.61,0.9664,39509.93,4.09,2,4
2025-04-09,14号线,48384.0,213298.52,27816.46,241114.98,92868.88,73445.91,24836.32,191151.11,49963.87,,36541.0,4.41,2,4
2025-04-09,21号线,15708.0,62796.08,5269.62,68065.7,18746.24,25653.76,10705.45,55105.45,12960.25,0.9886,16130.01,4.0,2,4
2025-04-10,1号线,32280.0,44775.26,4351.06,49126.33,,16410.02,7013.79,39779.03,9347.29,0.9544,,4.16,3,4
2025-04-10,2号线,38373.0,147987.92,9426.34,157414.25,51005.37,50729.86,20770.82,122506.05,34908.2,0.9738,63139.81,3.86,3,4
2025-04-10,3号线,30977.0,,11330.22,135178.34,50550.52,40766.43,22804.86,114121.81,,0.9561,24924.28,4.0,3,4
2025-04-10,4号线,26452.0,110405.98,8987.53,119393.51,33525.53,,19425.14,87577.56,31815.95,0.9814,25188.46,4.17,3,4
2025-04-10,5号线,27030.0,100921.27,7691.34,108612.61,31487.46,35706.03,14042.73,81236.23,27376.38,0.986,34255.23,3.73,3,4
2025-04-10,6号线,,207256.21,11381.65,218637.86,76469.26,72101.31,39797.27,188367.84,30270.02,0.9621,96878.32,3.88,3,4
2025-04-10,7号线,11685.0,46196.52,5324.67,51521.19,13377.25,19071.35,9203.46,41652.06,9869.12,0.9748,8369.4,3.95,3,4
2025-04-10,8号线,65731.0,262246.42,28172.96,290419.38,88407.62,80178.63,27915.89,196502.14,93917.24,0.9909,117757.96,3.99,3,4
2025-04-10,9号线,11380.0,46713.8,5567.57,52281.38,15774.02,14130.56,6783.05,36687.63,15593.75,0.9612,7370.28,4.1,3,4
2025-04-10,14号线,33120.0,129656.72,18335.49,147992.21,51943.84,50049.97,25132.16,,20866.24,0.9504,19586.12,3.91,3,4
2025-04-10,21号线,33556.0,132224.96,19575.52,,43163.69,43376.68,24220.77,110761.14,41039.34,0.821,32989.6,3.94,3,4
2025-04-11,1号线,21175.0,87639.24,7348.78,94988.03,,,10149.73,68430.84,26557.19,0.9766,38280.15,,4,4
2025-04-11,2号线,54695.0,219132.07,30075.06,249207.13,72483.73,91089.18,38938.59,202511.51,46695.63,0.9741,69523.97,4.01,4,4
2025-04-11,3号线,49976.0,200230.23,13165.15,213395.38,75118.91,69656.16,36602.95,181378.02,32017.36,0.9582,34243.32,4.01,4,4
2025-04-11,4号线,53830.0,205328.95,14497.22,219826.17,65739.35,87317.14,22736.1,175792.59,44033.58,0.9531,82353.43,3.81,4,4
2025-04-11,5号线,17208.0,62201.91,8890.28,71092.19,19429.04,22744.68,11591.81,53765.52,17326.67,0.9891,32630.01,3.61,4,4
2025-04-11,6号线,25137.0,97757.24,8203.82,105961.07,27295.46,31462.99,15297.24,74055.68,31905.38,0.9926,35538.52,3.89,4,4
2025-04-11,7号线,66737.0,243910.25,25776.73,269686.98,89599.81,78724.43,24675.06,192999.3,76687.68,0.9868,90562.73,3.65,4,4
2025-04-11,8号线,54466.0,223667.99,17117.6,240785.59,69984.34,91401.47,31178.82,192564.63,48220.96,0.9823,83390.64,4.11,4,4
2025-04-11,9号线,65898.0,283574.06,34084.11,317658.17,116178.64,88669.82,38949.46,243797.92,73860.25,0.9756,78285.96,4.3,4,4
2025-04-11,14号线,74785.0,282569.85,28678.85,311248.69,85088.08,,,233097.56,,0.9554,141935.66,,4,4
2025-04-11,21号线,28478.0,116464.09,,126972.75,35840.79,47062.67,17843.84,100747.31,26225.44,0.988,53859.17,4.09,4,4
2025-04-12,1号线,,51370.65,2768.23,54138.88,16957.99,,9313.13,41201.72,12937.16,,15865.29,3.97,5,4
2025-04-12,2号线,30732.0,123140.07,6668.03,129808.1,37849.91,45099.35,13854.22,96803.48,33004.62,0.978,16368.12,4.01,5,4
2025-04-12,3号线,16292.0,66203.02,4711.78,70914.8,21849.71,29075.23,11490.98,62415.92,8498.88,0.9988,14422.45,4.06,5,4
2025-04-12,4号线,58546.0,258854.23,38613.27,297467.5,106622.05,75478.41,37077.14,219177.6,78289.9,0.9556,103020.3,4.42,5,4
2025-04-12,5号线,48732.0,195895.95,14106.66,210002.61,66562.42,84635.19,24062.99,175260.59,34742.02,0.9926,81008.43,4.02,5,4
2025-04-12,6号线,26705.0,109814.59,15707.51,125522.11,39726.5,44274.66,14013.64,98014.81,,0.9633,33963.16,4.11,5,4
2025-04-12,7号线,49856.0,202441.56,25574.14,228015.7,82472.19,68985.67,36119.36,,40438.48,0.9669,60064.92,4.06,5,4
2025-04-12,8号线,63170.0,272873.2,36947.48,309820.68,114206.44,89554.63,44342.63,248103.69,61716.98,0.9689,34874.53,4.32,5,4
2025-04-12,9号线,,59699.68,3499.89,63199.57,,19079.63,7694.91,53927.61,9271.96,0.9788,23010.88,4.38,5,4
2025-04-12,14号线,23943.0,94613.42,12296.7,106910.12,,32556.41,18265.4,81673.83,25236.28,0.9633,37267.98,3.95,5,4
2025-04-12,21号线,10584.0,,5164.12,51991.19,18601.73,12546.6,6910.06,38058.4,13932.8,0.9931,19407.84,4.42,5,4
2025-04-13,1号线,80478.0,318885.06,38877.77,357762.83,130601.4,122013.24,60364.99,312979.62,44783.21,0.997,,3.96,6,4
2025-04-13,2号线,129309.0,182516.09,23652.5,206168.59,58767.6,59951.04,28960.4,147679.05,58489.54,0.968,82246.57,4.23,6,4
2025-04-13,3号线,43698.0,175529.46,16146.43,191675.89,55829.28,,,,51717.97,0.9917,73270.99,4.02,6,4
2025-04-13,4号线,53875.0,226629.05,18544.03,,74243.16,91473.03,27432.58,193148.78,52024.31,0.9554,102360.65,4.21,6,4
2025-04-13,5号线,83061.0,330326.8,22204.38,352531.17,114638.29,137761.86,61240.89,313641.03,38890.14,0.9635,148107.09,3.98,6,4
2025-04-13,6号线,63122.0,248035.56,32193.61,280229.17,81372.33,,30554.5,189290.96,90938.21,0.8644,70180.77,3.93,6,4
2025-04-13,7号线,,281636.91,14083.33,295720.24,123821.37,85766.8,48680.12,258268.29,37451.95,0.9952,35039.17,4.21,6,4
2025-04-13,8号线,45179.0,184341.23,26912.28,211253.51,61094.49,52949.59,32052.85,146096.93,65156.58,0.9973,52606.68,4.08,6,4
2025-04-13,9号线,32476.0,129981.17,18313.28,148294.44,58001.53,40573.76,20576.26,119151.55,29142.9,0.9701,17380.78,4.0,6,4
2025-04-13,14号线,49923.0,180622.7,20492.28,201114.97,59414.91,57880.14,32329.4,,,0.9646,86571.71,3.62,6,4
2025-04-13,21号线,72227.0,285646.13,27877.41,,82068.57,111253.82,49611.5,242933.88,70589.66,0.9727,115688.19,3.95,6,4
2025-04-14,1号线,57813.0,230799.39,27664.44,258463.83,83243.9,70687.08,39131.77,193062.75,65401.08,0.9957,71329.38,3.99,0,4
2025-04-14,2号线,49226.0,179929.93,21897.03,201826.95,79350.58,58569.63,25223.29,163143.5,38683.45,0.9904,80538.82,3.66,0,4
2025-04-14,3号线,27192.0,105523.43,10625.47,116148.9,,30550.26,15340.51,81391.98,34756.93,0.9905,15421.32,3.88,0,4
2025-04-14,4号线,29856.0,116734.19,11928.89,128663.08,40910.19,35881.72,15289.44,92081.35,36581.73,0.986,29982.83,3.91,0,4
2025-04-14,5号线,10414.0,43466.91,4404.85,47871.76,19632.93,15111.67,8229.44,42974.04,4897.72,0.9967,18343.07,4.17,0,4
2025-04-14,6号线,23085.0,94224.36,,103760.09,32701.65,31448.37,11509.52,75659.53,28100.56,0.9783,44393.78,4.08,0,4
2025-04-14,7号线,41774.0,169614.2,,182591.77,66753.86,67018.41,18632.03,152404.31,30187.47,0.9753,67759.6,4.06,0,4
2025-04-14,8号线,67177.0,290068.63,22297.6,312366.23,105703.99,119428.05,40529.61,265661.65,46704.58,0.9778,124699.78,4.32,0,4
2025-04-14,9号线,36949.0,,11106.73,167614.32,,48315.99,27003.66,141208.31,26406.01,0.9714,28580.15,4.24,0,4
2025-04-14,14号线,45544.0,168413.26,10740.77,179154.03,62342.96,69234.67,25769.18,157346.8,21807.23,0.9587,63094.23,3.7,0,4
2025-04-14,21号线,18945.0,71810.55,6340.22,78150.77,,30669.05,10571.35,66356.77,,0.994,18698.56,3.79,0,4
2025-04-15,1号线,48423.0,185983.17,10754.33,196737.5,80403.67,63786.14,22348.76,166538.57,30198.92,0.9581,86266.49,3.84,1,4
2025-04-15,2号线,10798.0,42959.95,2362.95,45322.9,12612.15,17860.88,7343.13,37816.17,7506.73,0.9905,9372.2,3.98,1,4
2025-04-15,3号线,46711.0,178646.33,22830.72,201477.05,68816.5,69201.34,19291.24,157309.08,44167.97,0.9827,88000.47,3.82,1,4
2025-04-15,4号线,34626.0,139388.59,16235.98,155624.57,50591.07,57549.67,25267.76,133408.5,22216.07,0.979,54693.22,4.03,1,4
2025-04-15,5号线,17432.0,74728.92,7178.21,81907.13,22374.38,22584.16,7542.04,52500.57,29406.56,0.9843,16403.6,4.29,1,4
2025-04-15,6号线,54676.0,,22046.09,235092.81,63844.06,81333.38,26253.18,171430.61,63662.2,0.9579,82367.32,3.9,1,4
2025-04-15,7号线,13734.0,53967.67,6854.6,60822.28,18013.79,24043.99,8858.22,50916.0,9906.28,0.9504,11256.19,3.93,1,4
2025-04-15,8号线,20398.0,87722.55,6889.78,94612.33,39412.02,,15589.93,84874.6,9737.73,0.9914,35376.91,4.3,1,4
2025-04-15,9号线,15118.0,57276.93,4180.22,61457.15,15111.22,22649.72,9883.53,47644.47,13812.69,0.9586,9928.35,,1,4
2025-04-15,14号线,75632.0,299933.53,19523.15,319456.69,119364.95,94345.64,34033.93,247744.53,71712.16,0.9642,87502.14,3.97,1,4
2025-04-15,21号线,69524.0,286735.7,33351.6,320087.3,90785.6,103058.92,53656.04,247500.56,72586.74,0.951,111479.23,4.12,1,4
2025-04-16,1号线,21123.0,85317.5,11807.92,,26097.89,33027.74,14417.77,73543.4,,0.9908,,,2,4
2025-04-16,2号线,21381.0,82612.04,5454.02,88066.05,24473.81,36473.51,13804.43,74751.75,13314.3,0.9553,13331.56,3.86,2,4
2025-04-16,3号线,77483.0,274637.52,18652.82,293290.35,88500.14,78666.07,37034.27,204200.48,89089.87,0.9748,88449.76,3.54,2,4
2025-04-16,4号线,23633.0,87473.15,12500.1,99973.25,31084.92,34275.32,13618.21,78978.45,20994.8,0.9544,33405.21,3.7,2,4
2025-04-16,5号线,25224.0,101557.15,8172.54,109729.68,45388.19,35015.53,11597.15,92000.87,17728.81,0.9621,36914.4,4.03,2,4
2025-04-16,6号线,43968.0,167477.67,19624.11,187101.78,50180.66,70751.41,32475.74,153407.81,33693.97,0.9945,,3.81,2,4
2025-04-16,7号线,82528.0,316442.14,23017.37,339459.5,111672.79,139198.97,36570.43,287442.2,52017.31,0.9802,124291.67,3.83,2,4
2025-04-16,8号线,,130048.54,7075.84,137124.38,47155.28,51331.61,15077.7,113564.59,23559.78,0.9725,59367.0,3.81,2,4
2025-04-16,9号线,73269.0,312845.96,18987.24,331833.2,114257.92,113824.17,57148.44,285230.52,46602.68,0.9793,128159.83,4.27,2,4
2025-04-16,14号线,30636.0,125586.67,6413.61,132000.28,44862.17,47098.26,21474.13,113434.55,18565.73,0.9745,29626.95,4.1,2,4
2025-04-16,21号线,18820.0,73303.3,9110.29,,20068.06,28858.05,12593.05,61519.16,20894.44,0.9637,24869.09,3.89,2,4
2025-04-17,1号线,67104.0,266669.88,33791.56,300461.44,99605.19,87636.5,38800.88,226042.57,74418.87,0.9612,106715.18,3.97,3,4
2025-04-17,2号线,36635.0,136287.85,10111.27,146399.13,45734.8,49605.54,18305.03,113645.38,32753.75,0.9159,27711.35,3.72,3,4
2025-04-17,3号线,68916.0,269319.4,17575.09,286894.49,93100.46,69708.74,33499.1,196308.3,90586.19,0.9702,80922.83,,3,4
2025-04-17,4号线,13617.0,54930.29,5175.29,60105.58,16942.21,23951.31,6539.21,47432.74,12672.84,0.9871,14701.8,4.03,3,4
2025-04-17,5号线,19745.0,84260.51,12273.14,96533.65,30989.36,23502.62,16805.98,71297.95,25235.7,0.9647,,4.27,3,4
2025-04-17,6号线,67502.0,265410.95,26568.89,291979.84,74476.41,85918.16,39376.18,199770.76,92209.08,0.9688,101819.64,3.93,3,4
2025-04-17,7号线,37955.0,158157.18,10468.35,168625.54,45543.77,55696.32,20360.05,121600.15,47025.39,0.976,51012.78,4.17,3,4
2025-04-17,8号线,14623.0,59295.78,5094.47,64390.24,20971.22,19354.12,11090.66,51416.0,12974.24,0.9528,16348.38,4.05,3,4
2025-04-17,9号线,50027.0,195927.91,17597.26,213525.17,68502.73,64256.15,22725.94,155484.82,58040.35,0.9534,,3.92,3,4
2025-04-17,14号线,17546.0,66900.6,3483.14,70383.73,24373.83,16765.51,12807.72,53947.06,,0.9706,15522.35,3.81,3,4
2025-04-17,21号线,,34122.91,3589.79,37712.7,11712.93,14538.17,4869.02,31120.12,6592.58,,15535.06,3.76,3,4
2025-04-18,1号线,16610.0,61698.38,6183.18,67881.56,26876.41,18433.55,11794.38,57104.33,10777.23,0.9933,,3.71,4,4
2025-04-18,2号线,29362.0,115745.11,11351.29,127096.4,37689.59,37724.25,14195.32,89609.17,37487.23,0.9636,22155.33,3.94,4,4
2025-04-18,3号线,72971.0,296419.2,22546.64,318965.83,90236.19,118362.22,52734.98,261333.39,,0.9777,99453.59,4.06,4,4
2025-04-18,4号线,65364.0,255049.44,23682.99,278732.43,92172.28,76852.81,46896.06,215921.15,62811.28,0.9811,71445.12,3.9,4,4
2025-04-18,5号线,33217.0,117546.84,13628.13,131174.97,38854.36,43844.04,21532.51,104230.92,26944.06,,62997.0,3.54,4,4
2025-04-18,6号线,73871.0,291056.23,21003.99,312060.23,,111003.61,51472.36,254737.7,57322.53,0.9996,58809.12,3.94,4,4
2025-04-18,7号线,21862.0,91172.85,4966.25,96139.09,33717.86,27466.51,16597.98,77782.36,18356.74,0.9738,,4.17,4,4
2025-04-18,8号线,44665.0,191507.17,17218.59,208725.75,70873.28,,38208.73,173700.94,35024.82,0.9696,68938.69,4.29,4,4
2025-04-18,9号线,12734.0,49160.03,2463.56,51623.6,14908.63,20949.79,,40936.91,10686.69,0.9792,7095.1,3.86,4,4
2025-04-18,14号线,13824.0,56636.97,7227.85,63864.82,21109.91,14410.91,7005.57,42526.39,21338.44,0.9653,15811.7,4.1,4,4
2025-04-18,21号线,27178.0,116277.93,7129.07,123406.99,52439.39,40266.26,17832.26,110537.91,12869.08,0.9889,52607.38,4.28,4,4
2025-04-19,1号线,10771.0,41725.61,5221.01,46946.62,14989.64,12991.59,6827.86,34809.1,12137.52,,18175.63,3.87,5,4
2025-04-19,2号线,60493.0,244487.06,34116.04,278603.1,77431.32,101595.08,34456.66,213483.06,65120.04,,31603.05,4.04,5,4
2025-04-19,3号线,26593.0,112710.67,14508.68,127219.36,33864.09,36430.07,22502.13,92796.29,34423.07,0.984,44808.2,4.24,5,4
2025-04-19,4号线,55276.0,213068.87,29914.44,242983.31,64771.59,63358.89,22232.8,150363.29,92620.03,0.9919,106372.04,,5,4
2025-04-19,5号线,26429.0,104588.94,9062.56,113651.5,33778.72,32206.3,,80630.83,33020.67,,42090.28,3.96,5,4
2025-04-19,6号线,48593.0,191263.74,15034.48,206298.21,75303.13,74295.63,,172064.3,34233.92,0.9605,67964.55,3.94,5,4
2025-04-19,7号线,11390.0,45282.6,4865.95,50148.55,19316.01,,7853.84,42074.47,8074.08,0.9982,9406.27,3.98,5,4
2025-04-19,8号线,,216716.3,26375.41,,57528.67,80478.05,28084.84,166091.55,77000.16,0.9859,85734.61,4.03,5,4
2025-04-19,9号线,29652.0,121622.5,10617.73,132240.23,31795.75,42189.55,12443.33,86428.63,45811.6,0.9959,32238.24,4.1,5,4
2025-04-19,14号线,55029.0,228228.59,11829.96,240058.55,69532.23,93871.3,31269.35,194672.89,45385.66,,39882.66,4.15,5,4
2025-04-19,21号线,69543.0,273140.93,21245.8,294386.73,94992.96,70505.42,39166.64,204665.02,89721.71,0.9807,90257.5,3.93,5,4
2025-04-20,1号线,66757.0,281266.8,30033.02,311299.82,126678.57,85756.8,36883.62,249319.0,61980.83,0.9976,72044.46,4.21,6,4
2025-04-20,2号线,21480.0,84598.67,12170.24,96768.92,26928.91,38626.69,14798.15,80353.75,16415.17,,20062.93,3.94,6,4
2025-04-20,3号线,45087.0,172358.85,17450.1,189808.95,64703.95,56341.47,,145867.66,43941.29,0.9626,33783.73,3.82,6,4
2025-04-20,4号线,84119.0,347201.11,44673.22,391874.33,145863.37,117434.24,68665.08,331962.69,59911.64,,87790.55,,6,4
2025-04-20,5号线,46190.0,176392.13,23488.35,199880.48,69040.7,48676.09,27655.25,145372.05,54508.43,0.9921,55665.6,3.82,6,4
2025-04-20,6号线,26302.0,112051.86,15797.34,,46358.04,34393.83,14701.22,95453.09,32396.11,0.9662,24726.1,4.26,6,4
2025-04-20,7号线,14512.0,57365.23,,63016.12,23895.73,17217.19,11174.0,52286.92,10729.19,0.9574,22671.44,3.95,6,4
2025-04-20,8号线,46617.0,181939.82,12301.93,194241.76,64013.57,,24250.98,147010.9,47230.85,,25553.78,3.9,6,4
2025-04-20,9号线,42333.0,,18449.55,186491.84,62978.18,63489.42,28626.14,155093.75,31398.1,0.9812,47635.29,3.97,6,4
2025-04-20,14号线,,298541.36,42880.9,341422.26,111539.9,103655.21,52221.94,267417.06,74005.2,0.8051,,3.99,6,4
2025-04-20,21号线,,77334.35,11483.16,88817.51,32691.01,24106.96,7774.73,64572.69,24244.82,0.983,,4.15,6,4
2025-04-21,1号线,22499.0,86664.91,12941.03,99605.94,26964.14,40058.41,,80188.92,19417.03,0.9812,27087.33,3.85,0,4
2025-04-21,2号线,54701.0,221969.91,21437.19,,86647.52,85817.51,37724.77,210189.8,33217.3,0.9671,42753.87,4.06,0,4
2025-04-21,3号线,17318.0,70269.62,7611.57,77881.19,20421.94,25367.96,7292.21,53082.11,24799.07,0.9827,26354.77,4.06,0,4
2025-04-21,4号线,36262.0,140408.0,15908.63,156316.63,45309.52,42557.92,21385.96,109253.41,47063.22,0.9954,19282.63,3.87,0,4
2025-04-21,5号线,29932.0,124349.08,13902.77,138251.85,35055.38,49902.86,12645.18,97603.42,40648.43,0.9825,28996.1,4.15,0,4
2025-04-21,6号线,47490.0,186350.41,20295.77,206646.18,77633.92,65032.68,25768.99,168435.58,38210.6,0.9584,92992.26,3.92,0,4
2025-04-21,7号线,18895.0,74392.18,6257.15,80649.32,24286.93,23491.97,11028.68,58807.58,21841.74,0.9817,22555.63,3.94,0,4
2025-04-21,8号线,54261.0,224561.02,31796.22,256357.23,97488.36,67292.43,39231.0,204011.79,,0.9486,82722.39,4.14,0,4
2025-04-21,9号线,85075.0,339886.77,50762.14,390648.91,109281.2,135487.56,57163.28,301932.04,88716.87,0.973,47572.06,4.0,0,4
2025-04-21,14号线,36437.0,148851.15,12018.73,160869.88,50113.25,59400.99,15855.62,125369.86,35500.02,0.9934,38449.12,4.09,0,4
2025-04-21,21号线,23200.0,93473.53,9136.93,102610.45,32460.86,32601.46,11005.87,76068.19,26542.26,0.9769,20566.46,4.03,0,4
2025-04-22,1号线,44554.0,,23444.87,199979.65,58841.38,63157.01,31961.09,153959.47,46020.17,0.9517,67350.0,3.96,1,4
2025-04-22,2号线,26393.0,94161.8,6025.59,,32728.83,32386.54,14302.14,79417.5,20769.89,0.9592,15763.25,3.57,1,4
2025-04-22,3号线,48350.0,181006.7,18799.06,199805.76,56153.15,68607.04,25538.63,150298.82,49506.93,0.9667,34874.17,3.74,1,4
2025-04-22,4号线,40599.0,160444.74,16365.68,176810.42,54825.44,47461.65,16391.8,118678.89,58131.53,0.973,65585.37,3.95,1,4
2025-04-22,5号线,209901.0,269978.77,21744.95,291723.72,88277.56,101855.95,31644.21,221777.71,69946.0,0.9603,117742.41,3.86,1,4
2025-04-22,6号线,80557.0,267040.61,37312.07,304352.68,118920.37,,44887.62,250573.37,53779.31,0.985,100974.38,3.31,1,4
2025-04-22,7号线,,200282.83,27541.33,227824.17,75429.53,56074.07,24800.78,156304.39,71519.78,0.9736,71825.17,4.21,1,4
2025-04-22,8号线,55117.0,206476.06,23696.62,230172.68,68498.33,71194.87,32811.8,172505.01,57667.68,0.9542,56250.79,3.75,1,4
2025-04-22,9号线,39163.0,162742.6,15875.97,178618.57,53512.88,61907.39,19757.07,135177.33,43441.24,0.9983,28984.97,4.16,1,4
2025-04-22,14号线,21751.0,89121.77,12677.0,,37317.63,32663.33,15979.61,85960.57,15838.21,0.9947,16887.42,4.1,1,4
2025-04-22,21号线,39224.0,166016.16,21965.39,187981.55,49752.79,72072.52,32245.89,154071.2,33910.34,0.9699,37859.82,4.23,1,4
2025-04-23,1号线,65356.0,277157.33,27626.21,304783.55,85519.16,123961.55,47644.27,257124.99,47658.56,0.9524,91863.75,4.24,2,4
2025-04-23,2号线,21554.0,84972.23,10308.99,95281.23,26973.46,35348.8,16921.64,79243.9,16037.33,,12695.46,3.94,2,4
2025-04-23,3号线,35357.0,155746.66,13379.74,169126.4,50695.52,73224.92,29188.54,153108.98,16017.42,0.9956,61200.88,4.4,2,4
2025-04-23,4号线,28989.0,117447.41,9507.15,126954.56,45244.23,30760.39,22412.0,98416.62,28537.95,0.9977,16822.81,4.05,2,4
2025-04-23,5号线,65011.0,268691.22,34665.64,303356.86,92560.53,98462.47,29027.7,220050.7,83306.16,0.9627,73704.15,4.13,2,4
2025-04-23,6号线,12847.0,47580.18,6530.22,54110.39,16686.12,14076.66,7095.87,37858.64,16251.75,0.9545,19797.07,3.7,2,4
2025-04-23,7号线,,62530.39,5974.6,68504.99,26465.39,20301.14,12309.19,59075.72,9429.27,0.9937,14272.14,3.68,2,4
2025-04-23,8号线,28520.0,131150.99,7959.34,139110.33,52958.05,40902.24,22154.42,116014.7,,,47892.89,4.6,2,4
2025-04-23,9号线,18016.0,73175.1,10008.2,83183.3,22783.3,34114.05,14325.22,71222.57,11960.73,0.9909,18905.62,4.06,2,4
2025-04-23,14号线,18145.0,77221.64,7450.22,84671.86,36151.2,24150.77,11608.18,,12761.71,0.9589,23036.97,4.26,2,4
2025-04-23,21号线,28426.0,124577.26,16509.16,141086.42,35731.12,47646.76,12697.52,96075.41,45011.01,0.9785,24701.88,4.38,2,4
2025-04-24,1号线,59450.0,244901.94,30502.61,275404.55,87011.81,86641.44,25744.25,199397.49,76007.06,0.9751,73582.27,4.12,3,4
2025-04-24,2号线,34587.0,140952.66,,153573.64,54006.4,41824.54,23186.85,119017.8,34555.84,0.9521,26463.73,4.08,3,4
2025-04-24,3号线,27662.0,114197.26,16421.43,130618.69,41785.22,32153.35,14716.22,88654.78,41963.91,0.9541,31186.03,4.13,3,4
2025-04-24,4号线,30293.0,122879.39,8666.34,131545.73,39217.14,46301.29,21451.53,106969.97,24575.76,0.9873,53630.24,4.06,3,4
2025-04-24,5号线,73361.0,297086.52,28874.95,325961.47,106533.03,76646.19,,231954.15,94007.31,,91782.12,4.05,3,4
2025-04-24,6号线,,276308.24,23310.67,299618.91,93586.32,123650.48,44856.93,262093.73,37525.18,,99583.76,3.94,3,4
2025-04-24,7号线,74054.0,316041.62,16441.63,332483.25,103756.36,101783.74,43307.82,248847.92,83635.33,0.9763,145223.36,4.27,3,4
2025-04-24,8号线,93895.0,379296.88,22881.42,402178.3,122734.75,176313.72,44723.63,343772.1,58406.2,0.9812,165333.14,4.04,3,4
2025-04-24,9号线,49322.0,183039.37,18280.7,201320.07,84703.41,58446.06,24284.58,167434.05,33886.02,0.9874,43329.43,3.71,3,4
2025-04-24,14号线,45320.0,174512.48,22940.6,,54892.04,,32038.91,140366.84,57086.24,0.9513,76820.26,,3,4
2025-04-24,21号线,64834.0,,26850.74,273161.47,71694.69,84296.15,37651.79,193642.63,79518.84,0.9519,34979.3,3.8,3,4
2025-04-25,1号线,34004.0,142412.42,8077.6,150490.02,49822.07,60738.75,23349.4,133910.22,16579.8,,52628.69,4.19,4,4
2025-04-25,2号线,26013.0,97993.71,7093.83,105087.53,41017.88,28710.58,18239.43,87967.89,17119.64,0.9996,16503.18,3.77,4,4
2025-04-25,3号线,39699.0,154985.18,21575.67,176560.85,45103.1,65945.44,16599.02,127647.57,48913.28,0.9879,76605.84,3.9,4,4
2025-04-25,4号线,65461.0,286871.13,30484.48,317355.61,94745.21,96347.28,31278.09,222370.58,94985.03,0.9806,105191.22,4.38,4,4
2025-04-25,5号线,29325.0,110429.25,10983.18,121412.43,35737.29,45070.1,17924.13,98731.53,22680.89,0.9772,35248.01,3.77,4,4
2025-04-25,6号线,29899.0,122624.5,16655.98,139280.48,39764.77,46314.93,13547.83,99627.53,39652.95,0.9559,57925.63,4.1,4,4
2025-04-25,7号线,46180.0,191231.23,19963.32,211194.55,73132.48,79746.45,29159.26,182038.19,29156.36,0.9626,46878.75,4.14,4,4
2025-04-25,8号线,56412.0,210384.43,31062.9,241447.32,95383.59,68966.7,39993.31,204343.6,37103.72,0.9912,,3.73,4,4
2025-04-25,9号线,36430.0,136027.97,7821.91,143849.88,55613.66,40415.96,17979.32,114008.95,29840.94,0.957,60661.5,3.73,4,4
2025-04-25,14号线,60828.0,252685.15,14935.36,267620.52,88710.92,90581.32,40671.41,219963.65,47656.87,0.9604,90752.7,4.15,4,4
2025-04-25,21号线,16297.0,64451.59,3378.36,67829.95,20319.22,23731.48,12650.96,,11128.29,0.9945,14416.46,3.95,4,4
2025-04-26,1号线,50157.0,204692.58,28886.94,233579.52,81586.13,57490.5,24812.43,163889.05,69690.46,0.9503,33338.08,4.08,5,4
2025-04-26,2号线,31495.0,124001.35,6889.25,130890.6,40777.6,41146.87,21258.15,103182.62,27707.98,0.9809,34888.16,3.94,5,4
2025-04-26,3号线,67490.0,251450.0,31559.34,283009.34,109548.43,89571.79,36308.0,235428.21,47581.12,0.9786,124279.75,3.73,5,4
2025-04-26,4号线,47464.0,173946.55,16877.83,190824.38,56299.0,58185.38,29353.52,143837.9,46986.49,0.9696,49525.99,3.66,5,4
2025-04-26,5号线,13976.0,59160.38,,,20320.91,19699.49,11444.92,,13209.51,,16851.67,4.23,5,4
2025-04-26,6号线,90357.0,344366.81,31456.99,375823.79,110514.63,113946.36,36838.88,261299.87,114523.93,0.9864,55147.2,3.81,5,4
2025-04-26,7号线,12597.0,52765.6,5149.54,57915.13,19880.06,13765.39,6781.85,40427.3,17487.83,,14602.09,4.19,5,4
2025-04-26,8号线,54235.0,,26479.36,242564.75,67911.39,96256.77,26865.94,191034.1,51530.65,0.9597,98930.77,3.98,5,4
2025-04-26,9号线,51658.0,211907.32,14502.26,226409.59,77187.79,80784.77,29046.36,187018.92,39390.67,0.9991,,4.1,5,4
2025-04-26,14号线,,190970.09,22140.6,213110.69,65972.14,76408.83,20890.41,163271.37,49839.32,0.9568,84176.44,4.19,5,4
2025-04-26,21号线,42381.0,174533.85,14470.21,189004.05,49224.52,68263.69,34027.16,151515.37,37488.69,0.9634,75306.24,4.12,5,4
2025-04-27,1号线,62701.0,223691.68,19330.38,243022.06,81084.5,,36551.24,178686.79,64335.28,0.9805,65604.27,3.57,6,4
2025-04-27,2号线,18479.0,73565.0,6576.3,80141.3,24167.23,22106.79,10976.47,57250.48,22890.81,0.9876,11432.85,3.98,6,4
2025-04-27,3号线,48276.0,195138.21,10056.76,205194.97,73253.88,77695.18,28316.04,179265.1,25929.88,0.9779,71303.85,,6,4
2025-04-27,4号线,13377.0,,6636.29,,16851.2,24292.12,7344.91,48488.22,12998.15,0.9853,11240.77,4.1,6,4
2025-04-27,5号线,56028.0,227684.97,34144.45,261829.42,89743.66,90050.48,27887.15,207681.29,54148.13,,102706.03,4.06,6,4
2025-04-27,6号线,71124.0,293874.99,29458.11,323333.11,109809.68,78415.35,57571.4,245796.43,77536.68,,44634.96,4.13,6,4
2025-04-27,7号线,19290.0,81526.7,9842.46,91369.15,29912.14,26068.17,,67205.37,24163.78,0.9836,16949.1,4.23,6,4
2025-04-27,8号线,24843.0,100424.74,5692.05,106116.79,39609.25,27699.77,18450.44,85759.46,20357.33,0.9544,23275.62,4.04,6,4
2025-04-27,9号线,70270.0,297091.32,39608.5,336699.82,120813.88,102450.83,33214.19,256478.9,80220.92,0.9945,108950.79,4.23,6,4
2025-04-27,14号线,54471.0,231260.38,14031.87,245292.25,81674.86,63312.47,32561.26,177548.59,67743.66,0.9754,55262.09,4.25,6,4
2025-04-27,21号线,74387.0,315086.13,27204.3,342290.42,91786.45,111692.53,35340.78,238819.77,103470.66,0.9983,101347.1,4.24,6,4
2025-04-28,1号线,50290.0,195962.19,25456.93,,60082.23,59001.08,27467.83,146551.14,74867.97,0.9549,35127.36,3.9,0,4
2025-04-28,2号线,44100.0,170458.35,22050.34,192508.69,52480.11,62578.07,27714.11,,49736.4,0.9854,30942.62,3.87,0,4
2025-04-28,3号线,43542.0,185880.23,21802.22,207682.45,62582.81,66058.84,20744.56,149386.21,58296.24,0.9598,35163.76,4.27,0,4
2025-04-28,4号线,33094.0,,14675.3,149904.07,37825.26,45092.75,21936.36,104854.37,45049.69,0.9652,38871.82,4.09,0,4
2025-04-28,5号线,11590.0,46134.59,4871.08,51005.67,13676.72,14755.36,6624.19,35056.27,15949.4,0.9796,18936.63,3.98,0,4
2025-04-28,6号线,20972.0,81490.4,4823.39,86313.79,28455.85,21740.5,15120.43,,20997.0,0.9806,,3.89,0,4
2025-04-28,7号线,34149.0,136485.44,15941.13,152426.57,54816.2,53166.47,24572.3,132554.97,19871.61,0.9747,32440.21,4.0,0,4
2025-04-28,8号线,21520.0,82771.23,4185.91,86957.14,33727.0,29877.17,10180.86,73785.03,13172.12,0.9945,38490.02,3.85,0,4
2025-04-28,9号线,33963.0,136239.8,13148.82,149388.63,49891.21,34073.1,22384.38,106348.69,,0.9505,41486.76,4.01,0,4
2025-04-28,14号线,15340.0,63440.94,5054.45,68495.39,21355.44,19957.06,6547.22,47859.72,20635.68,,8960.4,4.14,0,4
2025-04-28,21号线,72233.0,305550.31,25170.29,330720.6,108858.66,74652.57,37973.84,221485.08,109235.52,0.9975,125587.02,4.23,0,4
2025-04-29,1号线,41226.0,158291.6,8430.99,166722.59,66157.13,46132.28,18791.62,131081.03,35641.56,0.9581,45827.25,3.84,1,4
2025-04-29,2号线,59381.0,247547.17,21138.2,268685.37,100885.77,73569.25,36769.97,211225.0,57460.37,0.9575,81076.7,4.17,1,4
2025-04-29,3号线,45301.0,169980.09,19859.81,189839.89,73527.77,60639.68,21190.01,155357.47,34482.43,0.9969,72707.43,3.75,1,4
2025-04-29,4号线,41039.0,171125.35,13693.89,184819.24,61755.3,66888.99,26714.72,155359.01,29460.23,0.9953,28566.83,4.17,1,4
2025-04-29,5号线,72255.0,300560.09,,341112.23,109152.57,110889.42,48529.72,,72540.52,0.968,,4.16,1,4
2025-04-29,6号线,34330.0,143628.16,14448.5,158076.66,50017.69,,22212.42,134745.6,23331.06,0.957,61949.7,4.18,1,4
2025-04-29,7号线,,42842.06,5829.31,48671.38,14672.95,14418.99,6281.94,35373.88,13297.49,0.9946,5954.58,3.93,1,4
2025-04-29,8号线,55015.0,230025.61,14937.51,244963.12,78614.67,80578.09,,195225.51,49737.61,0.9508,50029.31,4.18,1,4
2025-04-29,9号线,66317.0,261786.88,20087.68,281874.56,84992.97,,28643.93,190199.38,91675.18,0.9534,129493.69,,1,4
2025-04-29,14号线,50435.0,205867.0,11122.54,216989.55,66193.17,72494.26,35265.6,173953.03,43036.52,0.9583,26963.97,,1,4
2025-04-29,21号线,63819.0,262508.0,,291367.58,123000.03,86387.03,35343.12,244730.18,46637.4,0.9859,104182.48,4.11,1,4
2025-04-30,1号线,57297.0,236568.47,17138.74,253707.21,74424.54,71389.71,30772.97,176587.22,77119.99,0.9983,111461.25,4.13,2,4
2025-04-30,2号线,49851.0,207603.81,27386.36,234990.17,81454.67,54477.77,23486.7,159419.14,75571.03,,71140.18,4.16,2,4
2025-04-30,3号线,19380.0,76680.8,8792.78,85473.58,32242.72,22354.07,11121.71,65718.5,19755.08,0.952,19350.25,3.96,2,4
2025-04-30,4号线,48521.0,183819.83,27376.9,211196.73,63935.32,76733.51,31825.56,172494.39,38702.34,,50620.41,3.79,2,4
2025-04-30,5号线,56451.0,223262.51,25804.17,249066.69,83331.17,74396.23,28852.0,186579.4,62487.29,0.9515,64943.14,3.95,2,4
2025-04-30,6号线,31306.0,130106.66,16212.36,146319.02,43072.55,54606.42,18726.29,116405.26,29913.76,0.9817,16505.68,4.16,2,4
2025-04-30,7号线,19702.0,82482.59,10247.81,92730.4,33182.85,23078.8,15392.31,71653.96,21076.43,0.9691,23060.79,4.19,2,4
2025-04-30,8号线,25814.0,106535.68,15362.17,121897.86,37644.05,47285.65,18824.99,103754.69,18143.17,0.951,38879.5,4.13,2,4
2025-04-30,9号线,72072.0,296310.74,27661.94,323972.68,83934.75,103453.49,51543.98,238932.22,85040.47,0.9589,117861.17,4.11,2,4
2025-04-30,14号线,48988.0,207588.74,27708.91,235297.65,74581.9,60441.92,27500.33,162524.15,72773.5,,29026.39,4.24,2,4
2025-04-30,21号线,34875.0,135287.91,9612.74,144900.64,43244.11,49207.57,21950.27,114401.94,30498.7,0.9797,36914.22,3.88,2,4
2025-05-01,1号线,,217796.85,24694.14,242490.99,74427.18,70425.37,26123.43,170975.98,71515.01,0.9663,47951.89,3.89,3,5
2025-05-01,2号线,47622.0,195632.15,16660.72,212292.87,60444.56,,35886.33,182391.91,29900.96,0.9594,64459.5,4.11,3,5
2025-05-01,3号线,44925.0,161247.35,14344.98,175592.33,66255.99,60843.69,19787.45,146887.14,28705.19,0.9951,84153.94,3.59,3,5
2025-05-01,4号线,16745.0,65881.31,3583.76,69465.07,27735.67,21153.37,10943.75,59832.79,9632.28,0.9716,25149.33,3.93,3,5
2025-05-01,5号线,34906.0,142020.74,14110.79,156131.54,,44846.15,15649.75,112995.24,43136.3,0.9648,61537.97,4.07,3,5
2025-05-01,6号线,14796.0,63998.96,8541.74,72540.7,21602.34,20616.25,10608.43,52827.02,19713.69,0.9731,17668.49,,3,5
2025-05-01,7号线,28637.0,112825.92,7570.74,120396.66,35372.73,37534.62,21146.42,94053.77,26342.89,0.9887,34695.41,3.94,3,5
2025-05-01,8号线,40221.0,150514.62,22322.53,172837.15,55844.7,52395.81,29666.06,137906.56,34930.59,0.9351,54513.81,3.74,3,5
2025-05-01,9号线,28314.0,119879.47,12537.71,132417.17,34017.15,38726.78,21830.92,94574.84,37842.33,0.9797,22993.07,4.23,3,5
2025-05-01,14号线,26025.0,109455.96,12744.55,122200.51,36962.6,45328.72,19297.75,101589.07,20611.44,0.9718,14738.38,4.21,3,5
2025-05-01,21号线,75368.0,311789.67,45701.87,357491.54,81711.84,121729.96,38827.49,242269.29,115222.25,0.96,144776.39,4.14,3,5
2025-05-02,1号线,,139997.48,14753.37,154750.84,54861.5,45591.43,18450.82,118903.74,35847.1,0.9506,42629.96,,4,5
2025-05-02,2号线,11907.0,43626.88,,45977.92,15916.57,13293.07,4870.51,34080.15,11897.77,0.9641,11233.05,3.66,4,5
2025-05-02,3号线,66855.0,271512.13,21648.14,293160.27,85011.37,121470.98,,253635.48,39524.79,0.9919,106755.45,4.06,4,5
2025-05-02,4号线,29292.0,111847.45,5740.36,117587.81,45303.81,39077.32,20810.36,105191.48,12396.33,0.906,42573.93,3.82,4,5
2025-05-02,5号线,16880.0,69256.54,4697.21,73953.74,28243.71,,9091.0,58482.24,15471.5,0.9699,12741.53,4.1,4,5
2025-05-02,6号线,53094.0,219171.85,20556.8,,87056.5,66078.37,24447.03,177581.91,62146.74,0.9862,41301.93,4.13,4,5
2025-05-02,7号线,69381.0,256084.49,15635.02,271719.51,113720.02,80866.59,,223610.94,48108.57,0.9795,114740.92,3.69,4,5
2025-05-02,8号线,57767.0,246418.38,22662.42,269080.8,95333.06,64547.85,,202486.98,66593.82,0.9961,,4.27,4,5
2025-05-02,9号线,14741.0,56876.06,3928.74,60804.8,20563.62,15100.26,7238.49,42902.37,17902.43,0.9934,15849.44,3.86,4,5
2025-05-02,14号线,16131.0,64385.48,5236.62,69622.11,24923.12,23040.25,8690.58,56653.95,12968.16,0.999,16685.58,3.99,4,5
2025-05-02,21号线,,112196.42,8458.31,120654.73,44799.84,36252.63,,101111.67,19543.05,0.9661,38970.9,3.8,4,5
2025-05-03,1号线,20369.0,80959.43,8826.63,89786.06,24284.04,31111.5,14893.03,70288.57,19497.49,0.9753,22364.39,3.97,5,5
2025-05-03,2号线,16329.0,65687.46,3861.54,69549.01,26949.68,23271.85,11005.64,61227.18,8321.83,0.9797,15288.78,4.02,5,5
2025-05-03,3号线,67075.0,279683.31,16210.9,295894.21,100031.47,92740.94,47400.42,240172.83,55721.38,0.9842,70756.89,4.17,5,5
2025-05-03,4号线,33780.0,127149.43,16751.92,143901.34,50755.64,50440.55,18619.8,119815.99,24085.35,0.9965,61984.57,3.76,5,5
2025-05-03,5号线,,116631.68,14673.12,131304.8,41370.53,45061.86,16532.24,102964.63,28340.17,0.9634,24213.76,4.41,5,5
2025-05-03,6号线,70971.0,283384.68,22873.39,306258.07,102106.76,,40345.28,216083.09,90174.98,0.9619,44128.47,3.99,5,5
2025-05-03,7号线,16376.0,63083.7,4809.88,67893.59,26239.55,23362.04,10619.11,60220.69,7672.89,0.9701,28575.08,3.85,5,5
2025-05-03,8号线,12689.0,51312.4,6586.23,,18007.95,16957.77,10200.87,45166.59,12732.05,,11351.29,4.04,5,5
2025-05-03,9号线,54085.0,217493.77,23349.8,240843.57,94115.22,65768.79,27179.77,,53779.78,0.9845,105586.75,4.02,5,5
2025-05-03,14号线,74699.0,320527.52,28802.59,349330.11,103265.71,124118.31,33762.45,261146.47,88183.63,0.9654,136456.01,4.29,5,5
2025-05-03,21号线,28534.0,118993.43,11761.8,130755.23,37039.37,36956.97,23191.06,97187.4,33567.83,0.9502,54120.35,4.17,5,5
2025-05-04,1号线,15790.0,60950.95,3907.32,64858.27,23962.54,20259.82,8384.71,52607.06,12251.2,0.9843,8318.45,3.86,6,5
2025-05-04,2号线,82967.0,346729.33,26089.39,372818.72,120349.13,113201.02,46346.4,,92922.17,0.96,53337.72,4.18,6,5
2025-05-04,3号线,86467.0,340273.33,37229.46,377502.79,143986.14,121852.68,51257.81,317096.63,,0.9561,148299.89,3.94,6,5
2025-05-04,4号线,56812.0,223204.3,13878.09,237082.4,92418.75,68859.78,23280.26,184558.79,52523.61,0.9856,100157.18,,6,5
2025-05-04,5号线,73964.0,325642.11,20264.34,345906.45,143259.07,108197.24,59320.48,,35129.66,0.9627,133479.34,4.4,6,5
2025-05-04,6号线,72431.0,278442.08,38648.01,317090.09,112412.26,87724.77,33083.01,233220.04,83870.05,0.9862,76015.81,3.84,6,5
2025-05-04,7号线,26231.0,107111.0,12637.35,119748.35,43925.13,34205.05,20537.74,98667.92,21080.43,0.9625,48312.47,4.08,6,5
2025-05-04,8号线,46579.0,175281.36,18025.1,,80210.92,55213.36,26740.04,162164.32,31142.13,0.974,80002.71,3.76,6,5
2025-05-04,9号线,14906.0,63916.63,7390.22,71306.85,19090.44,20930.76,7766.33,47787.53,23519.32,0.9975,25466.24,4.29,6,5
2025-05-04,14号线,65324.0,272007.01,15986.78,287993.79,121608.55,92610.74,30696.1,244915.39,43078.4,0.9916,110949.37,4.16,6,5
2025-05-04,21号线,74147.0,295607.59,31091.39,326698.99,105346.21,126280.22,33688.69,265315.13,61383.86,0.9525,49925.77,3.99,6,5
2025-05-05,1号线,22732.0,98249.04,14039.26,112288.3,38239.82,,13935.34,79622.52,32665.78,0.9942,22265.36,4.32,0,5
2025-05-05,2号线,,151778.36,9451.4,161229.76,64567.97,49814.83,27866.27,142249.07,18980.69,0.9943,66759.51,4.16,0,5
2025-05-05,3号线,43646.0,168038.47,22093.56,190132.03,53962.34,60403.73,17081.73,131447.8,58684.23,0.9537,33279.87,3.85,0,5
2025-05-05,4号线,68779.0,273735.0,35964.01,309699.01,82594.42,90872.58,39853.75,213320.74,96378.27,0.9946,128664.49,3.98,0,5
2025-05-05,5号线,72716.0,,36635.32,,89102.69,131321.53,56522.04,,68037.61,0.9572,61769.21,4.24,0,5
2025-05-05,6号线,17423.0,63471.07,6846.74,70317.8,19041.95,21228.05,7082.4,47352.4,22965.4,0.9943,,3.64,0,5
2025-05-05,7号线,,76934.21,6376.66,83310.86,24977.4,22087.81,13303.97,60369.18,22941.68,0.9785,30884.51,4.13,0,5
2025-05-05,8号线,65315.0,234662.84,13842.25,248505.09,78588.22,105724.18,44618.48,228930.89,19574.21,0.9553,66514.92,3.59,0,5
2025-05-05,9号线,43026.0,158807.23,12003.97,170811.19,50159.2,64004.43,16988.97,131152.61,39658.58,0.8805,57722.79,3.69,0,5
2025-05-05,14号线,60485.0,246436.17,16370.71,262806.87,95495.6,77927.21,43571.74,216994.54,45812.33,0.953,31946.75,4.07,0,5
2025-05-05,21号线,15800.0,61708.74,3887.47,65596.21,21950.52,22008.94,7802.9,51762.36,13833.85,0.9849,29328.79,3.91,0,5
2025-05-06,1号线,63464.0,272447.2,21594.51,294041.71,92234.3,,46698.93,245280.04,48761.68,0.9654,125494.15,4.29,1,5
2025-05-06,2号线,44341.0,168426.77,12052.77,180479.54,62361.59,67596.34,29251.52,159209.46,21270.08,0.9905,77981.74,3.8,1,5
2025-05-06,3号线,76826.0,308723.42,23113.87,331837.29,93444.62,98692.51,48324.14,240461.27,,0.9628,44426.75,4.02,1,5
2025-05-06,4号线,55046.0,226856.51,14773.88,,69566.73,102775.92,44566.18,216908.82,24721.57,0.9598,31030.43,,1,5
2025-05-06,5号线,14543.0,60635.12,7366.29,,21809.38,18162.29,9468.88,49440.54,18560.87,0.9935,26252.42,4.17,1,5
2025-05-06,6号线,93937.0,357842.85,53390.05,411232.89,119301.24,153962.73,35986.54,309250.51,101982.38,0.9936,78677.93,3.81,1,5
2025-05-06,7号线,26379.0,100254.63,8756.88,109011.51,38135.69,25568.81,13671.0,77375.51,31636.01,0.9557,,3.8,1,5
2025-05-06,8号线,21278.0,83383.76,8919.6,92303.36,24011.69,30029.91,12637.2,66678.8,25624.56,0.9655,40070.67,3.92,1,5
2025-05-06,9号线,80283.0,323934.08,20428.08,344362.15,92636.62,113935.37,58500.97,265072.96,79289.2,0.9939,64108.11,4.03,1,5
2025-05-06,14号线,28574.0,118177.84,7091.43,125269.27,47963.4,44676.93,18119.03,110759.37,14509.91,0.9547,21687.27,4.14,1,5
2025-05-06,21号线,84355.0,294237.3,15611.3,309848.6,117494.14,80314.68,47844.74,245653.56,64195.03,0.9968,88362.3,3.49,1,5
2025-05-07,1号线,10702.0,43835.26,4523.68,48358.94,14725.8,16515.34,4909.56,36150.69,12208.24,0.9879,19969.06,4.1,2,5
2025-05-07,2号线,,321085.49,39384.5,360469.99,124975.93,106333.27,57333.59,288642.8,71827.19,0.9727,97078.48,4.01,2,5
2025-05-07,3号线,28383.0,111128.75,5624.04,116752.79,34271.63,35067.53,18891.77,88230.94,28521.86,0.9925,54997.04,3.92,2,5
2025-05-07,4号线,75596.0,275468.65,15306.1,290774.75,79522.89,107683.25,,,57436.59,0.9668,71341.46,3.64,2,5
2025-05-07,5号线,75493.0,288792.73,33588.41,322381.14,111437.06,109077.94,48860.29,269375.29,53005.85,0.9701,146152.58,3.83,2,5
2025-05-07,6号线,25327.0,108978.44,15546.4,124524.83,38922.92,35833.74,11018.03,85774.68,38750.16,0.996,47422.22,4.3,2,5
2025-05-07,7号线,21412.0,83105.86,9858.43,92964.29,24989.5,28911.07,14413.74,68314.31,24649.98,0.9551,34387.09,3.88,2,5
2025-05-07,8号线,14010.0,55459.1,3202.68,58661.78,17702.0,23225.05,8682.48,49609.53,9052.25,0.9593,,3.96,2,5
2025-05-07,9号线,52165.0,199193.86,14732.57,213926.44,,52713.5,22487.74,145622.94,68303.5,0.9913,52223.21,,2,5
2025-05-07,14号线,72189.0,282998.54,14708.34,297706.88,75660.1,102989.72,47653.67,226303.49,71403.39,0.9922,71746.14,3.92,2,5
2025-05-07,21号线,15792.0,65126.47,8773.56,73900.03,23549.65,27428.94,12815.67,63794.26,10105.78,0.9774,18627.01,4.12,2,5
2025-05-08,1号线,,269838.57,31819.3,301657.87,106801.18,,33624.56,219479.26,82178.6,0.9921,82423.85,3.75,3,5
2025-05-08,2号线,19427.0,81833.34,8779.56,90612.9,,26804.54,9028.62,60605.9,30007.0,0.9984,30808.97,,3,5
2025-05-08,3号线,67674.0,280713.45,32402.93,313116.38,,129134.38,36968.43,258091.4,55024.98,0.9887,87504.43,4.15,3,5
2025-05-08,4号线,53042.0,221876.08,31675.98,253552.06,94932.54,73319.42,24745.65,192997.61,60554.45,0.9937,47481.3,4.18,3,5
2025-05-08,5号线,,230594.69,18367.09,248961.77,85104.47,84416.99,41658.37,211179.84,37781.93,0.9513,64676.56,,3,5
2025-05-08,6号线,28550.0,110254.73,7682.44,117937.17,43732.0,39012.9,13328.04,96072.93,21864.24,0.9896,15308.49,3.86,3,5
2025-05-08,7号线,70764.0,293461.48,30026.48,323487.97,105776.24,,48154.59,230581.17,,0.9755,78221.41,4.15,3,5
2025-05-08,8号线,,115213.36,7945.06,123158.43,30041.4,43887.03,12965.9,86894.32,36264.1,0.9701,37971.95,4.07,3,5
2025-05-08,9号线,63253.0,246852.46,30214.35,277066.82,91383.12,80263.86,47407.33,219054.31,58012.5,0.9836,34698.26,3.9,3,5
2025-05-08,14号线,41485.0,171761.07,,,45524.15,64454.95,31046.77,141025.87,40248.4,0.9626,67130.14,4.14,3,5
2025-05-08,21号线,26801.0,105074.14,7213.46,112287.59,35221.83,45665.73,16985.02,97872.58,14415.01,0.9871,39909.33,3.92,3,5
2025-05-09,1号线,25699.0,97834.34,13204.46,,35170.98,36971.2,12613.61,84755.79,26283.01,0.9977,42658.14,3.81,4,5
2025-05-09,2号线,19723.0,76648.01,7458.12,84106.13,34325.88,26925.21,8252.08,,14602.96,0.988,20186.34,3.89,4,5
2025-05-09,3号线,21631.0,77510.42,8361.01,85871.43,22076.36,27940.24,12240.97,62257.57,23613.86,0.9816,21125.72,3.58,4,5
2025-05-09,4号线,,174370.34,23578.99,197949.33,65463.22,60361.41,19225.8,145050.43,52898.9,0.9835,34470.75,3.86,4,5
2025-05-09,5号线,14945.0,59967.81,4507.57,64475.38,17570.26,18589.25,,42932.3,21543.08,,,4.01,4,5
2025-05-09,6号线,40183.0,152071.14,,172426.39,55312.92,51727.82,27109.04,134149.78,38276.62,0.9973,34950.45,,4,5
2025-05-09,7号线,50027.0,214234.05,16639.99,230874.03,54123.39,74475.65,30991.08,159590.12,71283.91,0.9674,71145.2,4.28,4,5
2025-05-09,8号线,41927.0,157011.01,,177572.97,54400.25,52114.64,23761.95,130276.84,47296.13,0.9759,58939.76,3.74,4,5
2025-05-09,9号线,33444.0,131236.77,13258.36,144495.13,47307.92,49882.12,21182.19,118372.22,26122.91,0.9617,63941.2,3.92,4,5
2025-05-09,14号线,38272.0,138749.47,11000.55,149750.02,56595.15,49012.2,16117.36,121724.71,28025.31,0.9896,26625.07,3.63,4,5
2025-05-09,21号线,31805.0,132893.23,14842.66,147735.89,44703.91,44383.12,16380.35,105467.37,42268.52,0.9992,46197.93,,4,5
2025-05-10,1号线,76014.0,333267.26,32217.46,,93261.19,128758.98,38958.01,260978.19,104506.53,0.969,91097.31,4.38,5,5
2025-05-10,2号线,40408.0,154961.81,22890.77,177852.58,42810.84,58573.5,25025.31,126409.66,51442.93,0.9737,78913.62,3.83,5,5
2025-05-10,3号线,36826.0,152519.52,8433.92,160953.43,69546.92,52225.84,16820.35,138593.11,22360.32,0.9545,24678.62,4.14,5,5
2025-05-10,4号线,16999.0,65526.21,7539.35,73065.56,,21984.09,11637.6,51072.72,21992.84,0.9504,26187.4,3.85,5,5
2025-05-10,5号线,36968.0,134253.59,19892.72,154146.31,45750.61,49126.63,24480.51,119357.75,34788.55,0.955,61560.85,3.63,5,5
2025-05-10,6号线,38157.0,154679.14,22119.22,176798.36,65725.65,55667.61,16669.34,138062.6,38735.76,0.9695,61479.09,,5,5
2025-05-10,7号线,11255.0,45351.62,5572.09,50923.72,17501.01,15573.3,5514.69,38589.0,12334.72,0.9607,15721.29,4.03,5,5
2025-05-10,8号线,75678.0,299211.53,27238.35,326449.88,107708.19,72502.88,42710.97,,,0.9628,139008.69,3.95,5,5
2025-05-10,9号线,36844.0,146214.22,11867.96,158082.18,53373.18,62263.68,17629.41,133266.28,24815.9,0.9734,73089.98,3.97,5,5
2025-05-10,14号线,46286.0,198903.87,16188.38,215092.24,78583.09,67797.23,26876.28,173256.6,41835.64,0.971,36207.78,4.3,5,5
2025-05-10,21号线,27013.0,106561.16,12303.89,118865.05,31252.94,45008.78,18121.94,94383.66,24481.39,0.9564,17210.56,,5,5
2025-05-11,1号线,55984.0,220582.01,28526.32,249108.32,60487.43,80170.96,33098.22,173756.61,75351.72,0.9662,56644.79,3.94,6,5
2025-05-11,2号线,46591.0,181736.11,21011.41,202747.52,63594.29,47782.15,21700.27,133076.71,69670.81,0.9664,60832.99,3.9,6,5
2025-05-11,3号线,21032.0,85831.03,7186.89,93017.91,31313.33,28147.48,15233.53,74694.34,18323.57,0.9804,15331.9,4.08,6,5
2025-05-11,4号线,66814.0,261354.09,37934.6,299288.68,106159.97,100542.9,48336.86,255039.74,44248.94,0.9968,120449.38,3.91,6,5
2025-05-11,5号线,21610.0,94286.93,10127.94,104414.87,36791.2,36768.97,12379.36,85939.53,18475.34,0.9728,17470.48,4.36,6,5
2025-05-11,6号线,23638.0,,13861.52,108755.51,29627.46,40250.07,14623.81,,,0.9564,25358.07,4.01,6,5
2025-05-11,7号线,27107.0,110180.45,13703.55,123884.0,39391.79,38517.38,13556.84,91466.01,32417.99,0.9634,54161.08,4.06,6,5
2025-05-11,8号线,71656.0,291429.5,18732.65,310162.15,78720.19,108608.46,,244799.78,65362.37,0.9787,,4.07,6,5
2025-05-11,9号线,52220.0,206631.95,27528.04,234159.99,70436.78,72799.12,34694.27,177930.17,56229.83,0.9634,76704.64,3.96,6,5
2025-05-11,14号线,51623.0,206045.16,18041.08,224086.24,81481.54,55262.28,28187.42,164931.24,59155.0,0.9633,35830.05,3.99,6,5
2025-05-11,21号线,41929.0,158809.53,21062.42,179871.95,40937.87,59276.02,,125252.97,54618.99,0.9731,70717.8,3.79,6,5
2025-05-12,1号线,,121733.03,7131.64,128864.67,47319.29,39348.75,16534.99,103203.03,25661.64,0.9985,56598.72,4.06,0,5
2025-05-12,2号线,,186069.3,11846.94,197916.24,61615.58,59136.28,22657.02,143408.89,54507.35,0.9853,67407.95,4.2,0,5
2025-05-12,3号线,34714.0,144709.86,13469.85,158179.71,42230.74,60398.83,20272.96,122902.53,35277.17,0.9898,37559.84,4.17,0,5
2025-05-12,4号线,32080.0,,9638.99,142358.16,50314.02,39760.77,14123.11,104197.9,38160.26,0.9604,32204.17,4.14,0,5
2025-05-12,5号线,59795.0,263744.89,34463.93,298208.83,80107.51,,48531.1,247157.29,51051.53,0.9827,63600.3,4.41,0,5
2025-05-12,6号线,79382.0,319377.73,26232.16,345609.89,122269.7,82224.44,59530.64,264024.78,81585.11,0.9758,134097.38,4.02,0,5
2025-05-12,7号线,36182.0,146775.51,20493.19,167268.71,44586.17,53510.06,21495.55,119591.78,47676.93,0.9914,71308.82,4.06,0,5
2025-05-12,8号线,40247.0,164591.69,9113.4,173705.08,48614.66,56456.97,,132283.11,41421.98,0.979,60074.59,4.09,0,5
2025-05-12,9号线,34624.0,143710.44,11443.23,155153.67,50212.11,53740.49,,127318.49,27835.18,0.9653,41722.97,4.15,0,5
2025-05-12,14号线,50453.0,213302.98,24794.98,238097.96,69884.19,63833.62,27503.4,161221.2,76876.76,0.9841,73463.92,4.23,0,5
2025-05-12,21号线,47657.0,182881.1,21446.7,204327.79,68893.88,54825.25,25807.47,149526.59,,,44213.24,3.84,0,5
2025-05-13,1号线,57066.0,230854.02,14075.72,244929.74,77730.09,105444.22,41817.07,224991.39,19938.35,0.9672,31520.91,4.05,1,5
2025-05-13,2号线,70008.0,282207.39,24871.24,307078.63,101386.6,76987.93,30632.68,209007.2,98071.43,0.9536,101639.38,,1,5
2025-05-13,3号线,49060.0,203342.47,,215333.73,74523.04,67395.53,28282.41,170200.99,45132.75,0.9638,59388.5,4.14,1,5
2025-05-13,4号线,65042.0,287845.59,18035.15,305880.74,98217.31,107635.44,39867.06,245719.81,60160.93,0.9799,123820.55,4.43,1,5
2025-05-13,5号线,54828.0,215816.56,26030.12,241846.68,79931.57,53896.05,37512.84,171340.47,70506.21,0.9913,74821.57,3.94,1,5
2025-05-13,6号线,22324.0,92701.79,6504.93,99206.71,33057.08,38502.09,17990.05,89549.23,9657.49,0.9679,41790.48,4.15,1,5
2025-05-13,7号线,46795.0,183170.13,14259.47,197429.6,51007.84,,28625.75,150325.16,47104.44,,82548.36,3.91,1,5
2025-05-13,8号线,18334.0,79582.03,5239.47,84821.5,25978.87,37321.3,10129.38,,11391.95,0.9842,11511.69,4.34,1,5
2025-05-13,9号线,64330.0,260457.9,20448.54,,86825.52,90004.81,30729.98,207560.32,73346.12,0.9617,103183.82,4.05,1,5
2025-05-13,14号线,15170.0,60784.24,8364.11,69148.35,20138.04,21211.63,10447.98,51797.66,17350.7,0.9966,10031.13,4.01,1,5
2025-05-13,21号线,32256.0,127053.16,13758.2,140811.36,32029.14,46027.43,13903.12,91959.69,48851.66,0.9877,30369.74,3.94,1,5
2025-05-14,1号线,19455.0,76546.7,5759.74,82306.44,25004.94,27664.69,14449.79,67119.42,15187.02,0.9809,31661.55,3.93,2,5
2025-05-14,2号线,66981.0,-247821.73,32563.38,280385.11,100761.38,84315.07,37543.69,222620.13,,0.9575,117479.56,3.7,2,5
2025-05-14,3号线,18556.0,75384.9,5292.15,80677.05,31588.14,24981.59,7883.04,64452.76,16224.29,0.9738,10669.22,4.06,2,5
2025-05-14,4号线,37778.0,140567.87,19903.71,160471.58,53689.11,42926.41,15355.93,111971.45,48500.13,0.9763,23613.76,3.72,2,5
2025-05-14,5号线,46925.0,188828.06,22626.0,211454.06,86280.06,61147.29,36011.73,183439.08,28014.99,0.9914,63562.81,4.02,2,5
2025-05-14,6号线,57135.0,211707.8,20494.6,232202.41,59995.46,74339.77,26646.4,160981.62,71220.78,0.9962,92680.63,,2,5
2025-05-14,7号线,71706.0,280313.68,29299.48,309613.16,106167.88,104786.86,38320.98,249275.72,,0.9661,37943.43,3.91,2,5
2025-05-14,8号线,71044.0,291198.03,34098.78,325296.81,115896.64,101151.81,52220.92,269269.37,56027.44,0.9757,74242.46,4.1,2,5
2025-05-14,9号线,13174.0,,6021.37,63603.43,21868.22,19743.84,10144.09,51756.15,11847.29,0.965,13684.44,4.37,2,5
2025-05-14,14号线,50646.0,206697.26,19003.54,225700.79,60803.53,78764.55,30339.81,169907.89,55792.91,0.9881,61891.12,4.08,2,5
2025-05-14,21号线,42697.0,163153.86,14513.4,177667.26,,45201.61,16614.27,114510.46,63156.8,0.9715,65608.65,3.82,2,5
2025-05-15,1号线,42638.0,165893.68,15156.79,181050.47,74282.69,51516.94,32439.08,158238.71,22811.75,0.9741,64427.69,3.89,3,5
2025-05-15,2号线,20606.0,82791.6,10904.36,93695.96,34579.56,26624.35,,,,0.9662,25179.82,4.02,3,5
2025-05-15,3号线,73333.0,314110.22,31638.42,345748.64,116709.23,78075.89,43868.83,238653.95,107094.69,0.9991,78042.79,4.28,3,5
2025-05-15,4号线,20571.0,82457.99,9162.85,91620.84,34355.61,24206.58,9438.59,68000.78,23620.07,0.9882,11010.7,4.01,3,5
2025-05-15,5号线,44333.0,179233.86,,199404.06,68587.25,,19322.3,160801.31,38602.74,0.9607,67925.5,,3,5
2025-05-15,6号线,21061.0,80768.24,7713.46,88481.69,26765.63,35490.54,12693.86,74950.03,13531.67,0.9639,40326.44,3.83,3,5
2025-05-15,7号线,47610.0,175652.62,20558.43,196211.06,52176.65,70496.2,31659.95,154332.8,41878.25,0.967,64199.62,3.69,3,5
2025-05-15,8号线,72313.0,321906.47,46993.3,368899.78,104405.21,102740.59,42950.25,250096.06,118803.72,0.9761,120652.99,4.45,3,5
2025-05-15,9号线,33492.0,142176.19,9544.15,151720.34,51637.27,35425.56,22134.33,109197.16,42523.18,0.9777,62325.21,4.25,3,5
2025-05-15,14号线,54613.0,220898.61,23260.08,244158.69,82571.04,83330.13,39844.63,205745.8,38412.89,0.9542,55123.48,4.04,3,5
2025-05-15,21号线,58897.0,260522.67,22796.79,283319.46,69542.96,95491.25,51543.28,216577.49,66741.97,0.9937,107836.67,4.42,3,5
2025-05-16,1号线,47628.0,185032.05,26063.81,211095.87,65247.91,77622.32,21216.35,164086.58,47009.28,0.9895,65392.35,3.88,4,5
2025-05-16,2号线,35749.0,149925.61,9243.58,159169.19,67802.26,51168.12,29927.35,148897.73,10271.46,0.9694,50749.58,4.19,4,5
2025-05-16,3号线,34525.0,138231.43,19898.15,,43150.86,45689.42,19717.19,108557.47,49572.11,0.972,44163.66,4.0,4,5
2025-05-16,4号线,,85797.94,9037.39,94835.33,27625.82,38978.68,15367.39,81971.9,12863.43,0.9683,33880.42,3.63,4,5
2025-05-16,5号线,61251.0,234967.82,12179.53,247147.35,85019.55,69242.73,39320.0,193582.28,53565.07,0.9655,79128.01,3.84,4,5
2025-05-16,6号线,60030.0,243891.34,15092.95,258984.29,81269.84,94495.09,25153.05,200917.97,58066.32,0.956,40815.01,4.06,4,5
2025-05-16,7号线,20293.0,84241.47,4444.83,88686.3,38044.37,29318.44,8453.67,75816.48,12869.82,,17365.17,4.15,4,5
2025-05-16,8号线,72010.0,288952.53,,306682.72,128735.62,95687.25,56217.26,280640.12,26042.6,0.9816,113784.24,4.01,4,5
2025-05-16,9号线,51862.0,208993.67,14038.76,223032.43,56858.68,80795.67,40151.0,177805.35,45227.08,0.9925,31895.57,4.03,4,5
2025-05-16,14号线,32478.0,129698.46,7456.94,137155.4,42792.31,58597.97,19693.51,121083.8,16071.6,0.997,49995.46,3.99,4,5
2025-05-16,21号线,27638.0,112109.35,14458.39,126567.74,,35048.72,,98208.41,28359.33,0.9618,50169.87,4.06,4,5
2025-05-17,1号线,28829.0,113064.98,14013.48,127078.45,35170.53,45456.98,18512.18,99139.7,27938.75,0.9819,51043.77,3.92,5,5
2025-05-17,2号线,69759.0,278169.75,40426.2,,106632.98,92654.58,51930.78,251218.34,67377.61,0.9502,39067.1,3.99,5,5
2025-05-17,3号线,66035.0,275479.41,22678.71,298158.12,86568.53,104921.47,35796.15,227286.15,70871.97,0.9683,104964.98,4.17,5,5
2025-05-17,4号线,73416.0,311773.41,41765.93,353539.34,110160.26,116880.59,60907.19,,65591.31,0.9589,98434.95,4.25,5,5
2025-05-17,5号线,28707.0,117269.93,9724.89,126994.82,39387.08,52624.93,18352.84,110364.85,16629.98,0.9853,30929.68,4.09,5,5
2025-05-17,6号线,10997.0,45771.52,3178.04,48949.56,20671.68,14083.08,5896.37,40651.13,8298.43,0.9801,15560.45,4.16,5,5
2025-05-17,7号线,74714.0,307808.0,20963.66,328771.66,106623.49,102915.76,57325.56,266864.8,,0.9813,128915.47,4.12,5,5
2025-05-17,8号线,70399.0,263372.56,36415.17,299787.73,77221.77,90877.29,48889.85,216988.91,82798.82,0.9679,45655.8,3.74,5,5
2025-05-17,9号线,48909.0,191681.97,11621.79,203303.76,74796.51,53863.86,22423.71,151084.09,52219.67,0.9582,28454.47,3.92,5,5
2025-05-17,14号线,23137.0,95544.66,12760.9,108305.55,26031.74,38460.75,,79450.58,28854.97,0.9973,12681.32,4.13,5,5
2025-05-17,21号线,14405.0,55141.08,4581.72,59722.8,20085.71,19415.05,8392.88,47893.64,11829.15,0.9603,21351.77,3.83,5,5
2025-05-18,1号线,13714.0,55576.35,3727.78,59304.13,22315.54,16605.28,7568.39,46489.21,12814.91,0.9962,24296.24,4.05,6,5
2025-05-18,2号线,57895.0,232328.63,27366.24,259694.87,71367.32,80260.63,39734.53,191362.49,68332.39,0.9618,69005.39,4.01,6,5
2025-05-18,3号线,78376.0,316274.9,20851.88,337126.78,106213.24,117658.74,47773.8,271645.78,65481.0,0.9962,135174.78,4.04,6,5
2025-05-18,4号线,32137.0,127605.54,13240.97,140846.51,51816.5,48095.54,14550.44,114462.47,26384.03,0.955,31436.33,3.97,6,5
2025-05-18,5号线,14630.0,58756.05,6238.46,64994.51,19123.2,16817.89,9332.3,45273.39,19721.11,0.9863,24657.75,4.02,6,5
2025-05-18,6号线,73742.0,317069.16,18808.98,335878.15,85558.53,123535.94,46626.34,255720.8,80157.34,,92639.51,4.3,6,5
2025-05-18,7号线,75801.0,292530.13,27236.35,319766.48,91578.52,107011.07,58110.73,256700.32,63066.16,0.9698,131310.87,3.86,6,5
2025-05-18,8号线,11296.0,43673.12,2618.41,46291.54,13523.34,15793.5,6908.15,,10066.55,0.9616,14829.44,3.87,6,5
2025-05-18,9号线,19177.0,77488.54,5193.54,82682.08,26167.18,33581.69,12980.45,72729.32,9952.76,0.9516,22893.55,4.04,6,5
2025-05-18,14号线,39181.0,162869.24,8239.22,,48518.45,53065.49,30470.11,132054.04,39054.42,,34313.26,4.16,6,5
2025-05-18,21号线,,-92028.23,10816.29,102844.53,41316.88,29129.73,9429.8,79876.41,22968.11,0.9847,46510.95,,6,5
2025-05-19,1号线,68684.0,271635.29,33295.94,304931.23,91478.64,79558.29,46233.3,217270.23,87661.0,0.9585,94175.49,3.95,0,5
2025-05-19,2号线,33284.0,133686.67,18312.39,151999.06,61817.88,44893.1,19136.33,125847.31,26151.75,0.9523,63959.2,4.02,0,5
2025-05-19,3号线,63080.0,246518.39,19421.2,265939.6,70828.02,86679.19,29192.62,186699.83,79239.76,0.9593,82929.85,3.91,0,5
2025-05-19,4号线,38784.0,156636.67,17250.53,173887.2,56533.07,47687.34,18364.9,122585.31,,0.977,59587.0,4.04,0,5
2025-05-19,5号线,61767.0,228652.69,29773.88,258426.58,85748.82,71897.68,40932.62,198579.12,59847.45,0.9782,,3.7,0,5
2025-05-19,6号线,,263245.71,21687.49,284933.19,82966.17,103900.11,26359.68,213225.96,71707.23,0.9864,67137.25,4.02,0,5
2025-05-19,7号线,66197.0,276722.82,20328.67,297051.49,92104.25,111452.78,52094.44,255651.47,41400.03,0.9589,79198.46,4.18,0,5
2025-05-19,8号线,59498.0,239502.88,,266718.66,82861.17,82855.05,28418.4,194134.62,72584.04,0.9599,72554.71,4.03,0,5
2025-05-19,9号线,84601.0,357641.18,51060.87,408702.04,110167.23,124478.32,59860.64,294506.19,114195.85,0.9786,73455.05,4.23,0,5
2025-05-19,14号线,65599.0,278893.99,15023.06,293917.05,89624.21,115614.28,46070.09,251308.58,42608.46,0.9969,109593.59,4.25,0,5
2025-05-19,21号线,58806.0,220952.21,17862.24,238814.46,90765.28,78610.31,23075.08,192450.67,46363.79,0.9718,77031.29,3.76,0,5
2025-05-20,1号线,65590.0,247017.96,,282441.81,103414.95,77746.52,35745.02,216906.49,65535.33,0.9566,,3.77,1,5
2025-05-20,2号线,35638.0,152113.2,13782.62,165895.81,56463.31,41796.66,22492.78,120752.75,45143.07,0.9948,52677.38,4.27,1,5
2025-05-20,3号线,27574.0,123357.7,16740.84,140098.54,41706.97,51696.2,19192.87,112596.04,27502.51,,47418.36,4.47,1,5
2025-05-20,4号线,23744.0,,8902.45,104487.36,29558.68,30864.66,16566.82,76990.17,27497.19,0.9804,18466.84,4.03,1,5
2025-05-20,5号线,14161.0,60508.27,8701.26,69209.53,22445.93,18754.38,9401.2,50601.51,18608.02,0.9885,14958.77,4.27,1,5
2025-05-20,6号线,14393.0,51188.39,,57070.16,19281.33,14160.55,6884.19,40326.08,16744.08,0.992,9820.85,3.56,1,5
2025-05-20,7号线,63911.0,266321.4,36725.52,303046.92,90314.83,73614.82,52191.72,216121.37,86925.54,0.961,112135.3,4.17,1,5
2025-05-20,8号线,,333828.1,25452.93,359281.04,104055.85,119374.97,59234.41,282665.23,,0.9968,76780.3,4.07,1,5
2025-05-20,9号线,33812.0,126734.12,16083.75,142817.87,,46128.51,16415.2,104917.36,37900.51,0.9604,36028.49,3.75,1,5
2025-05-20,14号线,17739.0,70024.43,9323.3,79347.74,20764.67,26678.03,11037.46,58480.16,20867.58,0.9798,32639.98,3.95,1,5
2025-05-20,21号线,24886.0,100392.61,10298.07,110690.67,34102.21,40290.31,15495.96,89888.49,20802.18,0.9514,,4.03,1,5
2025-05-21,1号线,74932.0,318017.85,42723.8,360741.66,101811.82,125960.35,48653.52,276425.69,84315.96,0.9578,104448.64,4.24,2,5
2025-05-21,2号线,14729.0,52863.61,6269.25,59132.86,15545.99,16455.21,5772.38,37773.58,21359.28,0.9847,,3.59,2,5
2025-05-21,3号线,67829.0,285617.45,22262.03,307879.48,79658.85,98069.22,34710.31,212438.38,95441.1,0.9972,79106.17,4.21,2,5
2025-05-21,4号线,28238.0,,14783.68,118330.25,32203.59,44674.54,14246.81,91124.94,27205.31,0.9854,23691.12,3.67,2,5
2025-05-21,5号线,52443.0,209837.68,24484.62,234322.3,89693.13,63359.47,32614.97,185667.57,48654.74,0.966,41855.02,4.0,2,5
2025-05-21,6号线,75477.0,,42329.37,336667.96,122540.36,84017.09,33089.17,239646.62,97021.33,0.952,,3.9,2,5
2025-05-21,7号线,53675.0,216609.0,22694.94,239303.94,69151.02,96820.64,,193741.85,45562.09,0.9702,58533.35,4.04,2,5
2025-05-21,8号线,39925.0,157627.12,21031.49,178658.61,49030.08,57363.57,,134765.7,43892.91,0.9937,23116.97,3.95,2,5
2025-05-21,9号线,81667.0,331964.54,47822.2,379786.74,143139.73,103662.01,37554.71,284356.45,95430.29,0.9556,127092.81,,2,5
2025-05-21,14号线,65151.0,246907.32,22145.91,269053.23,92367.25,86350.76,25520.58,204238.59,64814.63,0.9658,79865.69,3.79,2,5
2025-05-21,21号线,18265.0,70381.0,8118.89,78499.88,,23841.47,9048.09,59895.06,18604.82,0.955,36397.72,,2,5
2025-05-22,1号线,39699.0,153170.75,22120.53,175291.27,43806.98,57144.09,15644.69,116595.76,58695.51,0.8356,33845.11,3.86,3,5
2025-05-22,2号线,49318.0,213099.38,24286.13,237385.5,73595.12,69579.33,,165708.08,71677.43,0.9954,39376.7,4.32,3,5
2025-05-22,3号线,48565.0,184301.5,17011.29,201312.79,69449.01,66334.41,22639.94,158423.35,42889.44,0.9663,34011.89,3.79,3,5
2025-05-22,4号线,81196.0,,24598.73,351531.43,110324.35,150584.29,44942.55,305851.19,45680.25,0.9927,112300.94,4.03,3,5
2025-05-22,5号线,76940.0,,44502.47,368799.49,113202.32,120895.51,33997.32,268095.15,100704.34,0.9511,146502.24,4.21,3,5
2025-05-22,6号线,27354.0,116446.61,8406.46,124853.08,46146.87,40140.48,14726.94,101014.29,,0.9727,33895.45,4.26,3,5
2025-05-22,7号线,11507.0,43235.18,6347.94,49583.12,12975.74,17282.54,7240.51,37498.79,12084.33,0.9642,15960.89,3.76,3,5
2025-05-22,8号线,71903.0,291127.13,16609.8,307736.93,109595.02,88029.84,34987.65,232612.5,75124.43,0.9804,,4.05,3,5
2025-05-22,9号线,94146.0,402193.96,50058.7,452252.66,144397.47,117384.18,43126.22,304907.87,147344.79,0.995,177850.56,4.27,3,5
2025-05-22,14号线,10123.0,41094.4,5692.8,46787.2,14777.44,14993.92,4339.39,,12676.46,0.9526,,4.06,3,5
2025-05-22,21号线,47586.0,175905.12,17354.21,193259.34,60449.61,45115.96,25799.32,131364.89,61894.45,0.9682,94797.05,3.7,3,5
2025-05-23,1号线,72360.0,292715.07,21264.72,313979.79,98392.3,132669.22,37810.71,268872.22,45107.57,0.9856,116679.87,4.05,4,5
2025-05-23,2号线,85126.0,348551.37,51558.59,400109.96,113577.97,114099.41,65887.16,293564.53,106545.42,,156747.33,4.09,4,5
2025-05-23,3号线,52671.0,208283.54,26807.27,235090.81,61922.44,71858.93,32427.47,,68881.97,0.9732,85441.07,3.95,4,5
2025-05-23,4号线,64542.0,253587.03,18237.0,271824.03,96887.1,,35924.86,213976.91,57847.12,0.955,121860.46,3.93,4,5
2025-05-23,5号线,69833.0,270106.26,17166.36,287272.62,81851.65,87556.19,38480.35,207888.18,79384.44,0.9828,117170.21,3.87,4,5
2025-05-23,6号线,65733.0,88821.36,10466.95,99288.3,32191.4,26765.58,17700.45,76657.43,22630.87,0.9539,20056.29,4.05,4,5
2025-05-23,7号线,50514.0,196029.04,25882.6,221911.64,61216.57,78934.62,26034.69,166185.87,,0.9507,61754.55,3.88,4,5
2025-05-23,8号线,13073.0,52237.51,3608.14,55845.65,19278.04,18254.04,9187.34,46719.43,9126.22,0.9884,22282.77,4.0,4,5
2025-05-23,9号线,47573.0,196470.81,23520.3,219991.11,84013.43,,35181.23,175413.02,44578.09,0.8533,43840.51,4.13,4,5
2025-05-23,14号线,21781.0,85618.75,6445.67,92064.42,33252.61,,10709.23,73954.53,,0.9938,38731.18,3.93,4,5
2025-05-23,21号线,51702.0,197935.59,26732.87,224668.47,63265.54,94198.87,31567.87,189032.27,35636.2,0.9798,56017.81,3.83,4,5
2025-05-24,1号线,33756.0,123107.57,17339.64,140447.21,42815.09,44047.37,15672.07,102534.54,37912.67,0.9925,32674.71,3.65,5,5
2025-05-24,2号线,59280.0,221962.27,12407.92,234370.19,88830.73,86207.39,26898.7,,32433.38,0.9594,108915.66,3.74,5,5
2025-05-24,3号线,45393.0,193800.13,18051.42,211851.54,58373.26,79585.08,32398.88,170357.22,41494.32,0.9877,37746.67,4.27,5,5
2025-05-24,4号线,66002.0,257369.39,30858.21,288227.6,86638.45,89725.52,29108.85,205472.82,82754.78,0.9573,46838.81,3.9,5,5
2025-05-24,5号线,54594.0,203997.75,14496.13,218493.88,67077.02,79835.74,,170582.48,47911.41,0.9755,93980.39,3.74,5,5
2025-05-24,6号线,51417.0,,26247.46,228345.46,67945.61,82568.7,33744.77,184259.08,44086.38,0.973,86054.7,3.93,5,5
2025-05-24,7号线,53466.0,223947.86,18945.37,242893.23,73407.47,63945.22,33951.63,171304.32,,0.9743,64120.99,,5,5
2025-05-24,8号线,74461.0,307432.65,29392.63,336825.27,93042.88,135161.56,35282.08,263486.52,73338.76,0.866,,4.13,5,5
2025-05-24,9号线,60253.0,238818.3,26192.13,265010.44,72046.54,97655.21,40516.46,210218.21,54792.23,0.9561,53162.6,3.96,5,5
2025-05-24,14号线,37580.0,158270.29,16085.46,174355.76,58803.49,50432.91,24093.15,133329.55,41026.21,0.9855,51608.66,4.21,5,5
2025-05-24,21号线,78696.0,299306.78,26312.77,325619.56,132026.87,92956.57,39947.2,264930.63,60688.93,0.9552,79885.5,3.8,5,5
2025-05-25,1号线,60376.0,227926.6,12216.63,240143.24,82221.28,62965.48,23680.06,168866.82,71276.42,0.9679,111172.87,3.78,6,5
2025-05-25,2号线,32585.0,137614.07,15408.59,153022.66,48734.16,57861.87,18397.82,124993.85,28028.81,0.989,28184.54,4.22,6,5
2025-05-25,3号线,32188.0,128246.06,7414.03,135660.09,40329.48,42741.36,24592.89,107663.74,27996.36,0.9949,64264.77,3.98,6,5
2025-05-25,4号线,12362.0,49937.17,4172.21,54109.38,18488.83,20633.7,8696.76,47819.29,6290.09,0.968,20708.86,4.04,6,5
2025-05-25,5号线,28787.0,115721.19,16150.85,131872.04,45780.17,36271.61,,102480.65,29391.4,0.98,28736.92,4.02,6,5
2025-05-25,6号线,47504.0,180658.22,9206.08,189864.31,65354.09,77724.93,24914.34,167993.36,21870.95,0.9551,29273.43,3.8,6,5
2025-05-25,7号线,37600.0,141879.52,20085.76,161965.28,54748.93,54839.32,20208.44,129796.69,32168.6,0.9875,22927.08,3.77,6,5
2025-05-25,8号线,14529.0,53679.1,2796.18,56475.28,20290.33,14082.24,5767.26,40139.83,,0.99,28642.13,3.69,6,5
2025-05-25,9号线,,135520.69,19572.79,155093.49,35744.85,52762.98,,,50204.69,0.9575,60850.77,3.85,6,5
2025-05-25,14号线,68680.0,258068.03,26153.21,284221.23,79079.99,103638.2,38552.94,221271.12,62950.11,0.9803,84763.06,3.76,6,5
2025-05-25,21号线,45415.0,181900.76,23071.66,204972.42,54037.76,64008.95,28637.91,146684.62,58287.8,0.9762,31895.51,4.01,6,5
2025-05-26,1号线,70661.0,252798.47,15169.0,,113725.49,80081.03,45563.4,239369.92,28597.55,,106599.85,3.58,0,5
2025-05-26,2号线,34894.0,150479.36,10887.16,161366.52,62941.3,47590.26,23906.53,134438.1,26928.43,0.9911,38698.1,4.31,0,5
2025-05-26,3号线,32458.0,131024.66,13755.04,144779.7,59074.27,42898.13,18992.3,120964.7,23815.0,0.9591,37931.31,4.04,0,5
2025-05-26,4号线,67239.0,249528.51,35716.47,285244.98,68113.72,90578.83,33621.41,192313.96,92931.02,,45796.99,3.71,0,5
2025-05-26,5号线,59066.0,239389.08,17110.56,256499.64,79588.53,102377.03,47211.27,229176.83,27322.81,0.9874,54482.53,4.05,0,5
2025-05-26,6号线,67176.0,286809.51,28223.37,,96088.72,94166.28,32304.64,222559.65,92473.23,0.9985,77414.85,4.27,0,5
2025-05-26,7号线,46996.0,183864.47,22522.86,206387.33,46791.1,69275.82,24707.95,140774.87,65612.47,0.9821,36606.51,3.91,0,5
2025-05-26,8号线,40227.0,170261.97,13322.98,183584.95,50429.42,58092.48,26255.0,134776.9,48808.05,0.9532,79606.92,4.23,0,5
2025-05-26,9号线,57819.0,197883.97,14994.97,212878.95,60983.85,63025.47,39169.07,163178.38,49700.56,0.9747,94477.68,3.42,0,5
2025-05-26,14号线,,219444.74,17749.65,237194.39,70463.54,,37411.47,189582.09,47612.3,0.9843,82177.63,3.61,0,5
2025-05-26,21号线,15298.0,66821.39,7593.24,74414.63,,21698.31,10098.88,56462.84,17951.79,0.957,11243.28,4.37,0,5
2025-05-27,1号线,59919.0,251660.25,33533.46,285193.71,91906.97,67621.48,44206.7,203735.15,81458.56,0.993,31344.97,4.2,1,5
2025-05-27,2号线,92287.0,351306.72,50759.92,402066.65,110278.65,163558.4,46814.2,320651.26,81415.39,0.9566,63671.55,3.81,1,5
2025-05-27,3号线,24416.0,100342.26,8221.89,108564.14,40820.34,38094.19,18827.18,97741.71,10822.43,0.9629,15658.8,4.11,1,5
2025-05-27,4号线,17400.0,70066.4,9057.49,79123.89,21641.78,26816.48,12278.17,60736.43,18387.47,0.9934,9175.16,4.03,1,5
2025-05-27,5号线,27760.0,110781.85,7241.05,118022.9,37959.15,30697.97,11849.14,80506.25,37516.65,0.9783,33376.95,3.99,1,5
2025-05-27,6号线,78600.0,323478.57,30989.72,354468.29,141344.19,,,299840.1,54628.18,0.9512,45378.32,4.12,1,5
2025-05-27,7号线,23301.0,97717.13,11028.67,108745.8,35040.51,26267.16,15294.16,76601.82,32143.98,0.9705,40950.03,,1,5
2025-05-27,8号线,39846.0,166161.55,13642.09,,63137.86,59428.45,28327.0,150893.32,28910.32,0.9658,,4.17,1,5
2025-05-27,9号线,49935.0,182072.12,25279.47,,65940.25,49692.11,32886.04,148518.41,58833.18,0.9879,32276.42,3.65,1,5
2025-05-27,14号线,31619.0,136170.82,18459.69,154630.51,53972.09,54843.35,14941.4,123756.85,,,59253.63,4.31,1,5
2025-05-27,21号线,26863.0,103133.49,13709.4,116842.88,43110.3,35855.36,15195.91,94161.56,22681.32,0.9974,15880.65,3.84,1,5
2025-05-28,1号线,76715.0,277128.49,23781.69,300910.18,83193.9,106492.34,32474.87,222161.11,78749.07,0.9594,94629.95,3.61,2,5
2025-05-28,2号线,13137.0,53795.75,7950.88,61746.63,20584.27,17480.43,7289.67,45354.37,16392.26,0.952,11217.42,4.09,2,5
2025-05-28,3号线,65888.0,243445.42,13217.53,256662.95,87379.56,92562.89,43187.73,223130.18,33532.77,0.9716,75834.7,3.69,2,5
2025-05-28,4号线,56658.0,231218.76,17080.15,248298.91,65592.8,81703.88,27849.06,,73153.17,0.9827,65556.01,4.08,2,5
2025-05-28,5号线,25214.0,102470.5,13419.35,115889.85,36826.6,25409.75,14119.26,76355.62,39534.23,0.9921,45277.15,4.06,2,5
2025-05-28,6号线,73231.0,306081.71,35598.95,341680.66,120561.19,99403.68,47104.82,267069.69,74610.98,0.9944,125536.07,4.18,2,5
2025-05-28,7号线,60475.0,,16661.12,257969.13,100538.36,68003.54,,214352.91,43616.23,0.9855,91664.37,3.99,2,5
2025-05-28,8号线,75292.0,325901.7,41430.36,367332.06,139980.24,110656.95,55284.2,,61410.67,0.9528,128107.74,4.33,2,5
2025-05-28,9号线,81724.0,333529.54,49671.1,383200.64,113644.27,91519.4,48789.72,253953.4,129247.24,0.989,148110.28,4.08,2,5
2025-05-28,14号线,28131.0,110144.94,14153.62,124298.56,36068.36,37403.09,12065.97,85537.42,38761.14,0.9593,41952.96,3.92,2,5
2025-05-28,21号线,18309.0,71557.44,9406.28,80963.72,,25812.8,13141.67,67947.84,,0.9652,9389.44,3.91,2,5
2025-05-29,1号线,53127.0,237102.96,12604.75,249707.71,92763.14,74474.55,45682.93,212920.63,36787.08,0.9519,60815.89,4.46,3,5
2025-05-29,2号线,58220.0,249943.47,27810.42,277753.89,84979.0,66438.7,26006.64,177424.33,100329.56,0.9777,98959.11,4.29,3,5
2025-05-29,3号线,16664.0,73657.97,4292.82,77950.79,25477.3,19571.9,11378.7,56427.9,21522.9,0.9778,11668.19,4.42,3,5
2025-05-29,4号线,57523.0,233454.4,28175.87,261630.27,64403.96,93438.1,41306.93,199149.0,62481.27,0.9544,114688.47,4.06,3,5
2025-05-29,5号线,58223.0,240451.07,27777.69,268228.75,83723.28,95148.35,34675.54,213547.17,54681.59,0.9712,41824.59,4.13,3,5
2025-05-29,6号线,26747.0,105793.76,7099.4,112893.15,,31720.01,17335.83,91462.93,21430.22,0.9705,37528.19,3.96,3,5
2025-05-29,7号线,34066.0,141423.67,10512.76,151936.43,45805.71,66456.77,25080.33,,14593.63,0.967,32974.43,4.15,3,5
2025-05-29,8号线,58567.0,247602.89,25133.19,272736.07,81293.6,69723.61,38229.23,189246.44,83489.63,0.9903,41530.16,4.23,3,5
2025-05-29,9号线,16161.0,62047.38,3557.7,65605.08,17989.77,19407.48,8760.46,,19447.37,0.9918,13164.89,3.84,3,5
2025-05-29,14号线,11955.0,45174.13,,50218.86,13556.22,15676.12,5621.65,,15364.88,0.9974,17427.01,3.78,3,5
2025-05-29,21号线,55172.0,217182.33,22241.89,239424.22,68912.58,100586.08,22799.09,192297.75,,0.9943,57510.49,3.94,3,5
2025-05-30,1号线,35443.0,143049.81,,153508.92,51471.02,56021.37,15784.62,123277.01,30231.9,0.9747,42781.55,4.04,4,5
2025-05-30,2号线,76343.0,300329.74,21283.4,321613.14,118199.29,118575.3,56371.56,293146.15,28466.99,0.97,79489.11,3.93,4,5
2025-05-30,3号线,31150.0,130689.05,14906.9,145595.95,49870.77,40052.69,14930.74,104854.2,40741.75,0.9794,26294.28,4.2,4,5
2025-05-30,4号线,24202.0,95667.94,9307.79,104975.73,39800.2,30108.57,12228.08,82136.85,22838.87,0.9763,36775.06,,4,5
2025-05-30,5号线,77121.0,321272.18,40506.24,361778.42,121179.59,91357.99,36188.94,248726.52,113051.9,0.9704,96235.73,4.17,4,5
2025-05-30,6号线,16679.0,63605.85,8005.74,71611.59,22889.93,21105.03,11758.35,55753.32,15858.28,0.9594,17040.06,,4,5
2025-05-30,7号线,22714.0,,11566.51,95152.41,30566.19,26051.06,14757.84,71375.1,23777.32,0.9717,16241.08,3.68,4,5
2025-05-30,8号线,34074.0,136769.88,7419.37,144189.24,43375.52,44695.38,20268.53,108339.43,35849.81,0.989,35178.44,4.01,4,5
2025-05-30,9号线,34035.0,134557.96,14703.16,149261.12,49456.34,34902.75,24861.54,109220.63,40040.49,,,3.95,4,5
2025-05-30,14号线,45293.0,178068.99,24226.11,202295.09,44574.47,65914.37,23190.4,133679.24,68615.85,0.9712,57334.35,3.93,4,5
2025-05-30,21号线,70878.0,305308.41,36569.98,,118964.18,115592.57,51206.02,285762.77,56115.62,0.9626,75961.48,4.31,4,5
2025-05-31,1号线,66837.0,244578.74,23082.35,267661.09,83705.84,96270.64,27902.26,207878.73,59782.36,0.9917,37946.82,3.66,5,5
2025-05-31,2号线,11413.0,43258.49,4381.91,47640.4,13893.34,17032.47,5689.6,36615.42,11024.98,0.9657,,3.79,5,5
2025-05-31,3号线,24741.0,99889.35,12855.66,112745.01,35049.24,40026.35,16160.69,91236.28,21508.73,0.9807,42889.64,4.04,5,5
2025-05-31,4号线,73610.0,293072.37,,334075.8,99452.91,83154.04,39459.07,222066.03,112009.77,0.9512,93835.72,3.98,5,5
2025-05-31,5号线,9851.0,41552.54,4315.13,45867.67,12610.49,16772.41,4724.95,,11759.82,0.9824,10691.23,4.22,5,5
2025-05-31,6号线,50312.0,204846.65,28276.41,233123.06,60961.22,87615.95,22149.67,170726.85,62396.22,0.989,33973.28,4.07,5,5
2025-05-31,7号线,10766.0,43110.75,5558.61,48669.37,13895.83,18150.23,4786.3,36832.36,11837.0,0.9881,20792.88,4.0,5,5
2025-05-31,8号线,32528.0,127887.79,9839.28,137727.08,44479.52,52890.96,20779.15,,19577.45,0.9961,24701.67,3.93,5,5
2025-05-31,9号线,55777.0,219900.92,22122.15,242023.07,79958.97,77211.54,42093.63,199264.14,,0.9634,32576.21,3.94,5,5
2025-05-31,14号线,52492.0,225653.36,21175.74,246829.09,67604.01,95986.69,44861.84,208452.54,38376.55,0.9897,57608.16,4.3,5,5
2025-05-31,21号线,25217.0,97172.67,13142.71,110315.37,32600.75,30583.1,18613.59,81797.44,28517.94,0.9965,47878.05,3.85,5,5
2025-06-01,1号线,9985.0,40417.28,4135.62,44552.9,11714.43,15053.47,7276.06,34043.96,10508.95,0.9715,10046.13,4.05,6,6
2025-06-01,2号线,22345.0,95303.66,9123.42,104427.08,30276.47,29067.18,13663.94,,,,19355.36,,6,6
2025-06-01,3号线,35092.0,140198.31,8984.18,149182.49,52339.03,40231.06,16252.65,108822.75,40359.74,0.9749,,4.0,6,6
2025-06-01,4号线,,58385.57,8650.06,67035.63,17222.98,21932.19,8516.87,47672.04,19363.6,0.993,26524.9,3.97,6,6
2025-06-01,5号线,18835.0,72115.59,8358.44,80474.03,31395.92,25979.74,13196.59,70572.25,9901.78,0.998,36793.27,3.83,6,6
2025-06-01,6号线,13511.0,56708.23,7030.81,63739.04,19831.78,19235.71,10064.86,49132.36,14606.68,0.9963,15988.97,4.2,6,6
2025-06-01,7号线,56172.0,78987.34,6239.5,85226.84,22182.04,28538.69,14509.49,65230.23,19996.61,0.9865,36477.86,4.22,6,6
2025-06-01,8号线,89606.0,368220.38,19806.37,388026.75,,125121.33,45283.58,307954.66,80072.08,0.9672,135634.55,4.11,6,6
2025-06-01,9号线,14679.0,47684.92,4498.05,52182.97,15116.81,15775.16,7582.35,38474.33,,0.9508,18835.25,3.25,6,6
2025-06-01,14号线,65307.0,267089.13,19002.65,286091.78,100620.22,102062.0,48709.96,251392.19,34699.59,0.9945,61737.17,4.09,6,6
2025-06-01,21号线,48616.0,167239.39,20095.47,187334.86,62057.94,65391.91,23876.79,151326.64,36008.22,0.988,37057.81,3.44,6,6
2025-06-02,1号线,57828.0,217056.37,28177.62,245233.99,78155.96,62078.72,34282.0,174516.69,70717.3,0.9994,80426.12,3.75,0,6
2025-06-02,2号线,25578.0,106634.32,14521.76,121156.08,34136.86,34026.76,15657.38,83821.0,37335.07,0.9794,,4.17,0,6
2025-06-02,3号线,62398.0,237685.07,17416.9,255101.98,87587.57,62206.8,30654.67,180449.04,74652.94,0.9658,102645.25,3.81,0,6
2025-06-02,4号线,70561.0,263891.79,33625.5,297517.29,93133.42,85486.44,45874.73,224494.58,73022.71,0.9966,107912.46,3.74,0,6
2025-06-02,5号线,64459.0,271423.36,39123.66,310547.02,88854.52,89283.13,29142.49,207280.13,103266.88,0.9934,59189.46,4.21,0,6
2025-06-02,6号线,24073.0,88115.95,12298.73,100414.67,23708.7,30465.98,13056.64,67231.32,33183.35,0.9698,33204.64,,0,6
2025-06-02,7号线,23353.0,92353.28,6511.77,98865.05,31704.25,26672.54,,68322.42,,0.9726,29420.83,3.95,0,6
2025-06-02,8号线,13756.0,55386.38,7881.49,63267.87,20316.43,23359.12,7149.87,50825.41,12442.46,0.9623,20698.01,4.03,0,6
2025-06-02,9号线,80601.0,350265.02,49773.69,400038.71,132791.18,129113.33,66805.68,328710.19,71328.52,,153440.1,4.35,0,6
2025-06-02,14号线,20815.0,79883.77,,91139.37,26956.21,29531.35,12637.3,,22014.52,0.9826,38903.04,3.84,0,6
2025-06-02,21号线,36437.0,153388.12,10753.79,164141.91,49020.37,66352.99,22783.86,138157.22,25984.69,0.9569,72779.39,4.21,0,6
2025-06-03,1号线,54431.0,237802.0,22206.46,260008.46,86933.76,75651.03,24694.05,187278.84,72729.63,0.9936,54368.1,4.37,1,6
2025-06-03,2号线,22013.0,92517.41,8343.7,,35257.47,24727.48,,74199.8,26661.32,0.9579,27587.19,4.2,1,6
2025-06-03,3号线,40288.0,147128.46,14609.74,161738.21,46827.24,59188.96,29422.83,135439.03,26299.18,0.9521,53914.44,3.65,1,6
2025-06-03,4号线,21261.0,80871.55,6826.37,87697.91,36190.58,24319.24,10182.52,,17005.57,,25068.59,3.8,1,6
2025-06-03,5号线,56079.0,220587.31,21574.82,242162.12,,77000.62,34927.57,192005.95,50156.18,0.9773,111920.21,,1,6
2025-06-03,6号线,37620.0,156664.14,16648.18,173312.31,45688.73,63965.84,27365.26,137019.82,36292.49,0.961,33361.28,4.16,1,6
2025-06-03,7号线,28922.0,116296.59,17335.5,133632.09,39724.4,47954.79,18654.18,106333.37,27298.72,0.9516,45292.77,4.02,1,6
2025-06-03,8号线,15534.0,64036.56,8530.07,72566.63,19686.38,27552.07,8147.91,55386.36,17180.27,0.955,28299.59,4.12,1,6
2025-06-03,9号线,,132721.15,12025.12,,45928.07,,25434.22,111204.91,,0.9841,65898.73,3.74,1,6
2025-06-03,14号线,59245.0,225589.37,26226.64,251816.02,76520.96,,33128.03,171454.34,80361.68,0.9815,77573.24,3.81,1,6
2025-06-03,21号线,45938.0,,13398.9,195368.55,55730.84,58547.53,30402.03,144680.4,50688.16,0.8227,29313.99,3.96,1,6
2025-06-04,1号线,65327.0,271073.1,23453.7,294526.8,95199.18,105170.66,40321.3,240691.14,53835.66,,99522.95,4.15,2,6
2025-06-04,2号线,36239.0,150472.84,8680.02,159152.85,43831.32,47753.17,20200.98,111785.46,47367.39,0.9735,38978.06,4.15,2,6
2025-06-04,3号线,32182.0,119501.1,12785.47,,38933.08,35775.16,17294.44,,40283.89,0.9538,47725.56,3.71,2,6
2025-06-04,4号线,34171.0,136097.95,7168.19,143266.13,47776.85,49099.34,22721.53,119597.72,23668.41,0.9593,45815.22,3.98,2,6
2025-06-04,5号线,47173.0,174191.11,18431.88,192622.99,53308.68,55665.84,25687.02,134661.53,57961.46,0.9742,56768.66,3.69,2,6
2025-06-04,6号线,49779.0,206732.7,16928.87,223661.57,69541.53,90226.29,22940.38,182708.2,40953.37,0.9556,57820.91,4.15,2,6
2025-06-04,7号线,51718.0,194196.49,23532.55,217729.04,84164.01,69286.61,23441.72,176892.35,40836.69,0.9949,100828.64,3.75,2,6
2025-06-04,8号线,21190.0,85866.9,6606.13,92473.03,29316.49,22675.66,10936.83,,29544.05,0.9991,33210.44,4.05,2,6
2025-06-04,9号线,63676.0,247914.09,13874.2,261788.29,75948.8,84042.97,25663.7,185655.47,,0.9798,,3.89,2,6
2025-06-04,14号线,15357.0,66640.33,6204.92,72845.26,27137.36,,9376.22,55094.53,17750.73,0.9658,24583.33,,2,6
2025-06-04,21号线,29502.0,117628.18,8186.67,125814.85,38376.29,35940.37,12319.79,86636.45,,0.9585,19554.9,3.99,2,6
2025-06-05,1号线,75791.0,301614.31,23813.74,325428.05,113091.11,110967.18,40016.86,264075.15,61352.9,0.9559,57888.17,3.98,3,6
2025-06-05,2号线,23582.0,95133.98,6238.18,101372.16,33825.26,27256.13,10348.26,71429.65,29942.51,0.9523,18981.77,4.03,3,6
2025-06-05,3号线,9145.0,35094.54,4625.85,39720.39,13283.38,9517.89,4838.51,,,0.9771,13309.16,3.84,3,6
2025-06-05,4号线,41607.0,164310.3,,182636.25,63544.7,42536.58,19016.25,,57538.72,0.9773,28275.75,3.95,3,6
2025-06-05,5号线,19854.0,79866.35,8301.52,88167.87,,20900.37,12191.72,61040.4,27127.47,0.962,22034.12,4.02,3,6
2025-06-05,6号线,55127.0,219654.39,15300.84,234955.22,,,43266.64,195481.05,39474.18,0.8818,62545.91,3.98,3,6
2025-06-05,7号线,21746.0,87884.7,8417.72,96302.42,28928.54,31953.27,9698.46,70580.27,25722.15,0.9719,11438.81,4.04,3,6
2025-06-05,8号线,,230373.27,,251631.71,74470.57,105776.6,39453.87,219701.04,31930.67,0.9976,61364.04,,3,6
2025-06-05,9号线,80793.0,,,337859.05,104404.26,,47455.23,242915.06,94943.99,0.9968,108945.56,3.65,3,6
2025-06-05,14号线,83784.0,343368.18,39028.64,382396.82,112796.39,132631.11,50337.9,295765.39,86631.43,0.9808,71281.13,,3,6
2025-06-05,21号线,61489.0,-237183.85,21514.59,258698.44,84875.36,75232.1,35245.6,195353.06,63345.37,0.9982,,3.86,3,6
2025-06-06,1号线,28821.0,105997.89,13130.99,,36044.39,38994.64,11524.35,86563.38,32565.51,0.9987,29298.0,3.68,4,6
2025-06-06,2号线,24607.0,93180.13,7910.9,101091.03,32352.46,24770.17,18292.99,75415.61,25675.42,0.9816,48608.33,3.79,4,6
2025-06-06,3号线,51193.0,207016.34,27954.72,234971.06,61699.75,87501.15,39979.51,189180.41,45790.65,0.9849,38057.96,4.04,4,6
2025-06-06,4号线,29261.0,,14468.02,129539.68,35968.15,33572.86,14190.03,83731.04,45808.64,0.9873,16851.47,3.93,4,6
2025-06-06,5号线,79554.0,294299.6,43445.43,337745.03,106743.14,107759.37,34392.68,248895.19,88849.84,0.9969,109736.93,3.7,4,6
2025-06-06,6号线,25065.0,98315.18,9161.53,107476.71,34878.17,39163.61,9992.23,84034.01,23442.7,0.9669,13708.23,3.92,4,6
2025-06-06,7号线,52200.0,214234.15,15589.53,229823.68,76288.5,69178.22,33510.89,178977.62,50846.07,0.8733,76541.29,4.1,4,6
2025-06-06,8号线,42921.0,173102.46,17883.91,190986.37,62205.0,63304.11,26189.18,151698.29,39288.08,0.9786,85004.72,4.03,4,6
2025-06-06,9号线,30648.0,118511.81,15295.21,133807.02,34021.36,40583.2,,92067.91,41739.12,0.9822,33598.9,3.87,4,6
2025-06-06,14号线,84224.0,345893.28,28439.12,374332.4,,132250.59,65335.36,286742.31,87590.09,0.9971,124932.6,4.11,4,6
2025-06-06,21号线,52204.0,191610.74,25407.08,217017.82,68451.87,80921.39,22027.53,171400.79,45617.03,0.996,59577.34,3.67,4,6
2025-06-07,1号线,18515.0,79265.38,5175.15,84440.52,33232.75,25177.09,12863.42,,13167.26,0.9966,16216.49,4.28,5,6
2025-06-07,2号线,31324.0,118059.59,12476.72,130536.31,45063.72,33091.78,20635.54,98791.04,31745.27,0.9846,,3.77,5,6
2025-06-07,3号线,18278.0,63997.31,7592.77,71590.08,19034.73,23916.26,8461.16,51412.16,20177.92,0.9968,24635.02,3.5,5,6
2025-06-07,4号线,74165.0,288072.25,15584.59,303656.84,129838.74,95552.44,42075.64,267466.82,36190.02,0.9934,80671.43,3.88,5,6
2025-06-07,5号线,42204.0,169493.96,16229.82,185723.78,55770.82,63358.73,27070.74,146200.3,39523.48,0.9656,48837.77,4.02,5,6
2025-06-07,6号线,62362.0,252229.09,35169.2,287398.29,80430.9,99805.25,29420.51,209656.66,77741.63,0.9614,117205.17,4.04,5,6
2025-06-07,7号线,18802.0,80168.75,10025.88,90194.63,37242.97,25435.79,14345.46,,13170.41,0.9805,35063.75,4.26,5,6
2025-06-07,8号线,54652.0,220509.05,27253.75,247762.81,78806.4,75928.23,23869.18,178603.82,69158.99,0.9592,77007.41,4.03,5,6
2025-06-07,9号线,24089.0,95286.32,6491.98,101778.31,28341.49,32465.48,9596.99,70403.97,31374.34,0.996,31568.4,3.96,5,6
2025-06-07,14号线,39309.0,146655.99,19208.32,165864.31,,51819.09,20385.74,120329.91,45534.4,0.9529,70141.65,3.73,5,6
2025-06-07,21号线,37915.0,162441.1,,184278.61,70782.65,57175.47,27010.76,154968.87,,0.9739,29543.3,4.28,5,6
2025-06-08,1号线,20934.0,,12640.03,97391.93,36421.21,28238.63,10933.43,75593.27,21798.66,0.9531,38863.25,4.05,6,6
2025-06-08,2号线,82066.0,322410.42,32710.25,355120.67,99872.28,139345.1,49246.13,288463.51,66657.16,0.9956,52511.36,3.93,6,6
2025-06-08,3号线,56904.0,233670.95,25617.99,259288.95,82506.0,88258.1,35864.24,206628.34,52660.6,0.9524,91980.84,4.11,6,6
2025-06-08,4号线,55363.0,224356.54,15000.07,239356.62,80668.17,87787.74,27874.55,196330.47,43026.15,0.9969,63168.89,4.05,6,6
2025-06-08,5号线,131253.0,176283.41,13524.59,189808.0,59809.46,74097.06,21395.75,155302.27,34505.73,0.9661,31992.22,4.03,6,6
2025-06-08,6号线,42165.0,162828.91,15994.3,178823.21,52859.67,76090.71,17911.38,146861.76,31961.45,0.9626,78705.12,,6,6
2025-06-08,7号线,34513.0,139899.57,15512.09,155411.66,35550.33,50508.6,,100227.11,55184.56,0.9502,49106.52,4.05,6,6
2025-06-08,8号线,9792.0,38394.19,2693.46,41087.65,13818.2,15691.36,6707.09,36216.66,4870.99,0.9797,16663.37,3.92,6,6
2025-06-08,9号线,30324.0,123233.31,12039.25,135272.56,46098.85,31058.05,20197.27,97354.17,37918.39,0.9829,41109.48,4.06,6,6
2025-06-08,14号线,58277.0,207050.58,16017.11,223067.69,83102.1,,31707.69,173675.75,49391.94,0.9921,70687.41,3.55,6,6
2025-06-08,21号线,21051.0,94122.64,5767.0,99889.65,31526.4,31857.94,17709.7,81094.04,18795.6,0.9931,18529.17,4.47,6,6
2025-06-09,1号线,41103.0,177718.42,14012.36,191730.78,54825.16,67061.62,33719.21,155605.99,36124.79,0.9905,71146.76,4.32,0,6
2025-06-09,2号线,22918.0,84638.37,11316.99,95955.36,22614.64,,,66385.21,29570.15,,44817.88,3.69,0,6
2025-06-09,3号线,66870.0,255183.58,22422.74,277606.32,85538.44,73166.61,38019.65,196724.7,80881.62,0.9772,36664.46,3.82,0,6
2025-06-09,4号线,61261.0,238161.51,31421.75,269583.26,102194.5,73331.97,28526.22,204052.68,65530.58,0.9653,84538.01,3.89,0,6
2025-06-09,5号线,84590.0,349693.11,25597.01,375290.12,159623.95,115236.71,39092.41,313953.07,61337.04,0.9841,109602.8,4.13,0,6
2025-06-09,6号线,23336.0,85668.13,8983.44,94651.57,24854.38,36912.87,9610.59,71377.84,23273.74,,14217.44,3.67,0,6
2025-06-09,7号线,80072.0,319218.78,19446.72,338665.5,97666.24,100721.75,62244.55,260632.54,78032.96,,44213.95,3.99,0,6
2025-06-09,8号线,38284.0,172549.66,11588.84,184138.5,61388.04,43326.94,28526.45,133241.43,50897.06,0.9854,32498.15,4.51,0,6
2025-06-09,9号线,76775.0,304559.91,38346.86,342906.78,115096.82,91592.55,37072.05,243761.42,99145.35,0.9688,96688.72,3.97,0,6
2025-06-09,14号线,17250.0,,8496.02,79007.47,24025.34,,10858.77,55700.49,23306.98,0.9573,30277.84,4.09,0,6
2025-06-09,21号线,20724.0,80642.96,7130.13,87773.09,35906.22,25799.41,,72294.72,15478.37,0.9833,18655.86,3.89,0,6
2025-06-10,1号线,39495.0,163286.34,19049.24,,59028.95,50331.01,30764.54,140124.5,42211.07,0.9724,58664.14,4.13,1,6
2025-06-10,2号线,68174.0,271436.76,33058.67,304495.44,119195.38,85546.1,28441.59,233183.07,71312.37,0.9551,57899.9,3.98,1,6
2025-06-10,3号线,17525.0,73006.4,6836.96,79843.36,22292.68,27234.59,12016.37,61543.64,18299.72,0.9671,33980.73,4.17,1,6
2025-06-10,4号线,51079.0,202338.2,14375.36,216713.56,72978.65,81244.17,23414.22,,39076.51,0.9566,34904.9,3.96,1,6
2025-06-10,5号线,62263.0,254485.13,30440.88,284926.01,111490.31,76810.1,26145.06,214445.46,70480.55,0.9656,85568.5,4.09,1,6
2025-06-10,6号线,26214.0,101895.38,12020.35,113915.73,41082.59,34632.88,13988.3,89703.76,24211.97,0.9532,20668.1,3.89,1,6
2025-06-10,7号线,80144.0,300131.29,39431.31,339562.6,130403.66,101398.42,33977.23,265779.3,73783.3,0.988,61936.97,3.74,1,6
2025-06-10,8号线,38589.0,140231.6,14942.12,155173.73,50905.15,36814.39,25277.42,112996.97,42176.76,0.9971,70918.95,3.63,1,6
2025-06-10,9号线,,244077.57,19486.93,263564.5,,104109.47,32686.03,208628.9,54935.6,0.9639,85408.67,3.7,1,6
2025-06-10,14号线,35480.0,134696.63,9841.4,144538.03,38987.27,46085.68,25648.44,110721.39,,0.9729,19017.06,3.8,1,6
2025-06-10,21号线,45431.0,163039.64,11124.41,174164.05,73640.82,50173.53,17830.64,141644.99,32519.06,0.9522,25944.33,3.59,1,6
2025-06-11,1号线,69554.0,277396.29,26611.91,304008.2,117803.82,84773.16,42577.69,245154.67,58853.53,0.9505,42426.18,3.99,2,6
2025-06-11,2号线,68397.0,277144.6,21770.0,298914.6,88043.54,99395.51,35694.47,223133.52,75781.08,0.9708,47844.11,4.05,2,6
2025-06-11,3号线,28943.0,115777.07,10393.09,126170.16,44535.84,38545.18,14783.23,97864.26,28305.9,0.9521,17577.32,4.0,2,6
2025-06-11,4号线,47681.0,,12310.21,203811.04,57090.12,81778.54,28536.09,167404.75,36406.29,0.9624,41267.0,4.02,2,6
2025-06-11,5号线,34833.0,140500.24,10717.68,151217.92,55533.43,52267.07,19785.15,127585.64,23632.28,0.9889,63918.42,4.03,2,6
2025-06-11,6号线,13657.0,50133.0,3949.21,54082.21,21237.33,14359.75,6497.56,42094.63,11987.58,0.9995,7806.72,3.67,2,6
2025-06-11,7号线,63082.0,248192.44,13188.94,,,78968.84,34903.99,185087.59,76293.8,0.9626,114581.99,3.93,2,6
2025-06-11,8号线,62694.0,266599.4,18936.43,285535.82,70888.92,95028.03,34170.48,,85448.39,0.9968,117961.99,4.25,2,6
2025-06-11,9号线,16138.0,60866.13,7668.39,68534.52,19060.54,19299.52,,49378.67,19155.85,0.953,21516.17,3.77,2,6
2025-06-11,14号线,39657.0,162636.44,16993.45,179629.89,59351.02,59944.38,22142.76,141438.16,38191.73,0.9859,72406.31,4.1,2,6
2025-06-11,21号线,76353.0,316920.6,30649.51,347570.11,,101569.0,58808.57,293376.2,54193.91,0.958,113476.37,4.15,2,6
2025-06-12,1号线,59712.0,248345.01,36755.07,285100.08,81239.24,93868.29,33064.48,208172.01,76928.07,0.9766,84359.23,4.16,3,6
2025-06-12,2号线,53917.0,206814.48,25877.54,232692.02,87532.86,60064.32,39094.4,186691.58,46000.44,0.9613,85621.61,3.84,3,6
2025-06-12,3号线,31244.0,124697.51,6791.77,131489.29,41022.59,46815.54,17207.71,105045.84,26443.44,0.9995,25364.78,3.99,3,6
2025-06-12,4号线,57821.0,225472.28,29760.47,255232.75,68798.33,94537.6,23391.22,186727.15,68505.6,0.9786,29574.1,3.9,3,6
2025-06-12,5号线,88743.0,355859.33,48955.55,404814.88,131153.85,135438.26,44605.87,311197.98,93616.9,0.9933,99989.24,,3,6
2025-06-12,6号线,43830.0,180007.48,14574.4,194581.88,58080.32,84928.2,24971.75,167980.27,26601.62,0.9781,32280.4,4.11,3,6
2025-06-12,7号线,47495.0,177002.36,18885.27,195887.63,76767.04,62080.68,20385.48,159233.2,36654.43,0.9763,68255.5,,3,6
2025-06-12,8号线,18356.0,75686.91,7072.96,82759.87,20556.76,30214.09,15112.6,65883.46,,,12521.8,4.12,3,6
2025-06-12,9号线,64343.0,232384.4,17585.55,249969.96,88076.32,80571.53,44962.54,213610.39,36359.57,0.9608,40367.54,3.61,3,6
2025-06-12,14号线,65591.0,252347.72,14379.18,,79392.65,75871.52,44879.24,200143.41,66583.49,0.9622,130269.47,3.85,3,6
2025-06-12,21号线,28751.0,112461.45,12510.24,124971.69,46227.89,32095.04,19225.6,97548.53,27423.16,0.9934,37735.71,3.91,3,6
2025-06-13,1号线,22709.0,90199.34,10332.05,100531.39,25614.17,37019.13,16711.56,79344.86,21186.52,0.9509,37874.14,3.97,4,6
2025-06-13,2号线,31109.0,122996.08,14768.6,137764.67,47595.57,,21209.22,114151.6,23613.08,0.9828,37342.72,3.95,4,6
2025-06-13,3号线,50865.0,193245.16,22794.27,216039.43,55901.34,69092.05,35366.12,160359.51,55679.92,0.9753,65728.27,3.8,4,6
2025-06-13,4号线,46312.0,183161.9,26196.81,209358.71,73308.99,52756.5,31986.89,158052.38,51306.33,0.9603,56285.67,3.95,4,6
2025-06-13,5号线,29747.0,,10599.34,126892.78,37374.43,42235.95,22842.62,102453.0,24439.78,0.9506,20812.56,3.91,4,6
2025-06-13,6号线,30003.0,125984.41,18593.18,144577.6,43241.67,41285.58,23778.39,108305.64,36271.96,0.9649,41306.9,4.2,4,6
2025-06-13,7号线,34028.0,135151.65,14244.61,,49129.24,43657.0,24028.63,116814.88,32581.38,0.9581,17683.5,3.97,4,6
2025-06-13,8号线,45930.0,189575.67,19691.23,209266.9,59624.92,69985.46,34150.98,163761.37,45505.54,0.9609,79715.87,4.13,4,6
2025-06-13,9号线,66036.0,242177.33,15922.02,258099.35,95473.73,71663.4,37872.11,205009.25,53090.1,0.9725,60795.7,3.67,4,6
2025-06-13,14号线,26123.0,110354.83,12643.19,122998.02,,42118.52,18440.43,104727.72,18270.3,0.9966,37666.92,4.22,4,6
2025-06-13,21号线,66672.0,270389.12,22946.42,293335.54,98915.69,92503.88,31059.3,222478.87,70856.67,0.9634,45459.66,4.06,4,6
2025-06-14,1号线,27825.0,104803.36,9423.72,114227.07,35477.77,32927.83,12900.91,81306.51,,0.9622,51105.48,3.77,5,6
2025-06-14,2号线,28191.0,110114.42,15986.12,126100.54,37125.14,31661.29,16571.02,85357.45,40743.09,0.9787,21687.59,3.91,5,6
2025-06-14,3号线,9506.0,39878.31,2427.82,42306.13,17373.2,12252.36,6201.42,35826.98,6479.15,0.9867,11897.05,4.2,5,6
2025-06-14,4号线,52682.0,217552.31,14573.43,232125.74,98857.3,74398.26,29906.07,203161.63,,0.9799,57151.65,4.13,5,6
2025-06-14,5号线,64568.0,254125.71,31424.1,285549.81,64752.76,90347.37,50729.64,205829.77,,0.986,74820.64,,5,6
2025-06-14,6号线,78269.0,338934.55,36082.43,375016.98,95507.57,135890.96,46546.05,277944.58,97072.39,0.9913,79801.28,4.33,5,6
2025-06-14,7号线,80879.0,333905.36,23772.7,357678.06,128166.59,124923.52,39121.52,292211.63,65466.43,0.9817,75822.43,4.13,5,6
2025-06-14,8号线,33248.0,144199.38,21330.45,165529.83,58576.01,46198.93,26009.32,130784.26,34745.57,0.9568,57373.43,4.34,5,6
2025-06-14,9号线,19024.0,77459.26,5702.91,83162.17,29364.22,21117.82,10268.35,60750.39,22411.79,0.9828,21368.2,4.07,5,6
2025-06-14,14号线,18881.0,74552.04,9666.35,84218.39,31420.45,23482.67,10740.76,65643.87,18574.52,0.9657,23758.32,3.95,5,6
2025-06-14,21号线,33225.0,132298.06,19191.76,151489.82,51735.25,40758.68,13399.39,105893.31,45596.51,0.9644,65594.72,3.98,5,6
2025-06-15,1号线,62831.0,243597.95,35016.41,278614.35,64066.21,82408.65,41578.38,,90561.11,0.9873,118839.9,3.88,6,6
2025-06-15,2号线,43143.0,179648.19,15624.05,195272.24,60567.13,79175.01,31710.95,171453.09,23819.15,0.8932,47853.6,4.16,6,6
2025-06-15,3号线,69839.0,276251.78,25347.83,301599.61,93593.18,81959.99,27996.88,203550.05,98049.56,0.9945,80382.53,3.96,6,6
2025-06-15,4号线,71933.0,298939.25,38662.11,337601.36,110452.72,85032.49,32813.4,,109302.74,0.9679,116877.79,4.16,6,6
2025-06-15,5号线,17745.0,-66932.56,3726.24,70658.79,22549.8,21014.72,9584.66,53149.18,17509.61,0.9707,20058.04,3.77,6,6
2025-06-15,6号线,35494.0,143593.91,13739.57,157333.48,42016.85,56459.72,16112.85,114589.42,42744.07,0.9867,47207.52,4.05,6,6
2025-06-15,7号线,49907.0,212651.47,17210.45,229861.93,67168.48,61170.51,26610.65,154949.64,74912.29,0.9707,61071.85,4.26,6,6
2025-06-15,8号线,50473.0,199264.81,23930.29,223195.1,54637.44,81284.49,27616.54,163538.47,59656.64,0.9651,90959.77,3.95,6,6
2025-06-15,9号线,48230.0,186890.21,15369.01,202259.23,69314.34,61368.09,35514.32,166196.75,36062.48,0.9889,64912.11,3.87,6,6
2025-06-15,14号线,38536.0,149774.7,13636.94,163411.64,49171.26,69141.59,22456.93,140769.78,22641.86,0.9623,22965.02,3.89,6,6
2025-06-15,21号线,25452.0,95574.52,12481.36,108055.87,28431.94,34472.91,16395.34,,28755.69,0.9831,39282.05,3.76,6,6
2025-06-16,1号线,40313.0,148626.2,17724.82,166351.03,40503.3,56246.93,17193.58,113943.82,52407.21,0.9913,72009.44,3.69,0,6
2025-06-16,2号线,31053.0,122386.11,15725.29,138111.4,32076.59,45223.98,12503.48,89804.05,48307.35,0.9837,50621.81,,0,6
2025-06-16,3号线,78910.0,337453.06,45750.47,383203.52,131186.59,,44979.15,273148.59,110054.93,0.9762,,4.28,0,6
2025-06-16,4号线,41316.0,149542.22,19674.1,169216.32,42820.73,55427.56,20606.74,118855.03,50361.29,0.9664,46958.33,3.62,0,6
2025-06-16,5号线,27738.0,108026.4,15839.65,,36688.93,36385.66,17798.2,90872.78,32993.27,0.9651,15153.33,,0,6
2025-06-16,6号线,68288.0,276731.67,31837.52,308569.19,,92226.44,54062.39,252238.01,56331.18,0.9746,71745.02,4.05,0,6
2025-06-16,7号线,55232.0,237623.01,20649.79,258272.8,84438.11,78437.31,29442.1,192317.52,65955.28,0.9607,37264.71,4.3,0,6
2025-06-16,8号线,31462.0,128186.78,14393.79,142580.57,40215.71,48772.3,18708.11,107696.12,34884.45,,36800.09,4.07,0,6
2025-06-16,9号线,37605.0,49735.24,7271.21,57006.44,16430.97,16141.35,6997.43,39569.75,17436.69,0.9971,23587.37,3.97,0,6
2025-06-16,14号线,20135.0,77434.75,8346.75,85781.49,23796.7,35179.14,14213.73,73189.56,12591.93,0.9736,21955.08,3.85,0,6
2025-06-16,21号线,41806.0,163505.22,14195.0,177700.22,54985.22,53822.07,32461.63,141268.92,36431.3,0.9764,41249.15,3.91,0,6
2025-06-17,1号线,43972.0,166344.83,24066.6,190411.43,49049.69,55931.87,32664.92,137646.48,52764.95,0.9767,75780.49,3.78,1,6
2025-06-17,2号线,28957.0,114300.38,10871.64,125172.02,30592.21,,11446.42,82411.76,42760.26,0.996,16300.1,3.95,1,6
2025-06-17,3号线,59999.0,225662.74,28083.47,253746.2,60493.73,83152.97,42782.65,186429.35,67316.86,0.9865,106545.21,3.76,1,6
2025-06-17,4号线,,,14631.79,125657.52,37358.6,41313.04,18504.07,97175.72,28481.8,0.9581,25096.25,4.01,1,6
2025-06-17,5号线,63979.0,272835.6,31468.71,304304.31,108768.25,106870.51,54085.85,269724.61,34579.71,0.9691,126754.23,4.26,1,6
2025-06-17,6号线,,129452.52,15326.92,144779.44,52218.18,35887.2,22298.9,110404.28,34375.17,0.9776,43992.61,4.13,1,6
2025-06-17,7号线,54981.0,204238.32,14952.87,219191.19,55975.11,80708.74,31164.58,167848.43,51342.76,0.9668,42495.48,3.71,1,6
2025-06-17,8号线,23751.0,91596.74,,99380.71,30989.5,28657.45,10536.48,70183.43,29197.28,0.9824,42623.59,3.86,1,6
2025-06-17,9号线,60398.0,228892.45,20500.01,249392.46,80336.74,79392.65,25086.06,184815.45,64577.01,0.9538,61771.63,3.79,1,6
2025-06-17,14号线,,224600.88,33164.28,257765.16,92491.93,64427.43,33653.12,190572.48,67192.68,0.957,56867.42,3.9,1,6
2025-06-17,21号线,78879.0,359805.86,24117.96,383923.82,139396.67,120051.11,58155.7,317603.47,66320.35,0.9759,43026.52,4.56,1,6
2025-06-18,1号线,81407.0,343502.99,38415.77,381918.76,123339.39,134200.17,52305.41,309844.96,72073.8,0.9734,123764.64,4.22,2,6
2025-06-18,2号线,16612.0,68746.88,6855.83,75602.72,28559.68,19737.94,12464.26,60761.89,14840.83,0.9586,28977.59,4.14,2,6
2025-06-18,3号线,60924.0,246342.25,18322.19,264664.44,87936.14,103471.47,31257.75,222665.36,41999.07,0.9772,75370.34,4.04,2,6
2025-06-18,4号线,38158.0,154229.09,10726.38,164955.47,42908.87,56872.99,20684.01,120465.87,44489.6,0.9937,35617.25,4.04,2,6
2025-06-18,5号线,40534.0,153040.43,21743.45,174783.87,68069.58,46386.64,16471.0,130927.23,43856.65,0.9741,65344.56,3.78,2,6
2025-06-18,6号线,12673.0,50656.87,3862.32,,17893.78,22182.44,9761.93,49838.15,4681.04,0.9721,12308.67,4.0,2,6
2025-06-18,7号线,,146339.75,19068.35,165408.1,56846.02,57919.9,17316.29,132082.21,33325.89,0.9753,41732.51,3.74,2,6
2025-06-18,8号线,92550.0,127457.41,8710.56,136167.97,49012.87,39206.73,15669.62,103889.22,,0.9897,35287.02,4.13,2,6
2025-06-18,9号线,74326.0,274944.53,35596.03,310540.56,92249.55,119043.79,,241843.74,68696.82,0.9806,58706.69,3.7,2,6
2025-06-18,14号线,28913.0,123956.33,12634.42,136590.75,42582.6,42383.19,23543.85,108509.65,28081.1,0.9961,22137.96,4.29,2,6
2025-06-18,21号线,45790.0,193564.29,20859.83,,69470.04,77165.42,32515.76,179151.22,35272.89,,29169.32,4.23,2,6
2025-06-19,1号线,29609.0,119951.65,10656.95,130608.6,39924.59,42042.7,15766.57,97733.86,32874.74,0.9749,36758.73,4.05,3,6
2025-06-19,2号线,23659.0,96250.99,9761.49,106012.48,36663.65,31649.55,17879.07,86192.27,19820.21,0.9725,15197.12,4.07,3,6
2025-06-19,3号线,31309.0,130981.82,16916.84,147898.66,55879.59,41045.9,23944.9,120870.38,27028.28,0.972,60285.58,4.18,3,6
2025-06-19,4号线,81066.0,342523.92,37160.81,379684.74,107680.26,159889.88,47026.21,314596.35,65088.39,0.9531,103992.23,4.23,3,6
2025-06-19,5号线,24047.0,95249.07,13812.29,109061.36,35058.14,37116.08,16048.07,88222.28,20839.08,0.9561,39917.52,3.96,3,6
2025-06-19,6号线,55461.0,235176.45,31478.43,266654.88,77569.29,64900.0,37002.12,179471.4,87183.48,0.9796,83656.19,4.24,3,6
2025-06-19,7号线,13221.0,52333.94,7246.98,,19962.94,19486.05,5972.95,,14158.98,0.9645,15620.27,3.96,3,6
2025-06-19,8号线,21117.0,84744.97,4528.46,89273.43,38273.64,29419.15,14301.1,81993.89,7279.54,0.9723,20444.17,4.01,3,6
2025-06-19,9号线,22140.0,83630.46,,90296.55,26906.25,33865.3,15163.47,75935.02,14361.53,0.9835,40996.57,3.78,3,6
2025-06-19,14号线,78644.0,335684.43,22028.96,357713.39,126262.97,138000.67,60770.04,325033.69,32679.7,,155838.89,4.27,3,6
2025-06-19,21号线,23456.0,100927.64,14863.71,115791.35,36582.6,34862.42,14405.46,85850.49,29940.87,0.9615,33237.85,4.3,3,6
2025-06-20,1号线,12027.0,50571.47,5484.22,56055.69,17650.62,16207.9,8187.97,42046.5,14009.19,0.9924,,4.2,4,6
2025-06-20,2号线,72680.0,273319.16,40080.47,313399.64,86695.0,96747.55,45978.47,229421.02,83978.62,0.9949,40477.28,3.76,4,6
2025-06-20,3号线,40615.0,157836.2,21895.11,179731.31,53241.87,43007.64,16907.42,113156.92,,0.981,68721.37,,4,6
2025-06-20,4号线,26084.0,109232.34,,116517.89,33931.0,40894.64,21024.89,95850.53,20667.37,0.9898,37368.96,4.19,4,6
2025-06-20,5号线,67370.0,252686.81,34759.0,287445.81,82548.71,81555.05,31812.82,,91529.23,0.9518,70586.58,3.75,4,6
2025-06-20,6号线,67639.0,263666.83,29021.23,292688.05,113044.21,77726.02,47989.05,238759.28,53928.77,0.9892,122857.63,3.9,4,6
2025-06-20,7号线,62814.0,249921.72,35281.02,285202.75,,76573.73,47225.24,207279.33,77923.42,0.987,93764.49,3.98,4,6
2025-06-20,8号线,41911.0,158764.59,17301.17,176065.76,60820.76,41556.7,25747.28,128124.74,47941.03,0.9554,52771.2,,4,6
2025-06-20,9号线,56332.0,213849.31,12820.25,226669.57,73711.51,65044.17,40707.99,179463.67,47205.9,0.9677,108788.76,3.8,4,6
2025-06-20,14号线,15914.0,66943.77,,74436.01,19086.22,23402.48,8094.8,50583.5,23852.5,0.9552,8729.67,4.21,4,6
2025-06-20,21号线,15002.0,54160.33,3448.69,57609.02,22311.32,17346.94,9226.13,48884.39,8724.62,0.9945,17612.41,3.61,4,6
2025-06-21,1号线,35657.0,135095.04,,154389.93,59441.69,46818.99,23171.03,129431.71,24958.22,0.9558,33418.49,3.79,5,6
2025-06-21,2号线,12101.0,51825.85,4597.92,56423.78,20641.59,18202.18,9692.82,48536.59,7887.19,0.9595,12087.62,4.28,5,6
2025-06-21,3号线,14006.0,54796.65,4520.04,59316.69,20973.14,20701.14,9103.93,50778.21,8538.48,0.9669,24821.5,3.91,5,6
2025-06-21,4号线,64613.0,292273.98,35619.54,327893.52,85870.18,120075.18,35519.14,241464.51,86429.01,0.9785,120909.18,4.52,5,6
2025-06-21,5号线,40854.0,166991.65,16547.73,183539.38,63918.37,67347.32,25956.54,157222.23,26317.15,0.9511,81100.48,4.09,5,6
2025-06-21,6号线,48552.0,183456.81,24077.81,207534.62,,69684.29,18949.59,161851.51,,0.9979,78725.46,3.78,5,6
2025-06-21,7号线,43120.0,181070.56,13338.66,194409.22,51564.57,68723.65,28432.57,148720.79,45688.44,0.987,80818.98,4.2,5,6
2025-06-21,8号线,67524.0,280094.91,14488.22,294583.12,104024.31,,46712.83,252671.28,41911.84,0.9522,130608.2,4.15,5,6
2025-06-21,9号线,73512.0,267154.65,30592.03,297746.68,101547.73,101554.68,39398.77,242501.18,55245.5,,41019.33,3.63,5,6
2025-06-21,14号线,51700.0,204548.28,28894.54,233442.83,83847.16,69689.14,35315.8,188852.1,44590.73,0.9873,74759.79,,5,6
2025-06-21,21号线,67299.0,279019.39,22062.2,301081.59,96479.18,93162.22,30230.89,219872.3,81209.29,0.9611,86889.08,4.15,5,6
2025-06-22,1号线,37292.0,159786.58,13175.62,172962.2,55051.78,59159.28,18333.64,132544.71,40417.5,0.9885,31118.91,4.28,6,6
2025-06-22,2号线,45993.0,189184.0,22698.84,211882.84,85108.11,58725.85,32558.54,176392.5,35490.34,0.9818,81587.13,4.11,6,6
2025-06-22,3号线,20687.0,85959.84,8645.54,94605.38,28466.16,29492.55,9862.18,67820.89,26784.49,0.9806,34747.28,4.16,6,6
2025-06-22,4号线,44814.0,189331.05,19853.98,209185.03,73748.34,66242.75,24507.59,164498.68,44686.35,0.9958,,4.22,6,6
2025-06-22,5号线,37928.0,142318.9,14883.8,157202.7,46496.41,49044.14,25251.17,120791.72,36410.98,0.9695,41755.56,3.75,6,6
2025-06-22,6号线,13227.0,57297.83,7634.86,64932.69,22588.87,15371.8,10094.28,48054.95,16877.74,0.9731,12670.1,4.33,6,6
2025-06-22,7号线,,277616.51,19355.59,296972.1,97005.84,124631.32,27785.35,,47549.59,0.9676,88301.46,3.73,6,6
2025-06-22,8号线,24567.0,93614.24,12972.32,106586.55,35490.16,25996.2,9605.34,71091.71,35494.85,0.9581,32451.51,3.81,6,6
2025-06-22,9号线,80018.0,305191.09,37859.51,343050.6,,92993.77,44805.17,259324.11,83726.49,0.9572,114672.94,3.81,6,6
2025-06-22,14号线,12480.0,51878.84,4896.27,56775.1,13947.26,17200.87,9713.96,40862.09,15913.02,0.962,9882.09,4.16,6,6
2025-06-22,21号线,51339.0,206156.56,26761.7,232918.26,65320.58,63999.41,32331.64,161651.64,,0.9791,72778.52,4.02,6,6
2025-06-23,1号线,52124.0,211358.27,13063.99,224422.25,69488.12,58006.58,24698.47,152193.17,72229.09,0.9763,45832.68,4.05,0,6
2025-06-23,2号线,30038.0,115824.85,5904.43,121729.28,45157.23,36054.77,18602.51,99814.51,21914.78,0.9983,23158.26,3.86,0,6
2025-06-23,3号线,47746.0,184426.05,12874.36,197300.41,57382.94,71969.08,31956.24,161308.27,,0.9691,58400.15,3.86,0,6
2025-06-23,4号线,81345.0,315230.16,21348.09,336578.26,97893.52,115628.91,59852.97,273375.39,63202.86,0.966,92436.87,3.88,0,6
2025-06-23,5号线,56555.0,230470.07,23409.68,253879.75,82219.34,67481.86,32465.77,182166.96,71712.79,0.9611,60484.5,4.08,0,6
2025-06-23,6号线,59737.0,233286.33,26219.21,259505.55,69240.37,85855.58,35037.23,190133.19,69372.36,0.9774,69902.55,3.91,0,6
2025-06-23,7号线,10180.0,37479.05,2867.19,40346.24,,14215.69,5839.96,29826.92,10519.32,,10709.95,3.68,0,6
2025-06-23,8号线,84822.0,113529.04,6353.9,119882.94,30440.02,39717.7,20769.29,90927.01,28955.93,0.9501,26114.05,4.02,0,6
2025-06-23,9号线,46752.0,191457.86,23459.53,214917.4,67086.78,67160.65,28898.69,163146.12,51771.28,0.9949,51528.96,4.1,0,6
2025-06-23,14号线,44175.0,179242.99,25895.89,205138.88,72028.26,63135.71,33446.13,168610.1,36528.78,0.9676,54617.42,4.06,0,6
2025-06-23,21号线,62467.0,254635.94,37930.24,292566.19,79841.77,,30572.7,229450.19,63115.99,0.96,32544.69,4.08,0,6
2025-06-24,1号线,46450.0,,21308.54,215662.76,59126.4,65817.23,32794.87,157738.51,57924.26,0.9784,,4.18,1,6
2025-06-24,2号线,209940.0,292680.85,22477.79,315158.64,102427.28,111571.27,33807.38,247805.93,67352.72,0.9614,119528.39,4.18,1,6
2025-06-24,3号线,60618.0,262954.42,15125.37,278079.79,71359.67,103123.6,29970.94,204454.21,73625.57,0.9515,96925.96,4.34,1,6
2025-06-24,4号线,54505.0,229389.54,13568.22,242957.76,71618.7,81706.62,25641.33,178966.65,63991.11,0.9634,,4.21,1,6
2025-06-24,5号线,31947.0,127881.36,12481.0,140362.36,53625.76,42845.54,20748.54,117219.83,23142.53,0.9877,57442.67,4.0,1,6
2025-06-24,6号线,,131547.87,14978.37,146526.24,45278.68,59480.99,18148.26,122907.93,23618.31,0.9852,50176.7,4.27,1,6
2025-06-24,7号线,61003.0,267417.42,17229.63,284647.05,107886.54,79217.83,,215576.41,69070.64,0.9807,78837.22,4.38,1,6
2025-06-24,8号线,36713.0,142471.23,14680.39,157151.62,42021.84,45642.66,27353.07,115017.58,42134.04,0.9814,69123.9,3.88,1,6
2025-06-24,9号线,58065.0,245526.83,29639.02,275165.86,71258.12,100835.46,,199979.15,75186.7,,53319.68,4.23,1,6
2025-06-24,14号线,57589.0,224651.2,32216.71,256867.9,82138.95,79887.45,32323.89,194350.3,62517.61,0.9948,41481.81,3.9,1,6
2025-06-24,21号线,22825.0,86083.16,12761.74,98844.9,24663.86,32515.66,12251.12,69430.64,29414.26,0.9549,22317.02,3.77,1,6
2025-06-25,1号线,43907.0,163580.36,10457.84,174038.21,48916.27,65650.63,22240.0,136806.9,37231.31,0.9689,85265.07,3.73,2,6
2025-06-25,2号线,72983.0,282424.64,17952.33,300376.97,96679.57,122797.41,42980.85,,37919.14,0.9795,72878.52,3.87,2,6
2025-06-25,3号线,77833.0,314610.88,43033.5,357644.38,107166.42,125647.77,36138.86,268953.05,88691.32,0.9763,138212.72,4.04,2,6
2025-06-25,4号线,77383.0,282668.74,27685.88,310354.62,115457.85,81275.39,45360.13,242093.37,68261.25,0.9637,145565.7,3.65,2,6
2025-06-25,5号线,33153.0,138950.44,9347.96,148298.4,55580.3,41839.02,23541.43,120960.74,27337.66,0.97,20319.02,4.19,2,6
2025-06-25,6号线,77910.0,288204.15,16158.17,304362.32,84000.5,112378.06,41539.56,237918.12,,0.985,44567.49,3.7,2,6
2025-06-25,7号线,68692.0,283838.4,41310.17,325148.57,105285.57,75815.86,49146.25,230247.68,94900.89,0.9856,58574.18,4.13,2,6
2025-06-25,8号线,69031.0,300107.08,43578.6,343685.67,96244.82,113410.91,50838.99,260494.73,,0.9801,48059.29,4.35,2,6
2025-06-25,9号线,66994.0,270523.2,,297415.92,114817.34,86124.19,48493.75,249435.28,47980.64,0.9706,44332.31,4.04,2,6
2025-06-25,14号线,53939.0,192508.66,10414.81,202923.46,65642.89,50361.93,34084.14,150088.96,52834.5,0.9764,83975.9,,2,6
2025-06-25,21号线,14740.0,59288.02,6886.17,66174.19,25638.81,18584.17,9498.23,53721.21,12452.97,0.989,27870.03,4.02,2,6
2025-06-26,1号线,,136787.7,,149758.96,35861.92,49621.4,14752.12,100235.45,49523.52,0.9984,47650.96,3.89,3,6
2025-06-26,2号线,10823.0,42704.81,3268.3,45973.11,16909.55,14967.37,5641.39,37518.31,8454.8,0.9681,15825.73,3.95,3,6
2025-06-26,3号线,64374.0,252070.56,33792.59,285863.15,71575.4,104754.92,40203.5,216533.82,69329.33,0.9908,110783.29,3.92,3,6
2025-06-26,4号线,74732.0,282964.88,16266.03,299230.91,84570.3,86268.63,39377.45,210216.38,89014.54,0.9722,42447.55,3.79,3,6
2025-06-26,5号线,67956.0,295465.95,39310.55,334776.51,79785.46,98561.73,47528.11,225875.3,108901.21,0.9804,117357.9,4.35,3,6
2025-06-26,6号线,42612.0,158136.19,17934.04,176070.23,66263.01,,24600.22,139880.35,36189.87,0.9748,50827.45,3.71,3,6
2025-06-26,7号线,63746.0,255372.11,14022.2,269394.3,100756.86,75561.65,27855.37,204173.88,65220.42,0.9788,46118.58,4.01,3,6
2025-06-26,8号线,69146.0,294560.84,21760.34,316321.18,120868.18,114477.09,38363.56,273708.82,42612.36,0.9596,,4.26,3,6
2025-06-26,9号线,31877.0,122989.52,17310.42,140299.94,31385.44,43467.98,14749.23,89602.64,50697.3,0.9589,57145.17,3.86,3,6
2025-06-26,14号线,36339.0,153397.57,17614.27,171011.84,62544.39,,27773.97,136469.44,34542.4,0.9795,65624.65,4.22,3,6
2025-06-26,21号线,11615.0,48375.71,5832.4,54208.1,14379.19,19551.56,8578.58,42509.33,11698.78,0.9985,8538.82,4.16,3,6
2025-06-27,1号线,15386.0,61669.46,3192.72,64862.18,22173.86,16347.61,6535.52,45057.0,19805.19,0.9784,30742.53,4.01,4,6
2025-06-27,2号线,34507.0,140728.64,17936.71,158665.35,42348.3,45244.41,19435.62,107028.32,51637.03,0.9868,18055.78,4.08,4,6
2025-06-27,3号线,55460.0,215770.59,28874.25,244644.84,85060.91,87104.59,26826.35,198991.85,45652.99,0.9647,92104.57,3.89,4,6
2025-06-27,4号线,79454.0,295475.76,20290.15,315765.92,130855.62,99639.43,38621.12,269116.17,46649.75,0.9965,59453.81,3.72,4,6
2025-06-27,5号线,40092.0,179459.74,17580.12,197039.87,,60502.68,21183.06,150356.99,46682.88,0.984,47179.74,4.48,4,6
2025-06-27,6号线,193056.0,272723.99,18903.12,291627.11,84809.06,121805.01,46275.32,252889.4,38737.72,0.9973,102345.32,4.24,4,6
2025-06-27,7号线,26665.0,97513.73,7843.95,105357.68,35831.72,42027.92,18099.95,95959.58,9398.09,,28177.69,3.66,4,6
2025-06-27,8号线,27592.0,113137.42,7587.49,120724.91,35035.93,40754.25,18048.93,,26885.79,0.9884,30392.99,4.1,4,6
2025-06-27,9号线,85162.0,349774.93,51483.57,401258.5,124914.58,104933.62,41452.13,271300.34,129958.16,0.9507,87860.99,4.11,4,6
2025-06-27,14号线,70282.0,270128.29,19880.78,290009.07,84655.16,100602.75,27488.7,212746.61,,0.9816,60695.31,3.84,4,6
2025-06-27,21号线,16436.0,65605.23,4117.4,69722.63,18251.49,23704.46,12931.22,54887.17,14835.46,0.9793,30839.06,3.99,4,6
2025-06-28,1号线,63516.0,251469.38,19293.91,,107361.0,79078.24,32299.24,218738.48,52024.81,0.9532,57404.47,3.96,5,6
2025-06-28,2号线,73088.0,282530.87,28637.08,311167.95,114782.73,100811.41,35809.53,251403.67,59764.28,0.9637,123842.04,3.87,5,6
2025-06-28,3号线,56872.0,215196.15,14712.13,229908.28,63206.93,94027.87,26555.13,,46118.35,0.9714,48386.79,3.78,5,6
2025-06-28,4号线,,68299.77,6085.8,,22536.39,21257.72,10557.31,54351.42,20034.15,0.993,,4.06,5,6
2025-06-28,5号线,57746.0,246858.02,17964.22,264822.23,94530.59,96941.91,40214.58,231687.08,33135.15,0.9961,49394.35,4.27,5,6
2025-06-28,6号线,38442.0,153717.83,20816.73,174534.55,72668.35,48514.43,25179.85,146362.62,28171.93,0.9847,70367.29,4.0,5,6
2025-06-28,7号线,55561.0,201138.47,29315.76,230454.24,80924.32,56102.26,21015.28,158041.86,72412.38,0.9866,75999.84,3.62,5,6
2025-06-28,8号线,25096.0,97719.09,13891.17,111610.26,31161.83,42365.27,17489.08,91016.18,20594.08,0.9667,46997.58,3.89,5,6
2025-06-28,9号线,21813.0,86121.18,8880.41,95001.58,36648.62,25640.76,10823.87,73113.26,21888.33,0.9962,23766.53,3.95,5,6
2025-06-28,14号线,56742.0,242333.23,14253.56,256586.79,84181.61,95935.37,45609.73,225726.71,30860.08,0.9955,,4.27,5,6
2025-06-28,21号线,71492.0,274498.41,32762.11,307260.52,80862.08,85792.65,35014.91,201669.64,105590.89,0.9959,48045.1,3.84,5,6
2025-06-29,1号线,65078.0,269104.84,34499.09,303603.93,85327.59,111591.36,36805.19,233724.15,69879.78,0.9698,115874.21,4.14,6,6
2025-06-29,2号线,65054.0,275281.62,15367.99,290649.61,103907.24,90307.92,28335.22,222550.38,68099.23,0.9855,104446.02,4.23,6,6
2025-06-29,3号线,29598.0,127028.02,11359.38,138387.4,42404.99,49513.05,20012.51,111930.55,26456.84,0.9787,33806.9,4.29,6,6
2025-06-29,4号线,26059.0,112534.36,15585.03,128119.39,38046.38,30997.39,,84442.03,43677.36,0.9969,16023.79,4.32,6,6
2025-06-29,5号线,21554.0,82260.34,11042.88,93303.22,27962.48,30262.85,14780.31,73005.65,20297.57,0.9574,12314.26,3.82,6,6
2025-06-29,6号线,56082.0,215309.77,14145.39,229455.16,77769.94,67207.45,31264.63,176242.02,53213.14,0.9591,31825.99,3.84,6,6
2025-06-29,7号线,48732.0,187902.94,18402.32,206305.26,58772.33,,32667.86,152428.5,53876.76,0.9854,26771.71,3.86,6,6
2025-06-29,8号线,12647.0,,6432.29,60186.73,23395.57,16437.34,9361.08,49193.99,10992.74,0.9595,17890.03,4.25,6,6
2025-06-29,9号线,68977.0,274517.19,40288.12,314805.31,101776.13,,36636.45,252560.59,62244.73,0.9699,85663.71,3.98,6,6
2025-06-29,14号线,44147.0,182499.15,25354.43,207853.58,65924.08,75554.36,27845.52,169323.96,38529.62,0.9738,,4.13,6,6
2025-06-29,21号线,15418.0,,7912.06,70131.36,27502.73,20865.73,9040.61,57409.07,12722.28,0.9754,22183.41,4.04,6,6
2025-06-30,1号线,,162323.24,22071.53,184394.77,49129.73,49430.62,24069.86,122630.2,61764.56,0.9601,74744.67,3.67,0,6
2025-06-30,2号线,,274573.13,29449.43,304022.56,103643.18,105281.35,,261400.49,,0.992,111927.9,3.97,0,6
2025-06-30,3号线,44376.0,185916.1,10825.37,196741.47,73414.39,53511.16,26825.06,153750.61,42990.86,0.9999,61140.13,4.19,0,6
2025-06-30,4号线,17566.0,,10733.32,83333.58,26302.66,22434.95,12829.81,61567.42,21766.16,0.9858,32518.04,4.13,0,6
2025-06-30,5号线,45307.0,191052.02,22499.69,213551.71,60145.9,69022.25,20184.92,149353.07,64198.64,0.9841,84618.15,,0,6
2025-06-30,6号线,8905.0,33918.43,2072.57,35991.0,,8918.07,4655.06,26632.7,9358.3,0.9564,9165.11,3.81,0,6
2025-06-30,7号线,59381.0,241138.6,19629.13,260767.74,83802.0,84308.31,,199540.36,,0.9856,77460.31,4.06,0,6
2025-06-30,8号线,28912.0,117228.95,7730.78,124959.73,38936.16,38747.43,16620.26,94303.85,,0.9523,37000.22,4.05,0,6
2025-06-30,9号线,,97129.05,,109995.56,27159.05,38173.66,18049.15,83381.86,26613.7,0.982,,3.96,0,6
2025-06-30,14号线,48235.0,,22083.39,190579.13,55680.56,51981.62,27143.29,134805.47,55773.66,0.9866,41312.64,3.49,0,6
2025-06-30,21号线,62108.0,244336.15,27396.48,271732.62,95179.67,92188.46,36559.95,223928.08,47804.54,0.966,43863.16,3.93,0,6
2025-07-01,1号线,61692.0,250344.04,20501.32,,83600.6,88263.81,29200.93,201065.34,69780.01,0.9507,60068.15,4.06,1,7
2025-07-01,2号线,,258202.79,30524.3,288727.09,96046.57,,46043.64,242887.68,45839.41,0.9785,49716.81,,1,7
2025-07-01,3号线,49160.0,182497.39,25132.79,207630.18,56312.37,77282.58,24270.88,157865.83,49764.35,0.9604,45676.11,3.71,1,7
2025-07-01,4号线,51736.0,207519.64,13020.68,220540.31,,75046.46,29862.97,177844.66,42695.66,0.9865,101427.01,4.01,1,7
2025-07-01,5号线,26687.0,108562.21,10303.97,118866.18,47170.22,34421.08,18137.36,99728.66,19137.52,0.9995,46143.28,,1,7
2025-07-01,6号线,66641.0,242439.38,31180.87,273620.25,82379.29,98066.87,37586.26,218032.42,55587.83,0.9527,90629.8,,1,7
2025-07-01,7号线,12531.0,49107.42,2914.94,52022.37,16875.81,18284.08,6795.13,41955.02,10067.35,0.984,13115.63,3.92,1,7
2025-07-01,8号线,39102.0,151297.77,7950.57,159248.34,61794.38,53064.2,30007.91,144866.49,14381.85,0.9533,20392.75,3.87,1,7
2025-07-01,9号线,31455.0,132991.82,10513.05,,42738.61,37606.05,14587.99,94932.65,48572.22,0.978,21384.02,4.23,1,7
2025-07-01,14号线,39858.0,158893.93,12350.73,171244.66,63503.43,54804.36,29050.31,147358.1,23886.56,,45630.94,3.99,1,7
2025-07-01,21号线,63222.0,231859.66,33374.66,265234.32,78037.15,75064.59,25046.04,178147.78,87086.54,0.9829,80379.28,3.67,1,7
2025-07-02,1号线,21480.0,84520.3,6077.68,90597.98,24473.82,34900.65,14984.45,74358.92,16239.06,0.9846,18613.46,3.93,2,7
2025-07-02,2号线,54419.0,205369.05,12113.06,217482.12,60367.56,65188.59,24781.08,150337.23,67144.89,,45378.77,3.77,2,7
2025-07-02,3号线,54789.0,227952.13,30421.85,258373.98,81766.38,71959.89,33305.02,187031.29,71342.69,0.9979,39539.92,4.16,2,7
2025-07-02,4号线,40259.0,157589.67,18194.93,175784.61,61091.69,,22372.93,144357.66,31426.95,0.974,37483.94,3.91,2,7
2025-07-02,5号线,44730.0,,21977.34,195809.16,51778.34,56319.54,24631.77,132729.65,63079.51,0.9879,44018.99,3.89,2,7
2025-07-02,6号线,67511.0,259139.61,32058.79,291198.4,96450.14,70562.55,31094.27,198106.96,93091.44,0.9543,65529.58,,2,7
2025-07-02,7号线,54371.0,234090.34,20796.77,254887.11,93232.51,64255.64,33522.74,191010.89,63876.22,0.9604,58518.62,4.31,2,7
2025-07-02,8号线,38481.0,161864.8,23159.74,185024.54,52299.83,71079.0,21748.0,145126.83,39897.71,0.965,65263.26,4.21,2,7
2025-07-02,9号线,42961.0,-163975.16,23391.8,187366.97,52625.63,74912.69,29060.11,156598.43,30768.54,0.9572,53952.39,3.82,2,7
2025-07-02,14号线,,271277.0,38324.88,309601.88,103906.06,95249.01,40568.17,239723.24,69878.65,0.9557,123494.19,3.58,2,7
2025-07-02,21号线,72069.0,278877.37,27152.04,306029.41,93517.64,109267.42,31660.94,234445.99,71583.41,0.961,115302.55,3.87,2,7
2025-07-03,1号线,35885.0,144756.37,14973.08,159729.45,44316.18,48849.49,,,38170.23,0.9762,18651.02,,3,7
2025-07-03,2号线,11542.0,46150.6,5520.41,51671.01,15082.77,21113.39,7091.39,43287.55,,0.963,11123.04,4.0,3,7
2025-07-03,3号线,,201975.51,11381.11,,84269.81,63338.63,23501.18,171109.63,42246.99,0.9825,46033.04,4.22,3,7
2025-07-03,4号线,43436.0,160327.01,23246.79,183573.8,66775.42,45119.73,31538.95,143434.1,40139.7,0.9955,35874.58,3.69,3,7
2025-07-03,5号线,63250.0,246090.21,27465.84,273556.05,106886.63,78367.89,42000.07,227254.59,46301.45,0.9952,117911.07,3.89,3,7
2025-07-03,6号线,43349.0,184140.4,19141.67,203282.07,70105.66,69654.31,21428.24,161188.21,42093.87,0.9682,27185.59,4.25,3,7
2025-07-03,7号线,46983.0,201422.18,14946.33,216368.51,69057.43,57994.16,39809.39,166860.98,49507.53,0.9665,54643.17,4.29,3,7
2025-07-03,8号线,17774.0,69780.17,4043.55,73823.72,31265.33,21722.25,12222.32,65209.9,8613.82,0.9975,17661.08,3.93,3,7
2025-07-03,9号线,58146.0,244187.84,19916.29,264104.13,113095.05,80539.07,30889.59,224523.7,39580.43,0.9643,40968.8,4.2,3,7
2025-07-03,14号线,51604.0,213517.29,13944.49,227461.78,92300.35,62906.17,37641.89,192848.41,34613.36,0.9814,62075.69,4.14,3,7
2025-07-03,21号线,,239125.72,16377.66,255503.38,78014.2,91159.87,,204135.68,51367.71,0.9727,106311.76,4.1,3,7
2025-07-04,1号线,71489.0,276597.0,24875.22,301472.23,104011.87,91041.97,29458.67,224512.5,76959.72,0.9713,57215.21,3.87,4,7
2025-07-04,2号线,50096.0,215768.79,22617.23,238386.02,79509.25,77035.61,38188.01,194732.87,43653.14,0.9705,66059.88,4.31,4,7
2025-07-04,3号线,34404.0,147421.32,22103.66,169524.98,54660.88,57540.95,21027.22,133229.05,36295.93,0.9701,55524.26,4.29,4,7
2025-07-04,4号线,37561.0,135160.26,18955.6,154115.86,47664.03,59260.74,17752.09,124676.86,29439.0,0.9759,56670.8,3.6,4,7
2025-07-04,5号线,56039.0,207425.11,20974.01,228399.12,59706.62,78480.17,35524.06,173710.85,54688.27,0.9646,89477.28,3.7,4,7
2025-07-04,6号线,45769.0,185940.96,14352.49,200293.45,77538.85,54401.17,31746.54,163686.56,36606.89,0.9524,32203.36,4.06,4,7
2025-07-04,7号线,53679.0,237390.97,14508.61,251899.58,82686.17,76926.37,47339.88,206952.43,,0.9967,89660.32,4.42,4,7
2025-07-04,8号线,59784.0,228615.94,28568.33,257184.27,79151.15,64366.7,43007.52,186525.37,70658.9,0.9754,43340.8,3.82,4,7
2025-07-04,9号线,76620.0,332978.49,33366.36,366344.86,104450.15,97400.15,,244401.43,121943.43,0.9858,113730.91,4.35,4,7
2025-07-04,14号线,29099.0,118393.92,8125.46,126519.38,,41359.62,20849.26,111516.95,15002.43,0.9874,22795.95,4.07,4,7
2025-07-04,21号线,10869.0,40667.79,5797.0,46464.79,12704.21,18151.78,7067.75,37923.75,8541.04,0.9049,9987.86,3.74,4,7
2025-07-05,1号线,24760.0,90283.8,9011.65,99295.45,32833.31,34039.24,12525.66,79398.2,19897.25,0.8593,34193.06,3.65,5,7
2025-07-05,2号线,81144.0,343593.53,33127.29,376720.81,123080.89,102097.03,43143.1,268321.02,108399.79,0.9974,106682.43,4.23,5,7
2025-07-05,3号线,70855.0,303053.04,44232.21,347285.25,113923.27,94522.35,45052.17,253497.78,93787.46,0.9606,139114.22,4.28,5,7
2025-07-05,4号线,34420.0,143775.41,11646.18,155421.59,54340.44,44557.38,19034.02,117931.85,37489.75,0.9759,51162.76,4.18,5,7
2025-07-05,5号线,104250.0,141886.89,18890.48,160777.37,49297.35,49685.31,19600.8,118583.46,42193.91,0.9754,24768.92,4.08,5,7
2025-07-05,6号线,49212.0,201523.95,13644.33,215168.29,72798.72,76765.4,34899.03,184463.15,30705.14,0.9513,54472.16,4.1,5,7
2025-07-05,7号线,29478.0,118781.48,6291.35,125072.83,43634.41,40100.69,12305.57,96040.66,,0.9786,21974.54,4.03,5,7
2025-07-05,8号线,39212.0,158922.63,,,56232.7,70627.82,23130.84,149991.36,30415.01,0.9983,75308.49,4.05,5,7
2025-07-05,9号线,50196.0,192621.9,11810.79,204432.69,58776.31,80606.86,21025.68,160408.84,44023.84,0.9571,60315.43,3.84,5,7
2025-07-05,14号线,54830.0,224139.4,,245753.95,79213.42,85964.88,33968.77,199147.07,46606.87,0.9665,48746.54,4.09,5,7
2025-07-05,21号线,27345.0,107174.27,5842.17,113016.44,34033.78,37299.03,18240.47,89573.28,23443.16,0.9908,53338.7,3.92,5,7
2025-07-06,1号线,30170.0,117547.84,8252.69,125800.52,39971.86,53044.9,23315.45,116332.21,9468.31,0.9669,49460.38,3.9,6,7
2025-07-06,2号线,39586.0,146331.6,16333.56,162665.16,65944.34,46658.76,27246.46,139849.56,22815.6,0.9945,46754.94,3.7,6,7
2025-07-06,3号线,27270.0,112485.23,16050.63,128535.86,42831.05,35214.04,19740.8,97785.88,30749.98,0.9781,50924.14,4.12,6,7
2025-07-06,4号线,12957.0,,5340.42,56033.34,17484.64,20609.48,5325.85,43419.98,12613.36,0.9886,10704.1,3.91,6,7
2025-07-06,5号线,58243.0,236839.57,29326.91,266166.48,75186.32,109875.88,37670.17,222732.37,43434.11,,112082.39,,6,7
2025-07-06,6号线,27948.0,118267.92,12948.33,131216.25,48747.1,38787.06,,109338.49,21877.76,0.9786,27061.34,4.23,6,7
2025-07-06,7号线,25360.0,,9541.47,107612.3,32721.9,41901.11,17869.93,92492.94,15119.36,0.9872,46393.38,3.87,6,7
2025-07-06,8号线,50574.0,204567.78,25292.55,229860.33,87298.7,59778.39,36356.37,183433.45,46426.88,0.979,77777.61,4.04,6,7
2025-07-06,9号线,40069.0,163662.72,15094.84,178757.56,56509.72,68880.83,23359.28,148749.83,30007.73,,35441.54,4.08,6,7
2025-07-06,14号线,66073.0,258742.58,23925.54,282668.12,97749.74,103914.37,48697.76,250361.87,32306.25,0.9629,124778.55,3.92,6,7
2025-07-06,21号线,,309577.86,37321.57,346899.43,128815.21,98868.26,50090.86,277774.33,69125.1,0.9821,142947.35,,6,7
2025-07-07,1号线,56107.0,220390.09,11904.76,232294.85,74850.97,81250.13,42009.38,198110.48,34184.37,0.9625,107293.66,3.93,0,7
2025-07-07,2号线,74939.0,322765.08,24897.8,,137546.17,114254.45,33278.08,285078.7,62584.18,0.9622,104429.86,4.31,0,7
2025-07-07,3号线,9063.0,37794.37,2015.9,39810.27,14344.3,15497.01,5813.61,35654.91,4155.35,0.9865,8616.36,,0,7
2025-07-07,4号线,61141.0,236594.83,12375.41,248970.24,68701.29,77670.52,34009.89,180381.7,68588.54,0.9545,112041.0,3.87,0,7
2025-07-07,5号线,73488.0,277683.89,20001.22,297685.11,105688.59,97923.75,46362.02,249974.36,47710.74,0.9677,59977.26,3.78,0,7
2025-07-07,6号线,26118.0,100161.42,8074.05,108235.47,38889.5,40047.47,10948.6,89885.57,18349.9,0.9771,24836.66,3.83,0,7
2025-07-07,7号线,34183.0,149431.61,12794.74,162226.34,46362.65,46696.23,22070.57,115129.45,47096.89,0.974,17808.36,4.37,0,7
2025-07-07,8号线,34303.0,141355.97,,154998.08,50929.35,48398.39,,116993.97,38004.11,0.9822,52874.55,4.12,0,7
2025-07-07,9号线,22103.0,86142.48,8244.87,94387.35,24903.86,35308.56,17182.76,77395.18,16992.17,0.9523,19356.76,3.9,0,7
2025-07-07,14号线,55772.0,,24183.08,253321.38,57653.28,86172.48,41632.29,,67863.33,0.9698,52686.12,4.11,0,7
2025-07-07,21号线,47182.0,192979.85,11861.28,204841.13,74115.63,76747.56,36909.89,187773.09,17068.04,0.876,89002.52,4.09,0,7
2025-07-08,1号线,34440.0,136379.33,20059.32,156438.65,41602.86,56072.46,20464.26,118139.58,38299.07,0.9846,30599.74,3.96,1,7
2025-07-08,2号线,45736.0,,20491.23,200771.89,52322.19,69866.15,33368.7,155557.05,,0.9596,51127.54,3.94,1,7
2025-07-08,3号线,40751.0,162453.61,24182.14,186635.74,70319.31,57003.88,22532.55,149855.74,36780.0,0.983,36930.95,3.99,1,7
2025-07-08,4号线,33666.0,140362.54,7026.71,147389.26,59734.1,44500.23,17929.07,122163.4,25225.86,0.9562,35724.94,4.17,1,7
2025-07-08,5号线,59247.0,241554.88,14426.25,255981.13,72504.82,,34540.89,186250.31,69730.81,0.9347,76462.16,4.08,1,7
2025-07-08,6号线,56012.0,228629.14,30804.17,259433.31,,90741.9,37660.65,,47884.26,0.9888,35130.56,4.08,1,7
2025-07-08,7号线,,93419.21,5935.51,99354.71,29837.31,39782.07,15715.79,85335.17,14019.54,0.9861,,4.31,1,7
2025-07-08,8号线,63036.0,282645.86,34965.68,317611.54,107008.07,76456.46,32887.31,216351.84,101259.7,0.9597,124773.75,,1,7
2025-07-08,9号线,46707.0,175167.1,25075.73,200242.83,56023.77,53616.32,17553.16,127193.25,73049.58,0.9667,46318.36,3.75,1,7
2025-07-08,14号线,45069.0,195996.16,23680.18,219676.34,71713.92,82156.97,20098.25,173969.15,45707.19,0.9755,56678.58,4.35,1,7
2025-07-08,21号线,31924.0,122289.87,17979.48,140269.35,45334.03,31673.0,12282.47,89289.51,50979.85,0.9998,48220.61,3.83,1,7
2025-07-09,1号线,48150.0,185520.02,21460.03,206980.05,56893.87,56657.2,20294.4,133845.47,73134.57,0.9985,71457.91,3.85,2,7
2025-07-09,2号线,48235.0,206629.13,12247.81,218876.95,89028.4,63980.23,34766.84,187775.47,31101.48,0.9696,93247.57,4.28,2,7
2025-07-09,3号线,48309.0,193603.96,27566.24,221170.2,65625.47,58878.22,35407.5,159911.19,61259.01,0.9948,,4.01,2,7
2025-07-09,4号线,19864.0,77547.63,9005.98,86553.61,28938.97,26540.69,9809.63,65289.29,21264.32,0.9828,37462.16,3.9,2,7
2025-07-09,5号线,45932.0,182620.81,26873.98,209494.79,62076.78,65875.33,24612.44,152564.55,56930.24,0.9589,91532.0,3.98,2,7
2025-07-09,6号线,40267.0,171356.51,21349.22,192705.72,56849.48,56841.78,29874.05,143565.31,49140.42,0.9539,67774.36,4.26,2,7
2025-07-09,7号线,86331.0,353618.36,22999.28,376617.63,125621.86,137433.95,,330134.9,46482.73,0.9649,137097.92,4.1,2,7
2025-07-09,8号线,59335.0,235844.24,25948.04,261792.28,75255.03,90626.91,35907.65,201789.59,60002.69,0.9777,113506.33,3.97,2,7
2025-07-09,9号线,63372.0,258379.99,28563.0,286942.99,110388.75,93136.92,40031.98,243557.64,43385.34,0.9849,81761.79,4.08,2,7
2025-07-09,14号线,37983.0,142903.55,16785.37,159688.92,36130.2,51101.31,,102981.13,56707.8,0.961,36316.58,3.76,2,7
2025-07-09,21号线,40925.0,159149.55,8733.25,167882.8,64686.32,,31030.34,146855.51,21027.29,0.963,65224.22,,2,7
2025-07-10,1号线,55407.0,219764.05,16960.96,236725.01,90431.31,65306.39,40193.94,195931.64,40793.37,0.996,92354.53,3.97,3,7
2025-07-10,2号线,65715.0,287601.9,35424.49,323026.39,114786.2,87920.79,44913.73,247620.73,75405.66,0.9782,69700.87,4.38,3,7
2025-07-10,3号线,49030.0,201751.67,,213219.45,82165.99,61731.86,35328.19,179226.05,33993.4,,26131.72,4.11,3,7
2025-07-10,4号线,17721.0,68565.04,8192.72,76757.77,24980.88,26010.23,7691.97,58683.09,18074.68,0.9767,17795.11,,3,7
2025-07-10,5号线,30697.0,115935.18,15646.93,131582.11,38922.01,31563.65,15817.32,86302.98,45279.12,0.9707,24400.11,3.78,3,7
2025-07-10,6号线,24465.0,104446.44,11109.54,115555.97,36295.27,30265.63,13912.09,80472.99,35082.98,0.9763,17331.47,4.27,3,7
2025-07-10,7号线,81367.0,333370.57,37644.84,371015.4,120503.63,80694.27,51241.53,252439.43,118575.98,0.9929,48474.1,4.1,3,7
2025-07-10,8号线,41721.0,170775.72,16449.87,187225.59,49967.71,66405.45,22536.75,138909.91,48315.68,0.9929,23235.5,4.09,3,7
2025-07-10,9号线,27339.0,104002.9,6713.21,110716.11,48471.34,34668.31,12203.26,95342.91,15373.2,0.9516,44495.83,3.8,3,7
2025-07-10,14号线,45970.0,178449.66,13043.94,191493.6,80397.49,61403.3,22958.37,164759.16,26734.44,0.9711,53572.78,3.88,3,7
2025-07-10,21号线,10255.0,39923.01,4388.33,44311.34,14379.75,12899.57,7846.83,35126.15,9185.19,0.9885,14896.17,,3,7
2025-07-11,1号线,60898.0,245037.97,21151.1,266189.08,68775.07,89760.99,48516.82,,59136.21,0.9863,38055.55,4.02,4,7
2025-07-11,2号线,41981.0,,21365.08,196362.02,80549.45,53827.32,30841.8,165218.57,31143.45,0.9868,55713.27,4.17,4,7
2025-07-11,3号线,16156.0,,6826.31,70000.73,20366.75,29887.94,11266.67,61521.36,8479.38,0.9589,9425.57,3.91,4,7
2025-07-11,4号线,21455.0,-81694.89,6392.03,88086.92,,21516.0,13381.71,63796.31,24290.61,0.9747,12771.84,3.81,4,7
2025-07-11,5号线,16101.0,67205.92,8854.59,76060.51,20746.8,22840.56,10106.56,53693.93,22366.58,0.9716,22556.58,4.17,4,7
2025-07-11,6号线,74662.0,306846.51,35292.37,342138.88,102224.91,130141.61,36546.81,268913.32,73225.56,0.9839,149014.35,4.11,4,7
2025-07-11,7号线,12055.0,46616.36,6619.76,53236.12,17532.06,12580.89,6016.78,36129.72,17106.4,0.9532,11327.81,3.87,4,7
2025-07-11,8号线,38821.0,147750.31,19036.83,,54397.89,42282.52,14995.61,111676.02,55111.13,0.9576,27828.5,3.81,4,7
2025-07-11,9号线,53655.0,196962.81,24643.82,221606.63,,75992.94,,157188.01,64418.62,0.9781,93791.93,3.67,4,7
2025-07-11,14号线,66250.0,226095.34,31543.63,257638.96,86129.8,68327.43,32771.09,187228.32,70410.65,0.9805,132093.22,3.41,4,7
2025-07-11,21号线,9518.0,-41288.92,4745.82,46034.74,13213.89,16244.18,,34541.06,11493.68,0.9739,7295.57,4.34,4,7
2025-07-12,1号线,87802.0,352575.35,18263.99,370839.34,96342.04,133715.9,,271391.61,99447.73,0.9539,162022.69,4.02,5,7
2025-07-12,2号线,11954.0,48345.8,3020.89,51366.69,,17150.49,9071.65,43287.61,8079.08,0.9504,13925.05,,5,7
2025-07-12,3号线,44723.0,161759.8,17769.09,,55268.85,73986.4,31529.86,160785.11,18743.78,0.9682,80940.47,3.62,5,7
2025-07-12,4号线,50258.0,204523.56,13558.61,218082.17,63837.02,79898.23,32337.39,176072.65,42009.52,0.9715,95099.08,4.07,5,7
2025-07-12,5号线,21845.0,81069.72,7235.03,88304.75,30134.19,28613.13,11674.31,70421.63,17883.12,0.9539,11722.5,3.71,5,7
2025-07-12,6号线,44551.0,176578.7,19727.81,196306.5,58984.3,58840.54,29702.0,147526.84,48779.66,0.9854,81721.35,3.96,5,7
2025-07-12,7号线,80656.0,298198.52,15872.92,314071.44,115719.25,120839.52,40900.38,277459.14,36612.3,0.99,128477.0,,5,7
2025-07-12,8号线,20102.0,78769.04,9024.52,87793.56,31529.59,21079.34,8851.21,61460.15,26333.42,0.964,39355.1,3.92,5,7
2025-07-12,9号线,29620.0,113238.64,12011.05,125249.7,50184.36,35962.48,16224.75,102371.6,22878.1,0.9604,30058.1,3.82,5,7
2025-07-12,14号线,43685.0,165338.41,14424.31,179762.72,61672.73,70573.06,27322.75,159568.55,20194.17,0.9936,52794.98,3.78,5,7
2025-07-12,21号线,62030.0,252570.55,29832.47,282403.02,108380.5,93640.55,40152.47,242173.52,40229.49,0.9505,51507.88,4.07,5,7
2025-07-13,1号线,37195.0,148262.93,10402.42,158665.35,39219.28,56255.28,25087.09,120561.65,38103.7,0.9759,61070.42,3.99,6,7
2025-07-13,2号线,11624.0,48597.12,3208.64,51805.76,14609.79,15486.23,5198.98,35295.0,16510.76,0.9723,15602.94,4.18,6,7
2025-07-13,3号线,61832.0,236553.81,17310.92,253864.73,70193.79,74261.57,26814.06,171269.42,82595.31,0.9566,99360.18,3.83,6,7
2025-07-13,4号线,52188.0,210794.02,17946.14,228740.16,66903.39,90987.73,28204.16,186095.27,42644.89,0.9593,,4.04,6,7
2025-07-13,5号线,19113.0,72130.05,9822.78,81952.83,23676.11,30029.7,14207.96,67913.77,14039.06,0.9645,29151.32,3.77,6,7
2025-07-13,6号线,25543.0,95324.51,6919.25,102243.76,31875.04,26742.28,12850.59,71467.91,30775.85,0.9876,32514.79,3.73,6,7
2025-07-13,7号线,83936.0,321062.5,39778.89,360841.4,95977.05,117148.72,42809.4,255935.17,104906.22,0.9781,109683.16,3.83,6,7
2025-07-13,8号线,,252908.88,30182.07,283090.95,76515.69,97030.05,43658.21,217203.94,65887.01,0.9773,98058.74,4.0,6,7
2025-07-13,9号线,19639.0,80022.87,6155.81,86178.68,26007.24,24601.49,8829.25,59437.98,26740.7,0.965,18815.87,4.07,6,7
2025-07-13,14号线,41126.0,170887.47,21795.24,192682.71,65530.39,,30732.34,160504.03,32178.68,0.9905,32043.36,4.16,6,7
2025-07-13,21号线,12553.0,47701.05,4367.52,52068.57,14771.54,20395.93,7882.65,,9018.45,0.9754,13939.58,3.8,6,7
2025-07-14,1号线,54620.0,227008.78,31259.81,258268.59,71182.96,78880.24,25051.19,175114.39,83154.2,0.995,60745.69,,0,7
2025-07-14,2号线,61647.0,249802.35,29755.89,279558.24,73883.64,90843.49,37029.74,201756.87,77801.37,0.9842,72318.78,4.05,0,7
2025-07-14,3号线,74726.0,292191.66,37376.6,329568.27,97875.31,98703.56,40127.53,236706.4,92861.87,0.9795,64336.64,3.91,0,7
2025-07-14,4号线,28099.0,110936.66,12915.45,123852.11,44585.9,41232.73,18569.67,104388.3,,0.9714,43380.42,,0,7
2025-07-14,5号线,35388.0,,13184.58,144632.14,50667.4,52472.64,14406.8,117546.84,27085.29,0.9918,37899.46,3.71,0,7
2025-07-14,6号线,25945.0,103671.4,7942.76,111614.17,26808.26,36137.79,17217.23,80163.28,31450.89,0.9653,38923.68,4.0,0,7
2025-07-14,7号线,22837.0,93006.42,5359.2,98365.62,32216.13,30874.49,,76709.25,,,27390.36,4.07,0,7
2025-07-14,8号线,45474.0,179893.24,,205370.6,48043.4,60766.56,32821.07,141631.03,,0.9639,56404.41,3.96,0,7
2025-07-14,9号线,52836.0,200149.74,25372.49,225522.23,66729.97,58423.3,21077.22,146230.49,79291.73,0.9734,65839.84,3.79,0,7
2025-07-14,14号线,52294.0,215744.84,23607.79,239352.63,66482.46,81187.34,32072.5,179742.31,,0.9699,32581.22,4.13,0,7
2025-07-14,21号线,16908.0,67236.17,8129.77,75365.94,29535.13,20170.7,12765.84,62471.67,12894.27,0.9982,12465.5,3.98,0,7
2025-07-15,1号线,47923.0,,22322.8,216637.09,57800.38,67028.81,29565.73,154394.91,62242.18,0.9988,88439.25,4.05,1,7
2025-07-15,2号线,40100.0,148585.37,18750.92,167336.29,47721.28,,16349.14,117225.31,,0.9963,21519.54,3.71,1,7
2025-07-15,3号线,,183369.33,21741.71,205111.04,69071.58,49811.81,29138.08,148021.48,57089.56,0.9727,63069.34,3.95,1,7
2025-07-15,4号线,18648.0,69661.15,6619.13,76280.28,28208.07,22611.18,13225.75,64045.0,12235.28,0.9578,24003.65,3.74,1,7
2025-07-15,5号线,113460.0,159038.15,11434.81,170472.96,47641.78,67584.79,18895.94,,36350.45,0.9753,32422.28,4.21,1,7
2025-07-15,6号线,25683.0,109128.91,6267.26,115396.16,35655.66,30472.33,21663.13,87791.11,27605.05,0.9625,38901.72,4.25,1,7
2025-07-15,7号线,70210.0,273431.48,,312762.46,96055.59,95259.36,,229501.8,,0.9836,62616.88,3.89,1,7
2025-07-15,8号线,10815.0,44296.84,4623.66,48920.5,20147.01,,5630.62,39532.21,9388.29,0.958,13695.35,4.1,1,7
2025-07-15,9号线,30231.0,112841.09,10985.05,123826.13,47747.04,37960.38,15231.33,100938.75,22887.38,0.9609,41835.15,3.73,1,7
2025-07-15,14号线,32279.0,132117.14,,139444.04,41412.72,57927.63,20915.37,120255.72,19188.33,0.9572,32087.17,4.09,1,7
2025-07-15,21号线,55430.0,231838.74,34649.82,266488.56,101171.29,81219.14,28030.96,210421.39,56067.18,0.9681,,4.18,1,7
2025-07-16,1号线,77481.0,323454.59,30210.66,353665.25,90154.85,109247.26,43849.07,,110414.08,0.9569,81322.13,4.17,2,7
2025-07-16,2号线,,92087.56,9224.64,101312.2,33432.69,23719.66,10696.35,67848.7,33463.5,0.9913,22176.56,4.02,2,7
2025-07-16,3号线,,263724.8,35059.69,298784.49,92883.55,67628.21,47490.61,208002.36,90782.14,0.9562,84351.31,3.92,2,7
2025-07-16,4号线,42440.0,190653.16,24857.06,215510.22,,48852.42,33159.74,,62435.28,0.9669,33459.44,4.49,2,7
2025-07-16,5号线,67142.0,,15589.97,278755.62,81482.27,80942.44,33517.6,195942.31,82813.32,0.9587,51176.43,3.92,2,7
2025-07-16,6号线,60409.0,,,243348.46,96732.51,67064.31,23321.71,187118.53,56229.93,0.9954,116302.58,3.63,2,7
2025-07-16,7号线,38103.0,145762.94,17722.87,163485.81,62262.59,48442.03,18179.64,128884.26,,0.9584,24307.69,3.83,2,7
2025-07-16,8号线,23441.0,92812.72,6788.48,99601.2,34737.61,27975.97,15709.65,78423.23,21177.97,0.972,36417.01,3.96,2,7
2025-07-16,9号线,23245.0,94436.24,9652.18,104088.42,28298.0,36188.74,14185.53,78672.28,25416.14,0.9951,17330.51,4.06,2,7
2025-07-16,14号线,60334.0,245911.12,21206.55,267117.68,71077.44,82990.11,,201287.0,,0.9802,45428.74,4.08,2,7
2025-07-16,21号线,16931.0,,6489.13,73557.47,26314.8,19856.16,12675.65,58846.61,14710.86,0.967,,3.96,2,7
2025-07-17,1号线,32736.0,134930.85,17642.98,152573.83,39535.04,50668.07,22720.29,112923.4,39650.43,0.9529,16681.96,4.12,3,7
2025-07-17,2号线,54213.0,214642.72,26401.02,241043.74,64581.48,83235.24,25161.81,,68065.21,0.9832,66309.76,3.96,3,7
2025-07-17,3号线,79747.0,338993.0,24645.5,363638.5,131042.96,115137.78,59564.33,305745.07,57893.43,0.9535,64053.9,4.25,3,7
2025-07-17,4号线,76777.0,312787.05,25643.41,338430.46,94359.45,108433.76,41527.33,244320.55,94109.91,0.9765,,4.07,3,7
2025-07-17,5号线,63236.0,238282.4,25371.56,263653.96,71095.85,,31034.37,198302.77,65351.19,0.9856,52154.14,3.77,3,7
2025-07-17,6号线,43895.0,168911.02,9493.22,178404.24,71629.7,53681.26,21777.22,,31316.06,,55926.3,3.85,3,7
2025-07-17,7号线,59249.0,246498.94,32123.55,278622.48,,87523.74,49170.61,235948.66,42673.82,0.9953,116113.21,4.16,3,7
2025-07-17,8号线,35366.0,154888.0,19717.74,174605.74,64641.2,46049.8,27037.46,137728.47,36877.27,0.9647,51616.55,4.38,3,7
2025-07-17,9号线,24532.0,96843.56,12582.73,109426.29,33509.47,,16375.45,83573.78,,0.9707,41200.04,3.95,3,7
2025-07-17,14号线,57532.0,252342.93,14742.21,267085.14,82604.28,80975.66,45324.59,208904.53,58180.61,0.9534,72168.19,4.39,3,7
2025-07-17,21号线,37522.0,156550.02,17716.61,174266.63,60154.75,56562.42,22066.65,138783.81,35482.82,0.9799,72074.95,4.17,3,7
2025-07-18,1号线,57800.0,245448.21,28919.94,274368.14,98986.75,72599.67,39336.38,210922.8,63445.35,0.9788,100394.18,4.25,4,7
2025-07-18,2号线,88558.0,354117.55,29426.32,383543.88,124395.59,128226.91,56231.82,308854.32,74689.55,0.9679,136710.77,4.0,4,7
2025-07-18,3号线,28121.0,115429.31,13797.36,129226.67,34481.43,48780.55,13686.7,96948.68,32277.99,0.9834,27149.85,4.1,4,7
2025-07-18,4号线,56737.0,215045.25,21953.21,236998.46,89327.85,60680.18,40976.03,190984.06,46014.4,0.9799,103048.18,3.79,4,7
2025-07-18,5号线,79220.0,296178.33,32613.07,328791.4,127793.26,90670.08,48928.39,267391.73,61399.67,0.9747,144654.83,3.74,4,7
2025-07-18,6号线,61426.0,228605.94,,240392.45,108263.87,73399.05,42570.59,224233.51,16158.93,0.9848,96378.31,3.72,4,7
2025-07-18,7号线,21017.0,84667.49,7339.06,92006.56,28278.77,33947.47,15095.4,77321.64,14684.92,0.9904,24893.57,4.03,4,7
2025-07-18,8号线,85886.0,353571.49,19701.94,373273.43,125590.73,116941.01,69925.13,312456.87,60816.56,0.9518,71874.15,4.12,4,7
2025-07-18,9号线,,65768.55,5702.34,71470.89,25690.44,19236.01,12418.16,57344.61,14126.28,0.9766,10914.16,4.31,4,7
2025-07-18,14号线,53816.0,233667.87,16945.51,250613.38,68255.62,73155.56,34612.22,176023.41,74589.98,0.9885,46439.41,,4,7
2025-07-18,21号线,26582.0,111218.59,12636.04,123854.64,39838.02,38685.65,,99669.28,24185.35,0.9618,48314.54,4.18,4,7
2025-07-19,1号线,60637.0,234827.48,,254680.82,81096.08,62024.15,29135.34,172255.57,82425.25,0.9877,70288.19,3.87,5,7
2025-07-19,2号线,69781.0,,38545.25,329690.76,,119962.56,34518.64,247232.8,,0.9619,122553.5,4.17,5,7
2025-07-19,3号线,16130.0,61384.83,6899.78,68284.6,27124.11,,11531.21,57859.14,10425.46,0.9576,12411.46,3.81,5,7
2025-07-19,4号线,17845.0,76176.1,5587.61,81763.71,27744.73,21658.08,11622.55,61025.36,20738.34,0.9917,19137.22,4.27,5,7
2025-07-19,5号线,31849.0,133725.63,13512.0,147237.63,41452.51,45589.04,24894.85,111936.4,35301.23,0.985,44293.83,4.2,5,7
2025-07-19,6号线,86875.0,352768.95,36416.23,389185.17,105599.31,147474.2,46906.97,299980.48,89204.7,0.9883,129636.04,4.06,5,7
2025-07-19,7号线,66642.0,254524.0,13420.74,267944.74,75742.86,94070.37,46915.38,216728.61,51216.12,0.982,55997.32,3.82,5,7
2025-07-19,8号线,46459.0,171400.66,22520.61,193921.27,66208.91,65241.53,30355.18,161805.63,32115.64,0.9663,34147.75,3.69,5,7
2025-07-19,9号线,84823.0,341466.44,27088.35,368554.79,111728.27,98694.23,62955.91,273378.4,95176.39,0.9805,133673.2,4.03,5,7
2025-07-19,14号线,37018.0,,12446.61,162229.2,58739.16,58595.44,26389.37,143723.98,18505.23,,38319.18,4.05,5,7
2025-07-19,21号线,24767.0,103745.61,9504.55,113250.16,34983.17,34898.08,16769.79,86651.04,26599.12,0.9734,19478.12,4.19,5,7
2025-07-20,1号线,32951.0,128582.86,9238.3,137821.16,49028.16,43437.04,20689.83,113155.04,24666.12,0.9679,56083.28,3.9,6,7
2025-07-20,2号线,35687.0,138902.53,,148691.54,54891.08,39234.02,21721.84,115846.94,32844.6,0.9573,56608.09,3.89,6,7
2025-07-20,3号线,51751.0,219183.94,22580.75,241764.69,62302.87,,42670.01,179123.88,62640.81,0.9635,72591.89,4.24,6,7
2025-07-20,4号线,17039.0,66883.68,6027.93,72911.61,18253.54,23405.98,10711.36,52370.87,20540.74,0.997,28496.28,3.93,6,7
2025-07-20,5号线,,54450.04,2736.23,57186.27,20359.49,22501.53,8231.73,51092.76,6093.51,0.9708,23565.29,3.89,6,7
2025-07-20,6号线,77711.0,279449.9,22589.48,302039.39,112968.78,87211.84,51874.18,252054.8,49984.59,0.965,73257.31,3.6,6,7
2025-07-20,7号线,59091.0,229692.43,18663.86,248356.29,,81224.53,42423.42,210089.69,38266.6,0.9699,35424.37,3.89,6,7
2025-07-20,8号线,44473.0,176414.63,19812.62,196227.24,65986.55,54569.58,32440.03,152996.17,43231.08,,69551.02,3.97,6,7
2025-07-20,9号线,78029.0,290795.21,33721.23,324516.44,84376.14,96678.61,39589.87,220644.62,103871.82,0.9622,123427.07,3.73,6,7
2025-07-20,14号线,12320.0,50581.66,7036.43,57618.09,17819.68,20561.06,9854.13,48234.87,9383.22,0.9904,17157.76,4.11,6,7
2025-07-20,21号线,18439.0,79379.4,10744.25,,26735.58,27458.78,12966.85,67161.21,22962.44,0.9547,27282.83,4.3,6,7
2025-07-21,1号线,27872.0,116130.08,6423.73,,39030.88,50015.53,13538.79,102585.21,19968.6,0.9641,41968.83,4.17,0,7
2025-07-21,2号线,59680.0,241939.72,34401.31,276341.03,87094.8,65191.86,36504.38,188791.04,87549.99,0.9825,90338.95,4.05,0,7
2025-07-21,3号线,56979.0,231959.54,21863.05,253822.59,82976.39,81424.41,32151.17,196551.98,57270.61,0.968,33912.44,4.07,0,7
2025-07-21,4号线,11078.0,43115.73,2740.6,45856.33,16000.66,17554.53,6392.81,39948.0,5908.33,0.96,6403.58,3.89,0,7
2025-07-21,5号线,80476.0,342721.96,28922.1,371644.06,140665.78,106528.97,41146.65,288341.4,83302.66,0.9929,98626.16,4.26,0,7
2025-07-21,6号线,21415.0,80213.91,5852.77,86066.68,35785.15,24401.03,14318.15,74504.33,11562.34,0.9534,29836.58,3.75,0,7
2025-07-21,7号线,53453.0,204707.37,24470.89,229178.26,83424.85,57925.88,38894.68,180245.41,48932.84,0.952,104787.61,3.83,0,7
2025-07-21,8号线,36479.0,148322.78,15148.01,163470.79,47715.0,48830.6,15263.28,111808.87,51661.92,0.9937,59241.29,4.07,0,7
2025-07-21,9号线,24772.0,98946.13,12522.51,111468.64,42063.11,,11205.22,85813.02,25655.61,0.9988,49005.67,,0,7
2025-07-21,14号线,61094.0,239633.97,28994.63,268628.61,68828.78,89135.28,32467.63,190431.69,78196.92,0.9693,72578.48,3.92,0,7
2025-07-21,21号线,24956.0,-101485.93,8789.09,110275.03,26721.58,40034.92,15513.22,82269.72,28005.3,0.9908,13842.08,4.07,0,7
2025-07-22,1号线,59570.0,271081.98,24651.63,295733.6,91547.94,73533.8,42341.76,207423.5,88310.1,0.9842,38846.32,4.55,1,7
2025-07-22,2号线,11786.0,46250.02,6500.48,52750.51,16223.74,17002.51,5988.93,39215.18,13535.33,0.9794,8314.57,3.92,1,7
2025-07-22,3号线,61382.0,238333.05,28222.55,266555.61,68804.53,99466.42,36244.88,204515.83,62039.78,,73024.55,3.88,1,7
2025-07-22,4号线,17842.0,73557.34,,80561.27,,20759.94,9001.4,58080.78,22480.49,0.9687,31947.01,4.12,1,7
2025-07-22,5号线,37062.0,149069.89,8730.2,157800.09,45344.51,58721.98,25066.96,129133.45,28666.64,0.9747,72219.03,4.02,1,7
2025-07-22,6号线,50706.0,203377.32,23884.57,227261.88,64865.68,82846.29,39114.61,186826.58,40435.3,0.9626,55123.01,4.01,1,7
2025-07-22,7号线,45488.0,,22034.02,216753.42,65387.72,,37096.81,173426.35,43327.06,0.9647,89498.11,4.28,1,7
2025-07-22,8号线,86473.0,352863.71,24881.63,377745.34,122189.22,96134.46,45017.25,263340.93,114404.41,0.954,92424.08,4.08,1,7
2025-07-22,9号线,25850.0,105823.57,9431.19,115254.76,45285.23,30919.3,,88208.83,27045.92,0.9934,16539.27,4.09,1,7
2025-07-22,14号线,17247.0,67384.72,5592.9,,22674.41,18854.94,7010.7,48540.06,24437.57,0.9709,,3.91,1,7
2025-07-22,21号线,84721.0,323751.5,31948.75,355700.25,110983.57,135787.45,36862.39,283633.42,72066.83,0.9867,110742.67,3.82,1,7
